OriginalPesticideRowID,CompanyName,CompanyRegistrationNumber,StreetName,StreetBuildingIdentifier,FloorIdentifier,PostCodeIdentifier,City,AcreageSize,AcreageUnit,Name,Code,PesticideName,PesticideRegistrationNumber,DosageQuantity,DosageUnit,NoPesticides
79331,JENS ERIK NIELSEN,10057604.0,Stendalsvej,14,,9520.0,Skørping,7.06,2.0,Juletræer og pyntegrønt,583.0,Roundup Bio,48-16,13.49,4.0,false
145543,JENS ERIK NIELSEN,10057604.0,Stendalsvej,14,,9520.0,Skørping,7.06,2.0,Juletræer og pyntegrønt,583.0,Mavrik,396-82,0.802,4.0,false
259817,JENS ERIK NIELSEN,10057604.0,Stendalsvej,14,,9520.0,Skørping,7.06,2.0,Juletræer og pyntegrønt,583.0,SweDane MCPA 750,49-68,1.0,4.0,false
311543,JENS ERIK NIELSEN,10057604.0,Stendalsvej,14,,9520.0,Skørping,7.06,2.0,Juletræer og pyntegrønt,583.0,Legacy 500 SC,396-26,0.268,4.0,false
342392,GARTNER BJARNE PEDERSEN,10116538.0,Stolligvej,59,,6200.0,Aabenraa,,,,,,,,,true
342950,Fladmosevej 12 v/ Jørgen Oluf Stougaard,10119731.0,Fladmosevej,12,,5620.0,Glamsbjerg,,,,,,,,,true
20566,Niels Jørgen Petersen,10133793.0,Nordmarken,4,,5750.0,Ringe,0.4053,2.0,Potteplanter,545.0,Prestop,575-4,6.95,2.0,false
22565,Niels Jørgen Petersen,10133793.0,Nordmarken,4,,5750.0,Ringe,1.0,2.0,Potteplanter,545.0,Spruzit Neu,364-67,6.034,4.0,false
126199,Niels Jørgen Petersen,10133793.0,Nordmarken,4,,5750.0,Ringe,0.429,2.0,Potteplanter,545.0,Aliette WG 80,18-407,1.27,2.0,false
130175,Niels Jørgen Petersen,10133793.0,Nordmarken,4,,5750.0,Ringe,1.4899,2.0,Potteplanter,545.0,Geoxe 50 WG,1-227,0.741,2.0,false
154801,Niels Jørgen Petersen,10133793.0,Nordmarken,4,,5750.0,Ringe,1.25,2.0,Øvrige afgrøder,900.0,Roundup Bio,48-16,3.75,4.0,false
191143,Niels Jørgen Petersen,10133793.0,Nordmarken,4,,5750.0,Ringe,0.158,2.0,Potteplanter,545.0,Movento SC 100,18-549,0.159,4.0,false
191312,Niels Jørgen Petersen,10133793.0,Nordmarken,4,,5750.0,Ringe,1.6847,2.0,Potteplanter,545.0,Mospilan SG,561-3,0.78,2.0,false
222303,Niels Jørgen Petersen,10133793.0,Nordmarken,4,,5750.0,Ringe,0.0867,2.0,Potteplanter,545.0,Signum,19-151,0.08,2.0,false
235127,Niels Jørgen Petersen,10133793.0,Nordmarken,4,,5750.0,Ringe,1.0103,2.0,Potteplanter,545.0,Gnatrol SC,526-14,42.6,4.0,false
240365,Niels Jørgen Petersen,10133793.0,Nordmarken,4,,5750.0,Ringe,0.6935,2.0,Potteplanter,545.0,NeemAzal-T/S,643-1,2.1,4.0,false
243552,Niels Jørgen Petersen,10133793.0,Nordmarken,4,,5750.0,Ringe,0.4586,2.0,Potteplanter,545.0,Rizolex 50 FW,526-3,2.473,4.0,false
275196,Niels Jørgen Petersen,10133793.0,Nordmarken,4,,5750.0,Ringe,0.0815,2.0,Potteplanter,545.0,Switch 62.5 WG,1-201,0.075,2.0,false
290730,Niels Jørgen Petersen,10133793.0,Nordmarken,4,,5750.0,Ringe,0.7062,2.0,Potteplanter,545.0,Previcur Energy,18-544,2.36,4.0,false
291629,Niels Jørgen Petersen,10133793.0,Nordmarken,4,,5750.0,Ringe,0.012,2.0,Potteplanter,545.0,Asperello,1038-1,0.06,2.0,false
300207,Niels Jørgen Petersen,10133793.0,Nordmarken,4,,5750.0,Ringe,0.015,2.0,Potteplanter,545.0,Botanigard WP,784-1,0.02,2.0,false
336412,Niels Jørgen Petersen,10133793.0,Nordmarken,4,,5750.0,Ringe,1.1332,2.0,Potteplanter,545.0,Serenade ASO,18-581,14.22,4.0,false
339722,Niels Jørgen Petersen,10133793.0,Nordmarken,4,,5750.0,Ringe,0.3347,2.0,Potteplanter,545.0,Trianum-P,677-3,2.268,2.0,false
344031,Jens Christian Steffensen,10171113.0,Bejstrupvej,152,,9690.0,Fjerritslev,,,,,,,,,true
259209,BASTA PLANTER V/THOMAS BERTHELSEN,10179033.0,Ravnebjergvej,6,,3450.0,Allerød,0.6,2.0,"Planteskolekulturer, stauder",547.0,Barclay Gallup Super 360,357-4,1.92,4.0,false
11072,ARNE ANDERSEN,10208408.0,Torvet,6,,7860.0,Spøttrup,0.14,2.0,Potteplanter,545.0,Amistar,1-172,0.00014,2.0,false
192456,ARNE ANDERSEN,10208408.0,Torvet,6,,7860.0,Spøttrup,0.14,2.0,Potteplanter,545.0,Mospilan SG,561-3,2.8e-05,2.0,false
242150,ARNE ANDERSEN,10208408.0,Torvet,6,,7860.0,Spøttrup,0.06,2.0,Potteplanter,545.0,Kompakt 5 C,49-94,1.2e-05,2.0,false
342526,GÅRDEJER HANS HENRIK HANSEN,10220408.0,Astrupvej,34,,8560.0,Kolind,,,,,,,,,true
344334,EJVIND NIELSEN,10263786.0,Sønderbyvej,4,,6900.0,Skjern,,,,,,,,,true
1816,JESPERHUS RESORT ApS,10268893.0,Legindvej,13,,7900.0,Nykøbing M,2.1,2.0,Øvrige afgrøder,900.0,Pistol ukrudtsmiddel,19-241,5.0,4.0,false
66867,JESPERHUS RESORT ApS,10268893.0,Legindvej,13,,7900.0,Nykøbing M,0.1,2.0,Øvrige afgrøder,900.0,Amistar,1-172,1.0,4.0,false
113995,JESPERHUS RESORT ApS,10268893.0,Legindvej,13,,7900.0,Nykøbing M,0.1,2.0,Øvrige afgrøder,900.0,Topsin WG,561-5,0.1,2.0,false
344595,STEEN ANDERSEN,10273188.0,Bjerlev Hedevej,19,,7300.0,Jelling,,,,,,,,,true
342649,HENRY KRISTENSEN,10273242.0,Gludstedvej,34,,7361.0,Ejstrupholm,,,,,,,,,true
344720,HANS JØRGEN CLAUSEN GÅRDEJER,10296714.0,Østkystvejen,54,,6440.0,Augustenborg,,,,,,,,,true
110076,OLE LUNDAGER,10312493.0,Albækvej,6,,7480.0,Vildbjerg,0.15,2.0,"Småplanter, en-årige",548.0,Medax Top,19-201,0.0024,4.0,false
127479,OLE LUNDAGER,10312493.0,Albækvej,6,,7480.0,Vildbjerg,1.1,2.0,Centnergræskar,553.0,Barclay Gallup Super 360,357-4,2.5,4.0,false
220643,OLE LUNDAGER,10312493.0,Albækvej,6,,7480.0,Vildbjerg,0.01,2.0,Krydderurter (undtagen persille og purløg),432.0,Pirimor 500 WG,396-78,0.02,2.0,false
230952,OLE LUNDAGER,10312493.0,Albækvej,6,,7480.0,Vildbjerg,0.14,2.0,"Småplanter, en-årige",548.0,Cerone,18-414,0.0014,4.0,false
342408,BO ELGAARD,10327296.0,Dølbyvej,166,,7800.0,Skive,,,,,,,,,true
343854,PETER T RASMUSSEN FOLDBJERGGÅRD,10347939.0,Stegvej,2,,6430.0,Nordborg,,,,,,,,,true
78445,VIKIMA SEED A/S,10360897.0,Industriparken,9,,4960.0,Holeby,1.25,2.0,Spinatfrø,124.0,Revus,1-195,0.36,2.0,false
78745,VIKIMA SEED A/S,10360897.0,Industriparken,9,,4960.0,Holeby,1.25,2.0,Spinatfrø,124.0,Lamdex,396-77,0.5,2.0,false
81919,VIKIMA SEED A/S,10360897.0,Industriparken,9,,4960.0,Holeby,1.25,2.0,Spinatfrø,124.0,Pirimor 500 WG,396-78,0.36,2.0,false
110982,VIKIMA SEED A/S,10360897.0,Industriparken,9,,4960.0,Holeby,0.165,2.0,"Olieræddike til frø, radisefrø",655.0,Signum,19-151,0.32,2.0,false
143261,VIKIMA SEED A/S,10360897.0,Industriparken,9,,4960.0,Holeby,0.165,2.0,"Olieræddike til frø, radisefrø",655.0,Lamdex,396-77,0.065,2.0,false
330608,VIKIMA SEED A/S,10360897.0,Industriparken,9,,4960.0,Holeby,1.25,2.0,Spinatfrø,124.0,Signum,19-151,2.55,2.0,false
332620,VIKIMA SEED A/S,10360897.0,Industriparken,9,,4960.0,Holeby,1.25,2.0,Spinatfrø,124.0,Teppeki,352-5,0.35,2.0,false
343004,Mikael Eg Andersen,10368804.0,Tøvlidtvej,69,,5471.0,Søndersø,,,,,,,,,true
343668,LANDMAND PREBEN PETERSSON,10401070.0,Teestrup Overdrevsvej,2,,4690.0,Haslev,,,,,,,,,true
343751,Ib Holm Nordvang,10403103.0,Skovvej,4,,3760.0,Gudhjem,,,,,,,,,true
22356,GÅRDEJER SVEND ERIK BRUUN,10414210.0,Guldagervej,210,,9760.0,Vrå,8.72,2.0,Vinterraps,22.0,Lamdex,396-77,0.3,2.0,false
56036,GÅRDEJER SVEND ERIK BRUUN,10414210.0,Guldagervej,210,,9760.0,Vrå,11.77,2.0,Vårbyg,1.0,Roundup Bio,48-16,16.14,4.0,false
71583,GÅRDEJER SVEND ERIK BRUUN,10414210.0,Guldagervej,210,,9760.0,Vrå,26.43,2.0,Vinterhvede,11.0,Roundup PowerMax (tid. MON 79991),48-47,1.71,2.0,false
74314,GÅRDEJER SVEND ERIK BRUUN,10414210.0,Guldagervej,210,,9760.0,Vrå,26.43,2.0,Vinterhvede,11.0,DFF,18-416,1.254,4.0,false
78538,GÅRDEJER SVEND ERIK BRUUN,10414210.0,Guldagervej,210,,9760.0,Vrå,8.72,2.0,Vinterraps,22.0,Agil 100 EC,396-12,3.108,4.0,false
131324,GÅRDEJER SVEND ERIK BRUUN,10414210.0,Guldagervej,210,,9760.0,Vrå,11.87,2.0,Vinterbyg,10.0,Roundup PowerMax (tid. MON 79991),48-47,7.005,2.0,false
143387,GÅRDEJER SVEND ERIK BRUUN,10414210.0,Guldagervej,210,,9760.0,Vrå,8.72,2.0,Vinterraps,22.0,Belkar,64-91,3.575,4.0,false
185090,GÅRDEJER SVEND ERIK BRUUN,10414210.0,Guldagervej,210,,9760.0,Vrå,11.87,2.0,Vinterbyg,10.0,Boxer,1-211,12.628,4.0,false
192778,GÅRDEJER SVEND ERIK BRUUN,10414210.0,Guldagervej,210,,9760.0,Vrå,11.77,2.0,Vårbyg,1.0,Roundup PowerMax (tid. MON 79991),48-47,7.5,2.0,false
215245,GÅRDEJER SVEND ERIK BRUUN,10414210.0,Guldagervej,210,,9760.0,Vrå,11.87,2.0,Vinterbyg,10.0,DFF,18-416,0.534,4.0,false
243243,GÅRDEJER SVEND ERIK BRUUN,10414210.0,Guldagervej,210,,9760.0,Vrå,26.43,2.0,Vinterhvede,11.0,Kaiso Sorbie,347-25,1.791,2.0,false
268181,GÅRDEJER SVEND ERIK BRUUN,10414210.0,Guldagervej,210,,9760.0,Vrå,26.43,2.0,Vinterhvede,11.0,Boxer,1-211,26.771,4.0,false
306113,GÅRDEJER SVEND ERIK BRUUN,10414210.0,Guldagervej,210,,9760.0,Vrå,26.43,2.0,Vinterhvede,11.0,Legacy 500 SC,396-26,0.596,4.0,false
307153,GÅRDEJER SVEND ERIK BRUUN,10414210.0,Guldagervej,210,,9760.0,Vrå,8.72,2.0,Vinterraps,22.0,Kaiso Sorbie,347-25,1.083,2.0,false
343487,BROBY PLANTESKOLE V/IB JOHANSEN,10427681.0,Brobyvej,39,,4180.0,Sorø,,,,,,,,,true
344285,ANNETTE NIELSEN,10442672.0,Tømmerupvej,14,,4440.0,Mørkøv,,,,,,,,,true
342908,GÅRDEJER GUNNAR JENSEN,10453828.0,Løkkegravene,118,,5270.0,Odense N,,,,,,,,,true
278933,FOGEDGÅRDEN V/LARS FOGED,10485932.0,Rårudvej,1,,5771.0,Stenstrup,0.91,2.0,"Græs under 50% kløver/lucerne, lavt udbytte (omdrift)",268.0,Harmony 50 SX,11-72,0.032,2.0,false
343983,GDR LEO BIRKEBÆK,10563593.0,Pilhusevej,9,,7540.0,Haderup,,,,,,,,,true
343623,PETER SØRENSEN,10565103.0,Juelsmindevej,44,,5463.0,Harndrup,,,,,,,,,true
343498,GÅRDEJER AAGE PEDERSEN,10674042.0,Fjelsted Søvej,16,,9550.0,Mariager,,,,,,,,,true
344860,Gårdejer Jørn Kirkegaard,10693101.0,Tingetvej,79,,8930.0,Randers NØ,,,,,,,,,true
119399,JØRGEN KRISTENSEN,10717345.0,Middelfartvej,105,,5492.0,Vissenbjerg,16.1,2.0,Juletræer og pyntegrønt,583.0,Roundup 240,48-49,48.0,4.0,false
344330,Landmand Bent Møller Nielsen,10718171.0,Slusevej,101,,9440.0,Aabybro,,,,,,,,,true
5162,LARS EJNAR JEPPESEN LERGÅRDEN,10725437.0,Lergårdsvej,5,,4050.0,Skibby,15.08,2.0,Rødsvingelfrø,108.0,Agil 100 EC,396-12,6.032,4.0,false
14341,LARS EJNAR JEPPESEN LERGÅRDEN,10725437.0,Lergårdsvej,5,,4050.0,Skibby,19.66,2.0,Vinterraps,22.0,Kerb 400 SC,64-72,19.66,4.0,false
19080,LARS EJNAR JEPPESEN LERGÅRDEN,10725437.0,Lergårdsvej,5,,4050.0,Skibby,19.66,2.0,Vinterraps,22.0,Stomp CS,19-205,7.864,4.0,false
28771,LARS EJNAR JEPPESEN LERGÅRDEN,10725437.0,Lergårdsvej,5,,4050.0,Skibby,33.65,2.0,Vårbyg,1.0,Roundup Flex (tidl. MON 79351 (Zanussi)),48-43,98.878,4.0,false
36242,LARS EJNAR JEPPESEN LERGÅRDEN,10725437.0,Lergårdsvej,5,,4050.0,Skibby,19.66,2.0,Vinterraps,22.0,Belkar,64-91,7.864,4.0,false
54753,LARS EJNAR JEPPESEN LERGÅRDEN,10725437.0,Lergårdsvej,5,,4050.0,Skibby,15.08,2.0,Rødsvingelfrø,108.0,DFF,18-416,1.508,4.0,false
76008,LARS EJNAR JEPPESEN LERGÅRDEN,10725437.0,Lergårdsvej,5,,4050.0,Skibby,32.89,2.0,Vinterhvede,11.0,Boxer,1-211,32.89,4.0,false
91358,LARS EJNAR JEPPESEN LERGÅRDEN,10725437.0,Lergårdsvej,5,,4050.0,Skibby,16.77,2.0,Spinatfrø,124.0,Roundup Flex (tidl. MON 79351 (Zanussi)),48-43,50.31,4.0,false
109247,LARS EJNAR JEPPESEN LERGÅRDEN,10725437.0,Lergårdsvej,5,,4050.0,Skibby,19.66,2.0,Vinterraps,22.0,Focus Ultra,19-93,19.66,4.0,false
128505,LARS EJNAR JEPPESEN LERGÅRDEN,10725437.0,Lergårdsvej,5,,4050.0,Skibby,11.71,2.0,Vinterrug,14.0,Boxer,1-211,11.71,4.0,false
132838,LARS EJNAR JEPPESEN LERGÅRDEN,10725437.0,Lergårdsvej,5,,4050.0,Skibby,19.66,2.0,Vinterraps,22.0,Command CS,19-109,2.3592,4.0,false
138465,LARS EJNAR JEPPESEN LERGÅRDEN,10725437.0,Lergårdsvej,5,,4050.0,Skibby,19.66,2.0,Vinterraps,22.0,Orius Max 200 EW,347-39,9.83,4.0,false
202987,LARS EJNAR JEPPESEN LERGÅRDEN,10725437.0,Lergårdsvej,5,,4050.0,Skibby,12.36,2.0,Engrapsgræsfrø (plænetype),113.0,Reglone (Dispensation 2021-2022 i engrapgræs og hvidkløver) ,1-279,7.125,4.0,false
241025,LARS EJNAR JEPPESEN LERGÅRDEN,10725437.0,Lergårdsvej,5,,4050.0,Skibby,11.71,2.0,Vinterrug,14.0,DFF,18-416,0.5855,4.0,false
243950,LARS EJNAR JEPPESEN LERGÅRDEN,10725437.0,Lergårdsvej,5,,4050.0,Skibby,19.66,2.0,Vinterraps,22.0,Lamdex,396-77,7.864,2.0,false
338363,LARS EJNAR JEPPESEN LERGÅRDEN,10725437.0,Lergårdsvej,5,,4050.0,Skibby,32.89,2.0,Vinterhvede,11.0,Mateno Duo SC 600,18-631,19.734,4.0,false
343361,JAN B SJØSTRØM,10735149.0,Sigerslevvestervej,9,,3600.0,Frederikssund,,,,,,,,,true
343285,GDR ERNST TROLDTOFT ANDERSEN,10760518.0,Amtsvejen,34,,7860.0,Spøttrup,,,,,,,,,true
343699,WINTHER FJERKRÆ ApS,10781108.0,Kirkevej,19,,6600.0,Vejen,,,,,,,,,true
27066,DANBLOMST/ BJARNE KRISTIANSEN,10811171.0,Kosterslevvej,114,,5471.0,Søndersø,3.0,2.0,Potteplanter,545.0,Candit,19-92,0.75,2.0,false
122496,DANBLOMST/ BJARNE KRISTIANSEN,10811171.0,Kosterslevvej,114,,5471.0,Søndersø,1.25,2.0,Potteplanter,545.0,Floramite 240 SC,558-5,0.25,4.0,false
267748,DANBLOMST/ BJARNE KRISTIANSEN,10811171.0,Kosterslevvej,114,,5471.0,Søndersø,1.2,2.0,Potteplanter,545.0,Flexity,19-166,0.3,4.0,false
342732,Karsten Rimmer,10832284.0,Hovedvejen,43,,7790.0,Thyholm,,,,,,,,,true
167003,VERNER MØLLER,10872588.0,Bødskovgårdvej,16,,8653.0,Them,1.01,2.0,Juletræer og pyntegrønt,583.0,Ronstar Expert (tidl. Valdor),18-567,0.31,2.0,false
169426,VERNER MØLLER,10872588.0,Bødskovgårdvej,16,,8653.0,Them,0.73,2.0,Juletræer og pyntegrønt,583.0,Logo,18-484,0.11,2.0,false
271255,VERNER MØLLER,10872588.0,Bødskovgårdvej,16,,8653.0,Them,6.26,2.0,Juletræer og pyntegrønt,583.0,Quartz,18-514,2.16,4.0,false
333125,VERNER MØLLER,10872588.0,Bødskovgårdvej,16,,8653.0,Them,11.9,2.0,Juletræer og pyntegrønt,583.0,Roundup Bio,48-16,16.21,4.0,false
342580,GARTNERIET BØGETOFT V/ANNE BØGETOFT,10880998.0,Vejlegårdsvej,67,,5672.0,Broby,,,,,,,,,true
342692,CLAUS WILDENSCHILD,10894107.0,Gl Skovbølvej,28,,6200.0,Aabenraa,,,,,,,,,true
343409,SØREN BERNHARD CHRISTENSEN,11020682.0,Havensvej,25,,9300.0,Sæby,,,,,,,,,true
8510,KJELD ASMUSSEN,11054900.0,Stenderup Byvej,1,,6520.0,Toftlund,45.54,2.0,Juletræer og pyntegrønt,583.0,Roundup Bio,48-16,98.14,4.0,false
91504,KJELD ASMUSSEN,11054900.0,Stenderup Byvej,1,,6520.0,Toftlund,45.54,2.0,Juletræer og pyntegrønt,583.0,U46 M,347-7,13.35,4.0,false
118123,KJELD ASMUSSEN,11054900.0,Stenderup Byvej,1,,6520.0,Toftlund,45.54,2.0,Juletræer og pyntegrønt,583.0,ConShape,526-21,2.0,4.0,false
265833,KJELD ASMUSSEN,11054900.0,Stenderup Byvej,1,,6520.0,Toftlund,45.54,2.0,Juletræer og pyntegrønt,583.0,"Axiendo 2,5 WG",1-252,3.4,2.0,false
342932,FRANS HARRY HØJ,11055141.0,Landevejen,32,,7860.0,Spøttrup,,,,,,,,,true
342665,SØREN EMIL SØE,11199607.0,Landtingvej,4,,6900.0,Skjern,,,,,,,,,true
44589,KNUD SØRENSEN RØDBRO,11219411.0,Christiansminde,11,,9800.0,Hjørring,50.53,2.0,Vinterraps,22.0,Kaiso Sorbie,347-25,5.053,2.0,false
102888,KNUD SØRENSEN RØDBRO,11219411.0,Christiansminde,11,,9800.0,Hjørring,50.53,2.0,Vinterraps,22.0,Agil 100 EC,396-12,17.686,4.0,false
141317,KNUD SØRENSEN RØDBRO,11219411.0,Christiansminde,11,,9800.0,Hjørring,50.53,2.0,Vinterraps,22.0,Kerb 400 SC,64-72,50.53,4.0,false
142314,KNUD SØRENSEN RØDBRO,11219411.0,Christiansminde,11,,9800.0,Hjørring,47.87,2.0,Vinterhybridrug,15.0,Boxer,1-211,47.87,4.0,false
147678,KNUD SØRENSEN RØDBRO,11219411.0,Christiansminde,11,,9800.0,Hjørring,47.87,2.0,Vinterhybridrug,15.0,DFF,18-416,5.744,4.0,false
166223,KNUD SØRENSEN RØDBRO,11219411.0,Christiansminde,11,,9800.0,Hjørring,50.53,2.0,Vinterraps,22.0,Belkar,64-91,12.632,4.0,false
218689,KNUD SØRENSEN RØDBRO,11219411.0,Christiansminde,11,,9800.0,Hjørring,37.0,2.0,Vinterbyg,10.0,DFF,18-416,3.7,4.0,false
250295,KNUD SØRENSEN RØDBRO,11219411.0,Christiansminde,11,,9800.0,Hjørring,37.0,2.0,Vinterbyg,10.0,Boxer,1-211,55.5,4.0,false
257957,KNUD SØRENSEN RØDBRO,11219411.0,Christiansminde,11,,9800.0,Hjørring,57.49,2.0,Vinterhvede,11.0,Mateno Duo SC 600,18-631,28.745,4.0,false
310550,KNUD SØRENSEN RØDBRO,11219411.0,Christiansminde,11,,9800.0,Hjørring,50.53,2.0,Vinterraps,22.0,Clomate,756-1,12.008,4.0,false
319459,KNUD SØRENSEN RØDBRO,11219411.0,Christiansminde,11,,9800.0,Hjørring,50.53,2.0,Vinterraps,22.0,Korvetto,64-93,2.6,4.0,false
335631,KNUD SØRENSEN RØDBRO,11219411.0,Christiansminde,11,,9800.0,Hjørring,57.49,2.0,Vinterhvede,11.0,Boxer,1-211,57.49,4.0,false
343876,OVE TOBIASEN,11244513.0,Yder Bjerrum Vej,6,,6760.0,Ribe,,,,,,,,,true
343659,JØRN ENEVOLDSEN,11270042.0,Torsbækvej,6,,6880.0,Tarm,,,,,,,,,true
344207,ARNE BAGGESEN,11354106.0,Oustrupmøllevej,167,,9750.0,Østervrå,,,,,,,,,true
344433,BENNY PREBEN HANSEN,11439837.0,Hedelundvej,17,,6840.0,Oksbøl,,,,,,,,,true
343034,Købmand Bjarke Buhrmann Schwartz,11459587.0,Møgelmose,120,,6200.0,Aabenraa,,,,,,,,,true
2200,GÅRDEJER AAGE SØRENSEN,11495834.0,Pottervej,6,,7323.0,Give,2.0,2.0,"Efterafgrøder, pligtige, husdyr, målrettede",968.0,Glyphomax HL,756-2,3.0,4.0,false
186522,GÅRDEJER AAGE SØRENSEN,11495834.0,Pottervej,6,,7323.0,Give,9.55,2.0,"Efterafgrøder, pligtige, husdyr, målrettede",968.0,Glyphomax 360 TF,756-3,20.0,4.0,false
300894,SKOVBRUG V/FRANK TOLLESTRUP JENSEN,11551386.0,Egeskovvej,3,,8800.0,Viborg,22.17,2.0,Skovdrift med fjernelse af ved,581.0,Glyfonova 450 Plus (tidl. Glyfonova Excel),11-15,2.2,4.0,false
310010,ANSAGER PLANTAGE ApS,11610110.0,Poppelvej,11,,6880.0,Tarm,175.0,2.0,Skovdrift med fjernelse af ved,581.0,"Axiendo 2,5 WG",1-252,8.0,2.0,false
224462,SONDRUPLUND V/GYNTHER MØLLER,11782302.0,Vads Møllevej,13,,8350.0,Hundslund,4.5,2.0,Anden skovdrift,580.0,Roundup Bio,48-16,4.5,4.0,false
343288,GÅRDEJER KARSTEN KIRKEBY ANDREASEN,11809782.0,Sdr. Ommevej,35,,6933.0,Kibæk,,,,,,,,,true
344201,LANDMAND JØRGEN ERIKSEN,11864708.0,Ledetvej,60,,9740.0,Jerslev J,,,,,,,,,true
344076,FRYDENDAHL V/TAGE F KRAB,11885977.0,Frydendahlsvej,1,,6510.0,Gram,,,,,,,,,true
60807,ANTON HAMMERSHØJ,11939740.0,Søndermarksvej,30,,9500.0,Hobro,93.54,2.0,Silomajs,216.0,Tocalis (tidl. Callisto 50 WG),1-224,9.354,2.0,false
94590,ANTON HAMMERSHØJ,11939740.0,Søndermarksvej,30,,9500.0,Hobro,40.52,2.0,Vinterhybridrug,15.0,Moddus M,1-154,12.156,4.0,false
119455,ANTON HAMMERSHØJ,11939740.0,Søndermarksvej,30,,9500.0,Hobro,93.54,2.0,Silomajs,216.0,Harmony 50 SX,11-72,0.526,2.0,false
142377,ANTON HAMMERSHØJ,11939740.0,Søndermarksvej,30,,9500.0,Hobro,40.52,2.0,Vinterhybridrug,15.0,Starane XL,64-68,20.26,4.0,false
203272,ANTON HAMMERSHØJ,11939740.0,Søndermarksvej,30,,9500.0,Hobro,93.54,2.0,Silomajs,216.0,Starane 333 HL,64-82,14.031,4.0,false
308169,ANTON HAMMERSHØJ,11939740.0,Søndermarksvej,30,,9500.0,Hobro,93.54,2.0,Silomajs,216.0,MaisTer,18-442,8.419,2.0,false
329356,ANTON HAMMERSHØJ,11939740.0,Søndermarksvej,30,,9500.0,Hobro,93.54,2.0,Silomajs,216.0,Roundup Flex (tidl. MON 79351 (Zanussi)),48-43,210.465,4.0,false
342471,ANETTE STAMMOSE,11941400.0,Hustedvej,31,,6830.0,Nørre Nebel,,,,,,,,,true
92478,SKOV-ENTREPRENØR,12006047.0,Søbjærgvej,1,,4330.0,Hvalsø,6.75,2.0,Juletræer og pyntegrønt,583.0,ND Sprøjtesvovl 80 WG,242-14,28.2,2.0,false
101915,SKOV-ENTREPRENØR,12006047.0,Søbjærgvej,1,,4330.0,Hvalsø,13.71,2.0,Juletræer og pyntegrønt,583.0,Roundup Bio,48-16,29.34,4.0,false
119021,SKOV-ENTREPRENØR,12006047.0,Søbjærgvej,1,,4330.0,Hvalsø,6.75,2.0,Juletræer og pyntegrønt,583.0,Mospilan SG,561-3,1.69,2.0,false
338722,SKOV-ENTREPRENØR,12006047.0,Søbjærgvej,1,,4330.0,Hvalsø,7.4,2.0,Juletræer og pyntegrønt,583.0,U46 M,347-7,7.11,4.0,false
344020,KARSTEN SOMMER,12111495.0,Ringkøbingvej,76,,6971.0,Spjald,,,,,,,,,true
44923,JENS-ÅGE KLAUSEN,12155689.0,Holstebrovej,215,,8800.0,Viborg,14.99,2.0,Vinterhybridrug,15.0,Boxer,1-211,11.14,4.0,false
157228,JENS-ÅGE KLAUSEN,12155689.0,Holstebrovej,215,,8800.0,Viborg,7.92,2.0,Vårbyg,1.0,Glypper,396-53,10.575,4.0,false
192811,JENS-ÅGE KLAUSEN,12155689.0,Holstebrovej,215,,8800.0,Viborg,14.99,2.0,Vinterhybridrug,15.0,DFF,18-416,1.671,4.0,false
313474,I/S LIEGAARD PLANTAGE,12157533.0,A.C. Meyers Vænge,11A,5,2450.0,København SV,1.82,2.0,Anden skovdrift,580.0,"Axiendo 2,5 WG",1-252,2.0,4.0,false
164275,Kongevejens Planteskole,12242840.0,Birkerød Kongevej,15,,3460.0,Birkerød,0.5,2.0,"Planteskolekulturer, vedplanter, til videresalg",497.0,Agro Bizz Glyphos 360,645-40,30.0,4.0,false
344940,OLE PEDERSEN,12251084.0,Fruering Kirkevej,9,,8660.0,Skanderborg,,,,,,,,,true
342853,KURT MOOSGAARD MADSEN,12256787.0,Højgårdsvej,1,,6623.0,Vorbasse,,,,,,,,,true
343806,Køgevejens Planteskole I/S,12260504.0,Gammel Køge Landevej,501,,2650.0,Hvidovre,,,,,,,,,true
344800,NIELS SKOV VENG,12353588.0,Nautrup Møllevej,22,,7870.0,Roslev,,,,,,,,,true
343760,Jens Edvard Lauridsen,12424337.0,Ålbæk Møllevej,32,,6740.0,Bramming,,,,,,,,,true
344465,BJARNE ZACHARIASSEN,12425104.0,Ydøvej,15,,4900.0,Nakskov,,,,,,,,,true
342747,RIBE BIOGAS A/S,12519184.0,Koldingvej,19,,6760.0,Ribe,,,,,,,,,true
186173,HILLIS PLANTESKOLE,12528280.0,Hårlevvejen,9,,4652.0,Hårlev,2.5,2.0,"Planteskolekulturer, stauder",547.0,Biscaya OD 240,18-501,2.0,4.0,false
215899,HILLIS PLANTESKOLE,12528280.0,Hårlevvejen,9,,4652.0,Hårlev,2.5,2.0,"Planteskolekulturer, stauder",547.0,Roundup 240,48-49,10.0,4.0,false
59363,Gartneriet Haarkilde v/Jens Christian H Larsen,12608691.0,Overdrevsvej,22,,2765.0,Smørum,0.1,2.0,Grønkål,406.0,Movento SC 100,18-549,0.004,4.0,false
83227,Gartneriet Haarkilde v/Jens Christian H Larsen,12608691.0,Overdrevsvej,22,,2765.0,Smørum,0.05,2.0,Stauder,501.0,Movento SC 100,18-549,0.001,4.0,false
84859,Gartneriet Haarkilde v/Jens Christian H Larsen,12608691.0,Overdrevsvej,22,,2765.0,Smørum,0.48,2.0,Potteplanter,545.0,Pediment,1-253,0.0414,2.0,false
190897,Gartneriet Haarkilde v/Jens Christian H Larsen,12608691.0,Overdrevsvej,22,,2765.0,Smørum,0.1,2.0,Grønkål,406.0,Lamdex,396-77,0.008,2.0,false
236899,Gartneriet Haarkilde v/Jens Christian H Larsen,12608691.0,Overdrevsvej,22,,2765.0,Smørum,0.05,2.0,Stauder,501.0,Lamdex,396-77,0.002,2.0,false
343780,Kern Lærkholm Petersen Kausbjerggård,12620187.0,Ørstedvej,59,,4130.0,Viby Sjælland,,,,,,,,,true
343673,RBHG ApS,12622406.0,Rørbækvej,1,,7323.0,Give,,,,,,,,,true
342369,VIG PLANTESKOLE,12763581.0,Kelstrupvej,2,,4560.0,Vig,,,,,,,,,true
145670,FORPAGTER CHRISTIAN B MØLLER,12846304.0,Østermarksvej,5,,6630.0,Rødding,15.0,2.0,Juletræer og pyntegrønt,583.0,Roundup Bio,48-16,19.5,4.0,false
185708,FORPAGTER CHRISTIAN B MØLLER,12846304.0,Østermarksvej,5,,6630.0,Rødding,9.5,2.0,Juletræer og pyntegrønt,583.0,Mavrik,396-82,1.7,4.0,false
344797,BENT BJERG JENSEN,12918402.0,Muldbjergvej,10,,6971.0,Spjald,,,,,,,,,true
343850,GARTNER JØRGEN FINN HANSEN,12981287.0,Bastrupvej,60,,5485.0,Skamby,,,,,,,,,true
344306,HENRY LAURIDS SEESTED,13000808.0,Gødsvangvej,20,,6870.0,Ølgod,,,,,,,,,true
342441,KNUD KNUDSEN,13023247.0,Nautrupvej,14,,7830.0,Vinderup,,,,,,,,,true
343752,JØRGEN JESSEN,13030073.0,Puglundvej,19,,6800.0,Varde,,,,,,,,,true
344664,PREBEN LIND HAAHR,13062331.0,Lindbjergmarkvej,5,,6870.0,Ølgod,,,,,,,,,true
342390,SØREN LUND ANDERSEN,13065888.0,Kulerupvej,15,,4100.0,Ringsted,,,,,,,,,true
344694,LANDMAND CARL LAUGESEN,13087806.0,Kalvslundvej,18,,6760.0,Ribe,,,,,,,,,true
344538,LANDBRUG V/CLAUS R NIELSEN,13106193.0,Vorslundevej,5,,7323.0,Give,,,,,,,,,true
344947,CARSTEN PREBEN RØNHOFF,13117179.0,Blåhøjvej,63,,6933.0,Kibæk,,,,,,,,,true
85068,Kurt´s Planteskole Kurt Fruergaard Maarupgaard,13162530.0,Saugmandsvej,17,,7660.0,Bækmarksbro,6.0,2.0,"Planteskolekulturer, vedplanter, til videresalg",497.0,Roundup Bio,48-16,50.4,4.0,false
249533,Kurt´s Planteskole Kurt Fruergaard Maarupgaard,13162530.0,Saugmandsvej,17,,7660.0,Bækmarksbro,16.0,2.0,Juletræer og pyntegrønt,583.0,U46 M,347-7,9.6,4.0,false
319542,Kurt´s Planteskole Kurt Fruergaard Maarupgaard,13162530.0,Saugmandsvej,17,,7660.0,Bækmarksbro,16.0,2.0,Juletræer og pyntegrønt,583.0,Roundup Bio,48-16,64.0,4.0,false
343031,LANDMAND HENNING KELD JENSEN,13166137.0,Ørtoftvej,100,,9300.0,Sæby,,,,,,,,,true
45828,Karl Christian Petersen,13169683.0,Tvedvej,7,,6630.0,Rødding,25.3,2.0,Juletræer og pyntegrønt,583.0,Mavrik,396-82,4.96,4.0,false
119280,Karl Christian Petersen,13169683.0,Tvedvej,7,,6630.0,Rødding,24.8,2.0,Juletræer og pyntegrønt,583.0,Roundup Bio,48-16,42.8,4.0,false
196241,Karl Christian Petersen,13169683.0,Tvedvej,7,,6630.0,Rødding,15.8,2.0,Juletræer og pyntegrønt,583.0,Metaxon,347-5,8.585,4.0,false
343621,NIELS NØRAGER ANDERSEN,13171343.0,Skivumvej,40,,9240.0,Nibe,,,,,,,,,true
342988,HANS HINRICHSEN,13200807.0,Fladhøjparken,49,,6230.0,Rødekro,,,,,,,,,true
78219,MARKILDEGÅRD V/FLEMMING NØRREGAARD,13215774.0,Markildevej,8,,3200.0,Helsinge,12.48,2.0,Vårbyg,1.0,Harmony 50 SX,11-72,0.0378,2.0,false
203263,MARKILDEGÅRD V/FLEMMING NØRREGAARD,13215774.0,Markildevej,8,,3200.0,Helsinge,12.48,2.0,Vårbyg,1.0,Propulse SE 250,18-597,3.744,4.0,false
293037,MARKILDEGÅRD V/FLEMMING NØRREGAARD,13215774.0,Markildevej,8,,3200.0,Helsinge,12.48,2.0,Vårbyg,1.0,Express Gold SX (tidl. CDQ SX),3-182,0.1,2.0,false
344273,ARNE BONDE,13346984.0,Bjertevej,3,,5750.0,Ringe,,,,,,,,,true
344169,CLAUS PEDERSEN,13350736.0,Halkærvej,96,,9240.0,Nibe,,,,,,,,,true
111836,JOHANNES JENSEN,13352240.0,Sofiedalvej,17,,7400.0,Herning,5.04,2.0,Vårbyg,1.0,Trimmer SG,11-65,0.0378,2.0,false
298389,JOHANNES JENSEN,13352240.0,Sofiedalvej,17,,7400.0,Herning,5.04,2.0,Vårbyg,1.0,Pixxaro EC,64-87,1.764,4.0,false
38955,Toftegård v/Henrik Læssøe Belderbos,13473943.0,Haastrup Bjergvej,5,,5600.0,Faaborg,78.15,2.0,Juletræer og pyntegrønt,583.0,U46 M,347-7,27.0,4.0,false
43292,Toftegård v/Henrik Læssøe Belderbos,13473943.0,Haastrup Bjergvej,5,,5600.0,Faaborg,67.76,2.0,Juletræer og pyntegrønt,583.0,Pomoxon Extra (disp. juletræer 01/05 - 01/08 -2022) ,347-58,10.0,4.0,false
141694,Toftegård v/Henrik Læssøe Belderbos,13473943.0,Haastrup Bjergvej,5,,5600.0,Faaborg,67.76,2.0,Juletræer og pyntegrønt,583.0,ConShape,526-21,2.0,4.0,false
273769,Toftegård v/Henrik Læssøe Belderbos,13473943.0,Haastrup Bjergvej,5,,5600.0,Faaborg,81.45,2.0,Juletræer og pyntegrønt,583.0,Glypper,396-53,257.0,4.0,false
329256,Toftegård v/Henrik Læssøe Belderbos,13473943.0,Haastrup Bjergvej,5,,5600.0,Faaborg,65.6,2.0,Juletræer og pyntegrønt,583.0,Mospilan SG,561-3,16.4,2.0,false
325501,MARTIN PETERSEN,13475784.0,Dejrupvej,34,,6855.0,Outrup,5.5,2.0,Juletræer og pyntegrønt,583.0,Roundup Bio,48-16,5.0,4.0,false
344540,ALBRECHTSLUND V/ E.H.JACOBSEN,13478287.0,Horseballevej,30,,5672.0,Broby,,,,,,,,,true
343615,Landbrug v/Laurits Jespersen,13486387.0,Birkegårdsvej,7,,9240.0,Nibe,,,,,,,,,true
342541,Jørgen Müller Nordestgaard,13490449.0,Forum Hedevej,8,,6715.0,Esbjerg N,,,,,,,,,true
81030,Sejlsbjerghus Plantage,13570175.0,Fuglevænget,10,,9000.0,Aalborg,17.7,2.0,Juletræer og pyntegrønt,583.0,Metaxon,347-5,16.9,4.0,false
87057,Sejlsbjerghus Plantage,13570175.0,Fuglevænget,10,,9000.0,Aalborg,8.9,2.0,Juletræer og pyntegrønt,583.0,Mospilan SG,561-3,8.4,4.0,false
141461,Sejlsbjerghus Plantage,13570175.0,Fuglevænget,10,,9000.0,Aalborg,35.3,2.0,Juletræer og pyntegrønt,583.0,Roundup Bio,48-16,48.3,4.0,false
231868,Sejlsbjerghus Plantage,13570175.0,Fuglevænget,10,,9000.0,Aalborg,17.9,2.0,Juletræer og pyntegrønt,583.0,ConShape,526-21,1.0,4.0,false
343567,Kolborn v/John Hansen,13600902.0,Reedtzholmvej,169,,4736.0,Karrebæksminde,,,,,,,,,true
343826,Tinghøjgård Als A/S,13609578.0,Fuglegårdsvej,1,,9510.0,Arden,,,,,,,,,true
50177,RYDBJERGGÅRD PLANTNINGSSELSKAB I/S,13611483.0,Hytkærvej,15,,6100.0,Haderslev,35.0,2.0,Juletræer og pyntegrønt,583.0,Glyphomax HL,756-2,17.5,4.0,false
82877,SKOVENTREPRENØR POUL NÆSAGER,13672334.0,Frisenvoldvej,8,,8940.0,Randers SV,14.6,2.0,Juletræer og pyntegrønt,583.0,Metaxon,347-5,16.43,4.0,false
131755,SKOVENTREPRENØR POUL NÆSAGER,13672334.0,Frisenvoldvej,8,,8940.0,Randers SV,15.16,2.0,Juletræer og pyntegrønt,583.0,Glypper,396-53,31.21,4.0,false
187489,SKOVENTREPRENØR POUL NÆSAGER,13672334.0,Frisenvoldvej,8,,8940.0,Randers SV,11.6,2.0,Juletræer og pyntegrønt,583.0,ND Sprøjtesvovl 80 WG,242-14,38.4,2.0,false
220311,SKOVENTREPRENØR POUL NÆSAGER,13672334.0,Frisenvoldvej,8,,8940.0,Randers SV,5.65,2.0,Juletræer og pyntegrønt,583.0,Roundup Bio,48-16,7.9,4.0,false
299139,SKOVENTREPRENØR POUL NÆSAGER,13672334.0,Frisenvoldvej,8,,8940.0,Randers SV,11.6,2.0,Juletræer og pyntegrønt,583.0,"Axiendo 2,5 WG",1-252,2.8,4.0,false
342966,LÆGE SVEND ERIK ØSTGAARD,13703302.0,Vestermarksvej,11,,9000.0,Aalborg,,,,,,,,,true
343402,JENS FLARUP VESTERGAARD,13708509.0,Herredsvejen,203,,9500.0,Hobro,,,,,,,,,true
39888,GL SUNDS PLANTESKOLE V/OLE SØNDERGAARD,13755442.0,Gl. Sundsvej,15,,7451.0,Sunds,3.36,2.0,"Planteskolekulturer, stauder",547.0,Switch 62.5 WG,1-201,0.2,2.0,false
54545,GL SUNDS PLANTESKOLE V/OLE SØNDERGAARD,13755442.0,Gl. Sundsvej,15,,7451.0,Sunds,3.36,2.0,"Planteskolekulturer, stauder",547.0,Amistar,1-172,1.65,4.0,false
95516,GL SUNDS PLANTESKOLE V/OLE SØNDERGAARD,13755442.0,Gl. Sundsvej,15,,7451.0,Sunds,3.36,2.0,"Planteskolekulturer, stauder",547.0,Glypper,396-53,3.25,4.0,false
137572,GL SUNDS PLANTESKOLE V/OLE SØNDERGAARD,13755442.0,Gl. Sundsvej,15,,7451.0,Sunds,3.36,2.0,"Planteskolekulturer, stauder",547.0,Signum,19-151,1.6,4.0,false
161209,GL SUNDS PLANTESKOLE V/OLE SØNDERGAARD,13755442.0,Gl. Sundsvej,15,,7451.0,Sunds,3.36,2.0,"Planteskolekulturer, stauder",547.0,Dithane NT,64-60,0.9,2.0,false
173357,GL SUNDS PLANTESKOLE V/OLE SØNDERGAARD,13755442.0,Gl. Sundsvej,15,,7451.0,Sunds,3.36,2.0,"Planteskolekulturer, stauder",547.0,Scala,19-159,0.55,4.0,false
336511,GL SUNDS PLANTESKOLE V/OLE SØNDERGAARD,13755442.0,Gl. Sundsvej,15,,7451.0,Sunds,3.36,2.0,"Planteskolekulturer, stauder",547.0,Evolya,1-229,0.095,4.0,false
19138,MIDTFJORDS PLANTESKOLE V/KNUD JENSEN,13761531.0,Korsholmvej,88,,9690.0,Fjerritslev,1.8,2.0,"Planteskolekulturer, vedplanter, til videresalg",497.0,Logo,18-484,0.1015,2.0,false
160345,MIDTFJORDS PLANTESKOLE V/KNUD JENSEN,13761531.0,Korsholmvej,88,,9690.0,Fjerritslev,0.05,2.0,"Planteskolekulturer, vedplanter, til videresalg",497.0,Movento SC 100,18-549,0.02,4.0,false
213430,MIDTFJORDS PLANTESKOLE V/KNUD JENSEN,13761531.0,Korsholmvej,88,,9690.0,Fjerritslev,0.2,2.0,"Planteskolekulturer, vedplanter, til videresalg",497.0,Metaxon,347-5,0.4,4.0,false
214495,MIDTFJORDS PLANTESKOLE V/KNUD JENSEN,13761531.0,Korsholmvej,88,,9690.0,Fjerritslev,1.8,2.0,"Planteskolekulturer, vedplanter, til videresalg",497.0,Roundup Bio,48-16,1.0,4.0,false
278234,MIDTFJORDS PLANTESKOLE V/KNUD JENSEN,13761531.0,Korsholmvej,88,,9690.0,Fjerritslev,1.8,2.0,"Planteskolekulturer, vedplanter, til videresalg",497.0,"Axiendo 2,5 WG",1-252,1.6,2.0,false
344739,PELSDYRAVLER BRITA ANDERSEN,13769281.0,Søvigbækvej,11,,6800.0,Varde,,,,,,,,,true
93894,SKOVFOGED PER MAJGAARD JENSEN,13786046.0,Frømajvej,6,,6630.0,Rødding,6.0,2.0,Juletræer og pyntegrønt,583.0,U46 M,347-7,11.0,4.0,false
330742,SKOVFOGED PER MAJGAARD JENSEN,13786046.0,Frømajvej,6,,6630.0,Rødding,6.6,2.0,Juletræer og pyntegrønt,583.0,Glypper,396-53,14.0,4.0,false
343413,LARS HEIN CHRISTOPHERSEN,13847371.0,Fjellerupvej,84,,5560.0,Aarup,,,,,,,,,true
344691,FLEMMING OLESEN,13876134.0,Favrholtvej,4,,6760.0,Ribe,,,,,,,,,true
343146,LANDMAND PETER MØLGAARD,13915741.0,Ouevej,11,,9500.0,Hobro,,,,,,,,,true
180953,DYBVAD PLANTESKOLE I/S V/OLE OG SVEND CHR RASMUSSEN,14022635.0,Skævevej,25B,,9352.0,Dybvad,1.5,2.0,"Planteskolekulturer, vedplanter, til videresalg",497.0,Glyphomax HL,756-2,0.9,4.0,false
4004,HJ Skovservice v/Hans Jørgen Muurholm,14022872.0,Grønnegade,5E,,6600.0,Vejen,7.3,2.0,Juletræer og pyntegrønt,583.0,ND Sprøjtesvovl 80 WG,242-14,3.0,2.0,false
20342,HJ Skovservice v/Hans Jørgen Muurholm,14022872.0,Grønnegade,5E,,6600.0,Vejen,7.3,2.0,Juletræer og pyntegrønt,583.0,TopStar,580-1,0.15,4.0,false
81215,HJ Skovservice v/Hans Jørgen Muurholm,14022872.0,Grønnegade,5E,,6600.0,Vejen,7.3,2.0,Juletræer og pyntegrønt,583.0,ConShape,526-21,0.05,4.0,false
114987,HJ Skovservice v/Hans Jørgen Muurholm,14022872.0,Grønnegade,5E,,6600.0,Vejen,15.8,2.0,Juletræer og pyntegrønt,583.0,U46 M,347-7,0.4,4.0,false
256751,HJ Skovservice v/Hans Jørgen Muurholm,14022872.0,Grønnegade,5E,,6600.0,Vejen,7.3,2.0,Juletræer og pyntegrønt,583.0,Mavrik Vita,396-70,0.2,4.0,false
311846,HJ Skovservice v/Hans Jørgen Muurholm,14022872.0,Grønnegade,5E,,6600.0,Vejen,20.3,2.0,Juletræer og pyntegrønt,583.0,AB Glyphosat,570-8,1.5,4.0,false
343242,Konsulent/landmand Johannes Jørgensen,14036601.0,Revlingbakken,11,,7860.0,Spøttrup,,,,,,,,,true
344548,Landbrug Jes Sørensen,14088504.0,Banetoften,28,,7500.0,Holstebro,,,,,,,,,true
344622,LANDMAND HANS CHRISTIAN HOLST,14096604.0,Skelgårdsvej,54,,9340.0,Asaa,,,,,,,,,true
344770,Leo Skydt Jørgensen,14096876.0,Mosevej,32,,7700.0,Thisted,,,,,,,,,true
34578,Asmild Plantecenter v/Leif Kjær Bonde,14111441.0,Randersvej,76A,,8800.0,Viborg,0.019,2.0,Øvrige afgrøder,900.0,Teppeki,352-5,0.01,2.0,false
55992,Asmild Plantecenter v/Leif Kjær Bonde,14111441.0,Randersvej,76A,,8800.0,Viborg,0.01,2.0,Øvrige afgrøder,900.0,Previcur Energy,18-544,1e-05,4.0,false
344486,I/S HAHLGAARD V/PEDER KLEMMENSEN JOHANNES KLEMMENSEN,14126074.0,Hahlvej,6,,7800.0,Skive,,,,,,,,,true
343155,GÅRDEJER TORBEN SPANNER,14188096.0,Skovmøllevej,3,,8370.0,Hadsten,,,,,,,,,true
343891,GÅRDEJER FINN LÆBEL,14219145.0,Kastrupvej,29,,6510.0,Gram,,,,,,,,,true
343188,GÅRDEJER CHRISTIAN AAGE LAURSEN,14234543.0,Krogryggevej,2,,8410.0,Rønde,,,,,,,,,true
489,LINDBERGS SKOVSERVICE V/PETER LINDBERG LARSEN,14265740.0,Engholmsvej,10,,8620.0,Kjellerup,77.88,2.0,Juletræer og pyntegrønt,583.0,Mavrik,396-82,11.542,4.0,false
118187,LINDBERGS SKOVSERVICE V/PETER LINDBERG LARSEN,14265740.0,Engholmsvej,10,,8620.0,Kjellerup,77.88,2.0,Juletræer og pyntegrønt,583.0,Glypper,396-53,164.415,4.0,false
307114,LINDBERGS SKOVSERVICE V/PETER LINDBERG LARSEN,14265740.0,Engholmsvej,10,,8620.0,Kjellerup,77.88,2.0,Juletræer og pyntegrønt,583.0,M-750,347-12,40.08,4.0,false
343447,MOGENS CHRISTENSEN,14273972.0,Skravevej,1,,6630.0,Rødding,,,,,,,,,true
344139,Vestergaards Entreprenør for v/Arne Vestergaard Pedersen,14290109.0,Ravnholtvej,51,,8310.0,Tranbjerg J,,,,,,,,,true
342549,DJURSLAND LANDBOFORENING,14305084.0,Føllevej,5,,8410.0,Rønde,,,,,,,,,true
160208,LANDMAND SØREN ANDERSEN,14372733.0,Randersvej,90A,,8800.0,Viborg,0.03,2.0,En- og to-årige planter,503.0,Revus,1-195,0.012,4.0,false
191150,LEIF ULDALL,14391746.0,Bjerningrødvej,17,,6100.0,Haderslev,10.6,2.0,Bæredygtig skovdrift,589.0,Glyphomax HL,756-2,5.0,4.0,false
343685,SVEND ERIK ROSENGAARD JYTTE ROSENGAARD,14452141.0,Bækmarksbrovej,14,,7660.0,Bækmarksbro,,,,,,,,,true
344934,LANDBRUG V/ANNE MARIE NØRGAARD OG LEIF NØRGAARD,14529748.0,Visgårdvej,3,,7400.0,Herning,,,,,,,,,true
343974,Skovejendom Hvidkær/Else Hove,14532293.0,Klostermarken,12,,8800.0,Viborg,,,,,,,,,true
34058,Asger Pedersen,14597840.0,Bilsbækvej,79,,8300.0,Odder,22.0,2.0,Juletræer og pyntegrønt,583.0,Quartz,18-514,6.5,4.0,false
58646,Asger Pedersen,14597840.0,Bilsbækvej,79,,8300.0,Odder,21.0,2.0,Juletræer og pyntegrønt,583.0,Mavrik,396-82,2.2,4.0,false
107455,Asger Pedersen,14597840.0,Bilsbækvej,79,,8300.0,Odder,23.0,2.0,Juletræer og pyntegrønt,583.0,U46 M,347-7,13.0,4.0,false
208535,Asger Pedersen,14597840.0,Bilsbækvej,79,,8300.0,Odder,23.0,2.0,Juletræer og pyntegrønt,583.0,Roundup Bio,48-16,90.2,4.0,false
344165,Peter Føns,14691170.0,Banedæmningen,9,,6094.0,Hejls,,,,,,,,,true
10708,Rhododendron-Haven v/Claus Jørgensen,14757945.0,Viborg Hovedvej,114,,7160.0,Tørring,2.97,2.0,Øvrige afgrøder,900.0,Roundup Bio,48-16,17.7,4.0,false
103647,Sandkro Juletræer,14816208.0,Foldingbrovej,34,,6230.0,Rødekro,12.05,2.0,Juletræer og pyntegrønt,583.0,U46 M,347-7,4.0,4.0,false
259016,Sandkro Juletræer,14816208.0,Foldingbrovej,34,,6230.0,Rødekro,12.05,2.0,Juletræer og pyntegrønt,583.0,"Axiendo 2,5 WG",1-252,5.0,2.0,false
274638,Sandkro Juletræer,14816208.0,Foldingbrovej,34,,6230.0,Rødekro,12.05,2.0,Juletræer og pyntegrønt,583.0,Glyphomax 48 HL,756-7,23.0,4.0,false
287060,Sandkro Juletræer,14816208.0,Foldingbrovej,34,,6230.0,Rødekro,12.05,2.0,Juletræer og pyntegrønt,583.0,ConShape,526-21,1.48,4.0,false
126647,Royal Cleaning,14885544.0,Stakhaven,2,,3630.0,Jægerspris,0.25,2.0,Øvrige afgrøder,900.0,Legacy 500 SC,396-26,0.0375,4.0,false
260058,Royal Cleaning,14885544.0,Stakhaven,2,,3630.0,Jægerspris,0.25,2.0,Øvrige afgrøder,900.0,Roundup Bio,48-16,0.875,4.0,false
111080,CHRISTIAN GOTFRED DRESCHER,14925473.0,Skelhøjvej,4,,8585.0,Glesborg,21.0,2.0,Juletræer og pyntegrønt,583.0,Pomoxon Extra (disp. juletræer 01/05 - 01/08 -2022) ,347-58,1.0,4.0,false
141731,CHRISTIAN GOTFRED DRESCHER,14925473.0,Skelhøjvej,4,,8585.0,Glesborg,4.7,2.0,Juletræer og pyntegrønt,583.0,Logo,18-484,0.7,2.0,false
158064,CHRISTIAN GOTFRED DRESCHER,14925473.0,Skelhøjvej,4,,8585.0,Glesborg,4.7,2.0,Juletræer og pyntegrønt,583.0,Legacy 500 SC,396-26,1.2,4.0,false
195529,CHRISTIAN GOTFRED DRESCHER,14925473.0,Skelhøjvej,4,,8585.0,Glesborg,22.1,2.0,Juletræer og pyntegrønt,583.0,Mospilan SG,561-3,5.5,2.0,false
217887,CHRISTIAN GOTFRED DRESCHER,14925473.0,Skelhøjvej,4,,8585.0,Glesborg,51.0,2.0,Juletræer og pyntegrønt,583.0,Roundup Bio,48-16,75.0,4.0,false
73966,GARTNERIET RØNBÆK A/S,14925937.0,Rønbækvej,23A,,8382.0,Hinnerup,0.01,2.0,Potteplanter,545.0,Pirouette,544-3,0.4,4.0,false
150170,GARTNERIET RØNBÆK A/S,14925937.0,Rønbækvej,23A,,8382.0,Hinnerup,1.36,2.0,Potteplanter,545.0,Configure,544-5,27.2,4.0,false
30137,STAUDEGAARDEN KIM NIELSEN TINE FØGH NIELSEN,14943994.0,Rudmevej,27,,5750.0,Ringe,0.5734,2.0,"Planteskolekulturer, stauder",547.0,Aliette WG 80,18-407,2.138,2.0,false
83474,STAUDEGAARDEN KIM NIELSEN TINE FØGH NIELSEN,14943994.0,Rudmevej,27,,5750.0,Ringe,0.075,2.0,"Planteskolekulturer, stauder",547.0,Flexity,19-166,0.075,4.0,false
158712,STAUDEGAARDEN KIM NIELSEN TINE FØGH NIELSEN,14943994.0,Rudmevej,27,,5750.0,Ringe,0.75,2.0,Øvrige afgrøder,900.0,Roundup Bio,48-16,1.39,4.0,false
186683,STAUDEGAARDEN KIM NIELSEN TINE FØGH NIELSEN,14943994.0,Rudmevej,27,,5750.0,Ringe,23.5,2.0,"Planteskolekulturer, stauder",547.0,Sluxx HP,364-59,27.8,2.0,false
253366,STAUDEGAARDEN KIM NIELSEN TINE FØGH NIELSEN,14943994.0,Rudmevej,27,,5750.0,Ringe,0.825,2.0,"Planteskolekulturer, stauder",547.0,DiPel DF,526-13,0.825,2.0,false
260569,STAUDEGAARDEN KIM NIELSEN TINE FØGH NIELSEN,14943994.0,Rudmevej,27,,5750.0,Ringe,6.4,2.0,Øvrige afgrøder,900.0,Glyphomax HL,756-2,8.5,4.0,false
269985,STAUDEGAARDEN KIM NIELSEN TINE FØGH NIELSEN,14943994.0,Rudmevej,27,,5750.0,Ringe,0.405,2.0,"Planteskolekulturer, stauder",547.0,Teldor WG 50,18-343,0.5,2.0,false
312088,STAUDEGAARDEN KIM NIELSEN TINE FØGH NIELSEN,14943994.0,Rudmevej,27,,5750.0,Ringe,0.15,2.0,"Planteskolekulturer, stauder",547.0,Movento SC 100,18-549,0.05,4.0,false
80703,SKOVSELSKABET POULSKER ApS,14946004.0,Orenæs Skovvej,16,,4840.0,Nørre Alslev,14.69,2.0,Anden skovdrift,580.0,Trico,706-1,6.0,4.0,false
103807,SKOVSELSKABET POULSKER ApS,14946004.0,Orenæs Skovvej,16,,4840.0,Nørre Alslev,21.75,2.0,Anden skovdrift,580.0,Bonus All Round 125,14-239,3.0,4.0,false
227860,SKOVSELSKABET POULSKER ApS,14946004.0,Orenæs Skovvej,16,,4840.0,Nørre Alslev,21.75,2.0,Anden skovdrift,580.0,Focus Ultra,19-93,1.0,4.0,false
14475,Bjarne Nielsen,14951180.0,Fulbyvej,62,,4180.0,Sorø,0.5,2.0,"Planteskolekulturer, vedplanter, til videresalg",497.0,Glypper,396-53,0.0006,4.0,false
4890,Kistrup Nordmann v/Aage Bang Madsen,14953302.0,Kistrupvej,11,,8830.0,Tjele,12.09,2.0,Juletræer og pyntegrønt,583.0,Legacy 500 SC,396-26,4.84,4.0,false
27663,Kistrup Nordmann v/Aage Bang Madsen,14953302.0,Kistrupvej,11,,8830.0,Tjele,38.36,2.0,Juletræer og pyntegrønt,583.0,Glypper,396-53,47.48,4.0,false
90703,Kistrup Nordmann v/Aage Bang Madsen,14953302.0,Kistrupvej,11,,8830.0,Tjele,16.52,2.0,Juletræer og pyntegrønt,583.0,ND Sprøjtesvovl 80 WG,242-14,66.08,2.0,false
104972,Kistrup Nordmann v/Aage Bang Madsen,14953302.0,Kistrupvej,11,,8830.0,Tjele,23.86,2.0,Juletræer og pyntegrønt,583.0,Roundup Bio,48-16,35.8,4.0,false
147297,Kistrup Nordmann v/Aage Bang Madsen,14953302.0,Kistrupvej,11,,8830.0,Tjele,17.31,2.0,Juletræer og pyntegrønt,583.0,Metaxon,347-5,12.98,4.0,false
155987,Kistrup Nordmann v/Aage Bang Madsen,14953302.0,Kistrupvej,11,,8830.0,Tjele,16.52,2.0,Juletræer og pyntegrønt,583.0,"Axiendo 2,5 WG",1-252,6.61,2.0,false
276336,Kistrup Nordmann v/Aage Bang Madsen,14953302.0,Kistrupvej,11,,8830.0,Tjele,12.09,2.0,Juletræer og pyntegrønt,583.0,Boxer EC,1-174,24.18,4.0,false
344151,BJARNE FROST ANDERSEN,14972188.0,Tarmvej,3B,,6880.0,Tarm,,,,,,,,,true
213131,Høng Planteskole ApS,15000600.0,Charlottevej,24,,4270.0,Høng,0.02,2.0,Øvrige afgrøder,900.0,Glypper,396-53,0.0016,4.0,false
252724,Høng Planteskole ApS,15000600.0,Charlottevej,24,,4270.0,Høng,0.01,2.0,Blandet frugt,539.0,Svampefri,19-185,0.0012,2.0,false
281191,Høng Planteskole ApS,15000600.0,Charlottevej,24,,4270.0,Høng,0.005,2.0,Øvrige afgrøder,900.0,Movento SC 100,18-549,2.5e-05,4.0,false
306852,Høng Planteskole ApS,15000600.0,Charlottevej,24,,4270.0,Høng,0.005,2.0,Øvrige afgrøder,900.0,U46 M,347-7,0.00025,4.0,false
342647,STALLINGGÅRD/JON WETHELUND,15079304.0,Stallinggårdvej,3,,8462.0,Harlev J,,,,,,,,,true
344127,Tim Funder's Køb og salg,15139641.0,Nr Vollum,14,,6261.0,Bredebro,,,,,,,,,true
343235,LANDMAND POUL ANDERS HVERGEL,15184272.0,Tarpvej,9,,6870.0,Ølgod,,,,,,,,,true
344068,GÅRDEJER ØJVIND CHRISTENSEN,15215380.0,Odderupvej,14,,6880.0,Tarm,,,,,,,,,true
105685,SKJOLDEMOSE SKOVBRUG ANDERS ULRICH,15236787.0,Rødmevej,47,,5771.0,Stenstrup,100.0,2.0,Anden skovdrift,580.0,Roundup Bio,48-16,260.0,4.0,false
261291,SKJOLDEMOSE SKOVBRUG ANDERS ULRICH,15236787.0,Rødmevej,47,,5771.0,Stenstrup,100.0,2.0,Anden skovdrift,580.0,Metaxon,347-5,50.0,4.0,false
276600,SKJOLDEMOSE SKOVBRUG ANDERS ULRICH,15236787.0,Rødmevej,47,,5771.0,Stenstrup,100.0,2.0,Anden skovdrift,580.0,Trico,706-1,15.0,4.0,false
279507,SKJOLDEMOSE SKOVBRUG ANDERS ULRICH,15236787.0,Rødmevej,47,,5771.0,Stenstrup,80.0,2.0,Anden skovdrift,580.0,Legacy 500 SC,396-26,16.0,4.0,false
343706,GÅRDEJER TORBEN VAHLE,15238232.0,Ramten Hedevej,25,,8586.0,Ørum Djurs,,,,,,,,,true
342316,Paul Lorenzen Callesen,15246073.0,Urnehovedvej,100,,6392.0,Bolderslev,,,,,,,,,true
343865,DK Plant Udlejning ApS,15283343.0,Gartnerivej,5,,5450.0,Otterup,,,,,,,,,true
343899,GÅRDEJER KARL ERIK BRATH,15297301.0,Stenkildevej,5,,8970.0,Havndal,,,,,,,,,true
344931,Jens Ove Nøhr Nielsen,15352876.0,Nørregade,31A,,9640.0,Farsø,,,,,,,,,true
342558,Hans Jørgen Kobbelgård Hansen,15353503.0,Midtkobbel,1,,6470.0,Sydals,,,,,,,,,true
343651,Gårdejer Anders Levring,15397233.0,Åsbjergvej,17,,8585.0,Glesborg,,,,,,,,,true
343933,ØSTERGAARD V/THOMAS ØSTERGAARD,15515686.0,Kalvebodvej,249,,2791.0,Dragør,,,,,,,,,true
342527,LANDMAND JØRGEN MOUSTEN NIELSEN,15752394.0,Kølsenvej,44,,8831.0,Løgstrup,,,,,,,,,true
344779,LYKKE BO FØDEVAREPRODUKTION V/Erling Groth Zeerow,15986530.0,Midtervej,5,,6520.0,Toftlund,,,,,,,,,true
342370,Carl Tanderup,15989947.0,Ravndrupvej,21,,5854.0,Gislev,,,,,,,,,true
343976,GÅRDEJER HANS CHR KJELD JENSEN,15995572.0,Ledreborg Alle,30A,,4000.0,Roskilde,,,,,,,,,true
342767,SØREN SØRENSEN,16116173.0,Kvievej,70,,6823.0,Ansager,,,,,,,,,true
344027,NIELS E KRISTENSEN,16174513.0,Suldrupvej,10,,9240.0,Nibe,,,,,,,,,true
342432,LANDBRUG V/BENTE M PDERSEN OG JENS NYGÅRD MADSEN,16181277.0,Hedagervej,8,,7200.0,Grindsted,,,,,,,,,true
344555,JOHANNES HOOGEVEEN,16195596.0,Ørstedvej,24,,6560.0,Sommersted,,,,,,,,,true
344245,KAI RINGGREN,16251070.0,Lørstedvej,101,,9690.0,Fjerritslev,,,,,,,,,true
343667,Landbruger Jens Hedegaard Stokkendal,16256838.0,Oddesundvej,11,,7600.0,Struer,,,,,,,,,true
241804,DANPLANEX A/S,16259128.0,Vinkelvej,7,,6230.0,Rødekro,0.5,2.0,"Planteskolekulturer, vedplanter, til videresalg",497.0,Revus,1-195,0.05,4.0,false
291174,DANPLANEX A/S,16259128.0,Vinkelvej,7,,6230.0,Rødekro,0.5,2.0,"Planteskolekulturer, vedplanter, til videresalg",497.0,Flexity,19-166,0.05,4.0,false
99507,BAY KASPAR FRANTSEN,16372137.0,Egemosevej,4,,4174.0,Jystrup Midtsj,14.4,2.0,Juletræer og pyntegrønt,583.0,Metaxon,347-5,10.5,4.0,false
205654,BAY KASPAR FRANTSEN,16372137.0,Egemosevej,4,,4174.0,Jystrup Midtsj,43.2,2.0,Juletræer og pyntegrønt,583.0,Roundup Bio,48-16,68.4,4.0,false
280453,BAY KASPAR FRANTSEN,16372137.0,Egemosevej,4,,4174.0,Jystrup Midtsj,14.4,2.0,Juletræer og pyntegrønt,583.0,Mospilan SG,561-3,2.75,2.0,false
61649,LINDA BRAAD JØRGENSEN THOMAS NYGÅRD MIKKELSEN,16395781.0,Stjær Bakker,89,,8660.0,Skanderborg,14.0,2.0,Juletræer og pyntegrønt,583.0,Mavrik 2F,396-13,0.3,4.0,false
74250,LINDA BRAAD JØRGENSEN THOMAS NYGÅRD MIKKELSEN,16395781.0,Stjær Bakker,89,,8660.0,Skanderborg,14.0,2.0,Juletræer og pyntegrønt,583.0,ND Sprøjtesvovl 80 WG,242-14,6.75,2.0,false
319604,LANDMAND LARS PETER KVORNING MØLLER,16439983.0,Hærvejen,5,,8620.0,Kjellerup,9.0,2.0,Juletræer og pyntegrønt,583.0,Roundup Bio,48-16,22.0,4.0,false
126964,SKOVBRUG JOHNNY PORT,16440892.0,Gammelbyvej,8,,6780.0,Skærbæk,12.0,2.0,Juletræer og pyntegrønt,583.0,Mospilan SG,561-3,3.0,2.0,false
271159,SKOVBRUG JOHNNY PORT,16440892.0,Gammelbyvej,8,,6780.0,Skærbæk,15.0,2.0,Juletræer og pyntegrønt,583.0,Roundup Bio,48-16,40.0,4.0,false
343627,KJELD ANDERSEN,16522481.0,Stratvej,4,,6740.0,Bramming,,,,,,,,,true
342636,SKOVBRUG KNUD CHRISTENSEN,16532606.0,Hagenstrupvej,42,,8860.0,Ulstrup,,,,,,,,,true
342857,Bakkely Kartofler & Grønt Mogens F Madsen,16584983.0,Nørregade,101,,6690.0,Gørding,,,,,,,,,true
344545,ERLEV BLOMSTER- OG HAVECENTER INGER FRIIS JØRGENSEN,16677302.0,Erlevvej,118,,6100.0,Haderslev,,,,,,,,,true
343499,KARINA B NICOLAISEN,16704407.0,Tevringvej,8,,6780.0,Skærbæk,,,,,,,,,true
343130,GÅRDEJER OLE VINTHER PEDERSEN,16714887.0,Abildgårdsvej,3,,9530.0,Støvring,,,,,,,,,true
343461,LANDMAND PETER JENSEN,16760498.0,Vattrupvej,7,,8620.0,Kjellerup,,,,,,,,,true
16545,TRE-LÆRKE V/MORTEN FREDERIKSEN,16812331.0,Skerningvej,3,,5750.0,Ringe,0.55,2.0,Potteplanter,545.0,Aliette WG 80,18-407,1.1,2.0,false
40592,TRE-LÆRKE V/MORTEN FREDERIKSEN,16812331.0,Skerningvej,3,,5750.0,Ringe,0.7,2.0,Potteplanter,545.0,Teppeki,352-5,0.07,2.0,false
318271,TRE-LÆRKE V/MORTEN FREDERIKSEN,16812331.0,Skerningvej,3,,5750.0,Ringe,0.96,2.0,Potteplanter,545.0,Signum,19-151,0.96,2.0,false
40329,GARTNER HENRIK LETH,16828793.0,Lyngvej,39,,4600.0,Køge,0.3,2.0,Snitblomster og snitgrønt,544.0,Flexity,19-166,7.17e-05,4.0,false
70645,GARTNER HENRIK LETH,16828793.0,Lyngvej,39,,4600.0,Køge,0.3,2.0,Snitblomster og snitgrønt,544.0,Teppeki,352-5,2.88e-05,2.0,false
88135,GARTNER HENRIK LETH,16828793.0,Lyngvej,39,,4600.0,Køge,0.3,2.0,Snitblomster og snitgrønt,544.0,Turex WP (Tidl. Agree 50 WP),738-2,3.3e-05,2.0,false
172684,GARTNER HENRIK LETH,16828793.0,Lyngvej,39,,4600.0,Køge,0.3,2.0,Snitblomster og snitgrønt,544.0,Signum,19-151,0.0001185,2.0,false
191211,GARTNER HENRIK LETH,16828793.0,Lyngvej,39,,4600.0,Køge,0.3,2.0,Snitblomster og snitgrønt,544.0,DiPel DF,526-13,3.36e-05,2.0,false
219932,GARTNER HENRIK LETH,16828793.0,Lyngvej,39,,4600.0,Køge,0.54,2.0,Snitblomster og snitgrønt,544.0,Pirimor 500 WG,396-78,2.223e-05,2.0,false
245447,GARTNER HENRIK LETH,16828793.0,Lyngvej,39,,4600.0,Køge,0.41,2.0,Snitblomster og snitgrønt,544.0,Azatin EC,738-3,0.000185,4.0,false
148909,SKOVENTREPRENØR MIKKEL GEJLAGER,16858803.0,Sølvagervej,1,,6560.0,Sommersted,145.45,2.0,Juletræer og pyntegrønt,583.0,Roundup Bio,48-16,266.65,4.0,false
218729,SKOVENTREPRENØR MIKKEL GEJLAGER,16858803.0,Sølvagervej,1,,6560.0,Sommersted,145.45,2.0,Juletræer og pyntegrønt,583.0,Metaxon,347-5,102.0,4.0,false
266839,SKOVENTREPRENØR MIKKEL GEJLAGER,16858803.0,Sølvagervej,1,,6560.0,Sommersted,145.45,2.0,Juletræer og pyntegrønt,583.0,Mavrik,396-82,47.0,4.0,false
342744,Bavnehøj Skov v/Hans Chr Hestbæk Poulsen,16879207.0,Oasen,15,,8940.0,Randers SV,,,,,,,,,true
344294,LANDBRUG HENDRIK JONGSMA,16899135.0,Ringkøbingvej,361,,6800.0,Varde,,,,,,,,,true
92233,FREY`S PLANTESKOLE V/BENT FREY,16906743.0,Århusvej,278,,8570.0,Trustrup,2.0,2.0,"Planteskolekulturer, vedplanter, til videresalg",497.0,Movento SC 100,18-549,0.5,4.0,false
265800,FREY`S PLANTESKOLE V/BENT FREY,16906743.0,Århusvej,278,,8570.0,Trustrup,1.0,2.0,"Planteskolekulturer, vedplanter, til videresalg",497.0,Vertimec,1-192,1.0,4.0,false
163824,"GARTNERIET ""KRONBORG"" ApS",16932108.0,Bladstrupvej,300A,,5450.0,Otterup,2.0,2.0,"Brak, forårsslåning",338.0,Roundup Bio,48-16,5.25,4.0,false
344471,SKOVLYGÅRD V/HENRIK JOHAN BOAS,16998982.0,Knøsevej,5,,5892.0,Gudbjerg Sydfyn,,,,,,,,,true
10124,LAUBJERGS PLANTESKOLE ApS,17095781.0,Borkvej,18,,6950.0,Ringkøbing,0.23,2.0,Blomme uden undervækst af græs,522.0,Metaxon,347-5,0.23,4.0,false
28604,LAUBJERGS PLANTESKOLE ApS,17095781.0,Borkvej,18,,6950.0,Ringkøbing,6.98,2.0,Æbler,528.0,Roundup Bio,48-16,42.256,4.0,false
61852,LAUBJERGS PLANTESKOLE ApS,17095781.0,Borkvej,18,,6950.0,Ringkøbing,5.94,2.0,Juletræer og pyntegrønt,583.0,Mospilan SG,561-3,0.962,2.0,false
113152,LAUBJERGS PLANTESKOLE ApS,17095781.0,Borkvej,18,,6950.0,Ringkøbing,0.23,2.0,Blomme uden undervækst af græs,522.0,Roundup Bio,48-16,0.5,4.0,false
136587,LAUBJERGS PLANTESKOLE ApS,17095781.0,Borkvej,18,,6950.0,Ringkøbing,0.23,2.0,Blomme uden undervækst af græs,522.0,Mospilan SG,561-3,0.058,2.0,false
151329,LAUBJERGS PLANTESKOLE ApS,17095781.0,Borkvej,18,,6950.0,Ringkøbing,6.98,2.0,Æbler,528.0,Metaxon,347-5,6.98,4.0,false
183210,LAUBJERGS PLANTESKOLE ApS,17095781.0,Borkvej,18,,6950.0,Ringkøbing,5.94,2.0,Juletræer og pyntegrønt,583.0,ConShape,526-21,0.897,4.0,false
187849,LAUBJERGS PLANTESKOLE ApS,17095781.0,Borkvej,18,,6950.0,Ringkøbing,3.15,2.0,Anden træfrugt,531.0,Roundup Bio,48-16,20.589,4.0,false
190283,LAUBJERGS PLANTESKOLE ApS,17095781.0,Borkvej,18,,6950.0,Ringkøbing,0.23,2.0,Blomme uden undervækst af græs,522.0,LFS Dithianon,318-187,0.214,2.0,false
224546,LAUBJERGS PLANTESKOLE ApS,17095781.0,Borkvej,18,,6950.0,Ringkøbing,5.94,2.0,Juletræer og pyntegrønt,583.0,Roundup Bio,48-16,17.82,4.0,false
240234,LAUBJERGS PLANTESKOLE ApS,17095781.0,Borkvej,18,,6950.0,Ringkøbing,5.94,2.0,Juletræer og pyntegrønt,583.0,Metaxon,347-5,2.999,4.0,false
258111,LAUBJERGS PLANTESKOLE ApS,17095781.0,Borkvej,18,,6950.0,Ringkøbing,6.98,2.0,Æbler,528.0,Teppeki,352-5,0.977,2.0,false
305713,LAUBJERGS PLANTESKOLE ApS,17095781.0,Borkvej,18,,6950.0,Ringkøbing,6.98,2.0,Æbler,528.0,LFS Kresoxim-Methyl,318-143,1.396,2.0,false
337787,LAUBJERGS PLANTESKOLE ApS,17095781.0,Borkvej,18,,6950.0,Ringkøbing,6.98,2.0,Æbler,528.0,LFS Dithianon,318-187,13.276,2.0,false
344270,HENRIK REFSLUND HANSEN,17122975.0,Skast,48,,6261.0,Bredebro,,,,,,,,,true
342756,LANDMAND KIM MARKUSSEN,17128043.0,Nibevej,88,,9640.0,Farsø,,,,,,,,,true
45236,BRIAN BRØDSGAARD,17131176.0,Knudevej,5,,7173.0,Vonge,8.41,2.0,Juletræer og pyntegrønt,583.0,U46 M,347-7,4.506,4.0,false
103638,BRIAN BRØDSGAARD,17131176.0,Knudevej,5,,7173.0,Vonge,4.2,2.0,Anden skovdrift,580.0,Glypper,396-53,4.2,4.0,false
152934,BRIAN BRØDSGAARD,17131176.0,Knudevej,5,,7173.0,Vonge,9.94,2.0,Juletræer og pyntegrønt,583.0,Roundup Bio,48-16,11.49976,4.0,false
260915,BRIAN BRØDSGAARD,17131176.0,Knudevej,5,,7173.0,Vonge,12.62,2.0,Juletræer og pyntegrønt,583.0,Glypper,396-53,25.35,4.0,false
279915,BRIAN BRØDSGAARD,17131176.0,Knudevej,5,,7173.0,Vonge,11.82,2.0,Juletræer og pyntegrønt,583.0,ConShape,526-21,1.99962,4.0,false
307608,BRIAN BRØDSGAARD,17131176.0,Knudevej,5,,7173.0,Vonge,4.2,2.0,Anden skovdrift,580.0,U46 M,347-7,2.1,4.0,false
316324,BRIAN BRØDSGAARD,17131176.0,Knudevej,5,,7173.0,Vonge,12.07,2.0,Juletræer og pyntegrønt,583.0,Quartz,18-514,3.439284,4.0,false
344198,MOURITS RAHBEK,17137999.0,Holmager,2,,6940.0,Lem St,,,,,,,,,true
5477,ELLEKÆR V/MORTEN WINTHER-SØRENSEN,17234072.0,Tryvej,81,,9750.0,Østervrå,10.6,2.0,Juletræer og pyntegrønt,583.0,Roundup Bio,48-16,28.58,4.0,false
25843,ELLEKÆR V/MORTEN WINTHER-SØRENSEN,17234072.0,Tryvej,81,,9750.0,Østervrå,10.6,2.0,Juletræer og pyntegrønt,583.0,Mavrik,396-82,3.07,4.0,false
75446,ELLEKÆR V/MORTEN WINTHER-SØRENSEN,17234072.0,Tryvej,81,,9750.0,Østervrå,10.6,2.0,Juletræer og pyntegrønt,583.0,Metaxon,347-5,7.8,4.0,false
82501,ELLEKÆR V/MORTEN WINTHER-SØRENSEN,17234072.0,Tryvej,81,,9750.0,Østervrå,10.6,2.0,Juletræer og pyntegrønt,583.0,ConShape,526-21,5.2,4.0,false
216086,ELLEKÆR V/MORTEN WINTHER-SØRENSEN,17234072.0,Tryvej,81,,9750.0,Østervrå,10.6,2.0,Juletræer og pyntegrønt,583.0,Legacy 500 SC,396-26,0.32,4.0,false
235869,ELLEKÆR V/MORTEN WINTHER-SØRENSEN,17234072.0,Tryvej,81,,9750.0,Østervrå,10.6,2.0,Juletræer og pyntegrønt,583.0,Logo,18-484,0.12,4.0,false
344834,LANDMAND CLAUS HANSEN,17279998.0,Gindeskovgård,3,,7540.0,Haderup,,,,,,,,,true
89483,Skovfogedens Juletræer v/Per Bundgaard Larsen,17447548.0,Nybøllevej,32,,2765.0,Smørum,15.0,2.0,Juletræer og pyntegrønt,583.0,Mospilan SG,561-3,1.1,2.0,false
92965,Skovfogedens Juletræer v/Per Bundgaard Larsen,17447548.0,Nybøllevej,32,,2765.0,Smørum,15.0,2.0,Juletræer og pyntegrønt,583.0,Glypper,396-53,11.9,4.0,false
333797,Skovfogedens Juletræer v/Per Bundgaard Larsen,17447548.0,Nybøllevej,32,,2765.0,Smørum,15.0,2.0,Juletræer og pyntegrønt,583.0,Mavrik,396-82,1.4,4.0,false
338552,Skovfogedens Juletræer v/Per Bundgaard Larsen,17447548.0,Nybøllevej,32,,2765.0,Smørum,15.0,2.0,Juletræer og pyntegrønt,583.0,ConShape,526-21,0.5,4.0,false
343465,OLE MOGENSEN,17453483.0,Egtvedvej,100,,6040.0,Egtved,,,,,,,,,true
344434,CLAUS OLSEN,17474588.0,Kisserupvej,95,,4300.0,Holbæk,,,,,,,,,true
343226,LANDBRUG V/JIMMY STRØM SVENDSEN,17503537.0,Egegårdsvej,1,,9940.0,Læsø,,,,,,,,,true
343753,MINKAVLER JESPER FREDBERG,17505246.0,Naurvej,33,,7500.0,Holstebro,,,,,,,,,true
31621,Flemmings Planteskole Vordingborg,17571486.0,Sigynsvej,3,,4760.0,Vordingborg,0.45,2.0,Potteplanter,545.0,Sempra 500 SC,501-21,6.25e-06,4.0,false
174567,Flemmings Planteskole Vordingborg,17571486.0,Sigynsvej,3,,4760.0,Vordingborg,0.45,2.0,Potteplanter,545.0,Barclay Gallup Super 360,357-4,0.0005,4.0,false
175248,Flemmings Planteskole Vordingborg,17571486.0,Sigynsvej,3,,4760.0,Vordingborg,0.45,2.0,Potteplanter,545.0,Ferrex,774-2,0.00012,2.0,false
252016,Flemmings Planteskole Vordingborg,17571486.0,Sigynsvej,3,,4760.0,Vordingborg,0.17,2.0,Potteplanter,545.0,Movento SC 100,18-549,4.5e-06,4.0,false
262949,Flemmings Planteskole Vordingborg,17571486.0,Sigynsvej,3,,4760.0,Vordingborg,0.45,2.0,Potteplanter,545.0,UkrudtsFri KVIK Koncentrat,364-47,0.00049,4.0,false
309799,Flemmings Planteskole Vordingborg,17571486.0,Sigynsvej,3,,4760.0,Vordingborg,0.45,2.0,Potteplanter,545.0,DiPel DF,526-13,1e-06,2.0,false
7765,Gartneriet Sandagerhus v/ Urban Sandahl Jensen,17573179.0,Bladstrupvej,7,,5270.0,Odense N,0.9,2.0,Potteplanter,545.0,Turex WP (Tidl. Agree 50 WP),738-2,0.9,2.0,false
77543,Gartneriet Sandagerhus v/ Urban Sandahl Jensen,17573179.0,Bladstrupvej,7,,5270.0,Odense N,0.9,2.0,Potteplanter,545.0,Azatin EC,738-3,1.35,4.0,false
93420,Gartneriet Sandagerhus v/ Urban Sandahl Jensen,17573179.0,Bladstrupvej,7,,5270.0,Odense N,0.005,2.0,Potteplanter,545.0,Mycostop WP,880-3,0.00625,2.0,false
118207,Gartneriet Sandagerhus v/ Urban Sandahl Jensen,17573179.0,Bladstrupvej,7,,5270.0,Odense N,0.286,2.0,Potteplanter,545.0,Flexity,19-166,0.14,4.0,false
250849,Gartneriet Sandagerhus v/ Urban Sandahl Jensen,17573179.0,Bladstrupvej,7,,5270.0,Odense N,0.07818,2.0,Potteplanter,545.0,Prestop WP,880-4,0.5,2.0,false
295877,Gartneriet Sandagerhus v/ Urban Sandahl Jensen,17573179.0,Bladstrupvej,7,,5270.0,Odense N,0.15814,2.0,Potteplanter,545.0,Medax Top,19-201,0.25,4.0,false
329757,Gartneriet Sandagerhus v/ Urban Sandahl Jensen,17573179.0,Bladstrupvej,7,,5270.0,Odense N,0.8193,2.0,Potteplanter,545.0,Mospilan SG,561-3,0.407,2.0,false
9091,GARTNERIEJER KURT DAMHOLT CARLSEN,17616285.0,Gyrupvej,17,,5450.0,Otterup,0.3028,2.0,Potteplanter,545.0,Azatin EC,738-3,0.45,4.0,false
175692,GARTNERIEJER KURT DAMHOLT CARLSEN,17616285.0,Gyrupvej,17,,5450.0,Otterup,0.4182,2.0,Potteplanter,545.0,Teppeki,352-5,0.058,2.0,false
207390,GARTNERIEJER KURT DAMHOLT CARLSEN,17616285.0,Gyrupvej,17,,5450.0,Otterup,0.08,2.0,Potteplanter,545.0,Conserve,64-51,0.06,4.0,false
342807,STEEN HUSUM NIELSEN,17829076.0,Teglgårdvej,17,,9500.0,Hobro,,,,,,,,,true
147672,Søegaard Gartneri ApS,17858734.0,Ågerupvej,14A,,4000.0,Roskilde,0.77,2.0,Agurker,541.0,Proplant,361-1,0.45,4.0,false
261340,Søegaard Gartneri ApS,17858734.0,Ågerupvej,14A,,4000.0,Roskilde,0.77,2.0,Agurker,541.0,Floramite 240 SC,558-5,0.84,4.0,false
344922,JØRN BENDORFF,17913646.0,Blokvej,3,,6760.0,Ribe,,,,,,,,,true
344439,KURT NØHR NYGAARD,17914286.0,Ravnsbjergvej,2,,7600.0,Struer,,,,,,,,,true
241883,FINN ANDERSEN GRØNLYKKE,17922742.0,Blåkrogvej,7,,6200.0,Aabenraa,1.0,2.0,Øvrige afgrøder,900.0,DFF,18-416,0.1,4.0,false
344801,ANDERS F MØLLER,18027496.0,Søndre Boulevard,23,,4930.0,Maribo,,,,,,,,,true
344780,LANDBRUG V/HETTE JAN AKKERMAN,18196336.0,Sdr Farup Vej,50,,6760.0,Ribe,,,,,,,,,true
343300,Gårdejer Jørgen Øllegaard Jensen,18229870.0,Fiskerivej,5,,6818.0,Årre,,,,,,,,,true
343950,GARTNER CLAUS KONGSTAD,18246740.0,Gunderupvej,99,,9260.0,Gistrup,,,,,,,,,true
342322,GARTNERIET ÅLYKKEGÅRD V/IVAN BO ANDERSEN,18258102.0,Ejstrupvej,13,,6000.0,Kolding,,,,,,,,,true
92303,Skoventreprenør Chr B Jørgensen,18306905.0,Kræmmervejen,32,,8860.0,Ulstrup,21.0,2.0,Juletræer og pyntegrønt,583.0,Roundup Bio,48-16,47.25,4.0,false
256762,Skoventreprenør Chr B Jørgensen,18306905.0,Kræmmervejen,32,,8860.0,Ulstrup,16.0,2.0,Juletræer og pyntegrønt,583.0,"Axiendo 2,5 WG",1-252,4.0,2.0,false
74218,Handelsgartneriet v/Per Falkensten Andersen,18307731.0,Hjørring Landevej,64,,9380.0,Vestbjerg,0.12,2.0,Potteplanter,545.0,Switch 62.5 WG,1-201,3.5e-05,2.0,false
165622,Handelsgartneriet v/Per Falkensten Andersen,18307731.0,Hjørring Landevej,64,,9380.0,Vestbjerg,0.08,2.0,Potteplanter,545.0,Kompakt 5 C,49-94,2.992e-05,4.0,false
344385,LANDBRUG V/EJNER LYNGBY,18325691.0,Volstrupvej,76,,9240.0,Nibe,,,,,,,,,true
343844,STORE VESTERGÅRD V/CARSTEN CHRISTIANSEN,18327589.0,Vejbyvej,179,,9800.0,Hjørring,,,,,,,,,true
344682,PREBEN LUDVIGSEN,18376571.0,Grættrupvej,13,,8766.0,Nørre Snede,,,,,,,,,true
50386,GRANLYKKE,18410532.0,Tingvejen,5,,7160.0,Tørring,36.0,2.0,Juletræer og pyntegrønt,583.0,U46 M,347-7,8.0,4.0,false
93152,GRANLYKKE,18410532.0,Tingvejen,5,,7160.0,Tørring,36.0,2.0,Juletræer og pyntegrønt,583.0,Accurate Max,347-35,6.0,2.0,false
102302,GRANLYKKE,18410532.0,Tingvejen,5,,7160.0,Tørring,36.0,2.0,Juletræer og pyntegrønt,583.0,Glypper,396-53,70.0,4.0,false
146942,GRANLYKKE,18410532.0,Tingvejen,5,,7160.0,Tørring,36.0,2.0,Juletræer og pyntegrønt,583.0,Quartz,18-514,10.0,4.0,false
344561,KRISTIAN JACOBSEN,18411903.0,Tingvejen,278,,7200.0,Grindsted,,,,,,,,,true
344941,CHRISTIAN HVID JOHANSEN,18437643.0,Gasse Høje,11,,6780.0,Skærbæk,,,,,,,,,true
13402,Børge Schæfler,18463792.0,Ferritslevvej,85A,,5540.0,Ullerslev,5.56,2.0,Vårbyg,1.0,DFF,18-416,0.17,4.0,false
66922,Børge Schæfler,18463792.0,Ferritslevvej,85A,,5540.0,Ullerslev,8.96,2.0,Juletræer og pyntegrønt,583.0,Roundup Bio,48-16,10.0,4.0,false
135009,Børge Schæfler,18463792.0,Ferritslevvej,85A,,5540.0,Ullerslev,5.75,2.0,Juletræer og pyntegrønt,583.0,Glypper,396-53,22.2,4.0,false
174863,Børge Schæfler,18463792.0,Ferritslevvej,85A,,5540.0,Ullerslev,5.75,2.0,Juletræer og pyntegrønt,583.0,Quartz,18-514,0.4,4.0,false
190602,Børge Schæfler,18463792.0,Ferritslevvej,85A,,5540.0,Ullerslev,3.21,2.0,Juletræer og pyntegrønt,583.0,Metaxon,347-5,3.5,4.0,false
192885,Børge Schæfler,18463792.0,Ferritslevvej,85A,,5540.0,Ullerslev,5.56,2.0,Vårbyg,1.0,MUSTANG Forte (tidl. CathForte/JunctionForte),64-70,2.78,4.0,false
231916,Børge Schæfler,18463792.0,Ferritslevvej,85A,,5540.0,Ullerslev,5.75,2.0,Juletræer og pyntegrønt,583.0,Mospilan SG,561-3,1.0,2.0,false
306626,Børge Schæfler,18463792.0,Ferritslevvej,85A,,5540.0,Ullerslev,1.46,2.0,Juletræer og pyntegrønt,583.0,ConShape,526-21,0.7,4.0,false
334131,Børge Schæfler,18463792.0,Ferritslevvej,85A,,5540.0,Ullerslev,5.56,2.0,Vårbyg,1.0,Balaya,19-240,2.63,4.0,false
343195,ASGER NIELSEN,18496682.0,Krusbjergvej,1B,,6870.0,Ølgod,,,,,,,,,true
343929,CLAUS BERG PETERSEN,18548682.0,Langagervej,70,,6100.0,Haderslev,,,,,,,,,true
343528,JENS CHRISTIAN LASSEN,18564572.0,Hagensig,7,,6470.0,Sydals,,,,,,,,,true
17580,BENT ELKJÆR JENSEN,18587599.0,Haugårdvej,1,,9632.0,Møldrup,27.4,2.0,Juletræer og pyntegrønt,583.0,Legacy 500 SC,396-26,1.4375,4.0,false
45675,BENT ELKJÆR JENSEN,18587599.0,Haugårdvej,1,,9632.0,Møldrup,27.4,2.0,Juletræer og pyntegrønt,583.0,Mospilan SG,561-3,2.875,2.0,false
207819,BENT ELKJÆR JENSEN,18587599.0,Haugårdvej,1,,9632.0,Møldrup,27.4,2.0,Juletræer og pyntegrønt,583.0,Metaxon,347-5,6.15,4.0,false
262473,BENT ELKJÆR JENSEN,18587599.0,Haugårdvej,1,,9632.0,Møldrup,27.4,2.0,Juletræer og pyntegrønt,583.0,Roundup Bio,48-16,20.625,4.0,false
66814,GARTNERI V/BJARNE RATH MORTENSEN,18593408.0,Skovgyden,50,,5800.0,Nyborg,0.2,2.0,Potteplanter,545.0,Milbeknock,632-5,0.1,4.0,false
129596,GARTNERI V/BJARNE RATH MORTENSEN,18593408.0,Skovgyden,50,,5800.0,Nyborg,0.06,2.0,Potteplanter,545.0,Amistar,1-172,0.1,4.0,false
232051,GARTNERI V/BJARNE RATH MORTENSEN,18593408.0,Skovgyden,50,,5800.0,Nyborg,0.075,2.0,Potteplanter,545.0,Vertimec,1-192,0.075,4.0,false
307653,GARTNERI V/BJARNE RATH MORTENSEN,18593408.0,Skovgyden,50,,5800.0,Nyborg,0.11,2.0,Potteplanter,545.0,Pirouette,544-3,4.4,4.0,false
310409,GARTNERI V/BJARNE RATH MORTENSEN,18593408.0,Skovgyden,50,,5800.0,Nyborg,0.015,2.0,Potteplanter,545.0,Caryx,19-207,0.06,4.0,false
344571,GÅRESTRUP VESTERGAARD A/S,18677776.0,Allingdamvej,44,,9850.0,Hirtshals,,,,,,,,,true
343252,I/S LEIF OG KURT JENSEN,18700840.0,Birkelev,4,,6780.0,Skærbæk,,,,,,,,,true
344008,Maskinudlejning v/Benny Andersen,18740281.0,Nørrebyvej,15,,6740.0,Bramming,,,,,,,,,true
343828,LANDMAND THOMAS JOHANSEN,18758687.0,Hornskovvej,15,,8620.0,Kjellerup,,,,,,,,,true
343433,JØRGEN MÅNSSON,18796996.0,Ramsevej,2,,5600.0,Faaborg,,,,,,,,,true
344764,PER JACOBSEN,18887835.0,Kongensbrovej,4,,8881.0,Thorsø,,,,,,,,,true
342306,LL HALLEGÅRD V/JØRN SVENDSEN,18907402.0,Plantagevej,23,,3730.0,Nexø,,,,,,,,,true
11933,SPIREGÅRDEN V/JAN THYGE JENSEN,18948478.0,Virringvej,2,,8960.0,Randers SØ,0.01,2.0,Potteplanter,545.0,Amistar,1-172,0.265,4.0,false
157808,SPIREGÅRDEN V/JAN THYGE JENSEN,18948478.0,Virringvej,2,,8960.0,Randers SØ,0.01,2.0,Potteplanter,545.0,Kompakt 5 C,49-94,0.226,4.0,false
182960,SPIREGÅRDEN V/JAN THYGE JENSEN,18948478.0,Virringvej,2,,8960.0,Randers SØ,0.01,2.0,Potteplanter,545.0,Revus,1-195,0.405,4.0,false
241346,SPIREGÅRDEN V/JAN THYGE JENSEN,18948478.0,Virringvej,2,,8960.0,Randers SØ,0.01,2.0,Potteplanter,545.0,Proplant,361-1,0.18,4.0,false
273634,SPIREGÅRDEN V/JAN THYGE JENSEN,18948478.0,Virringvej,2,,8960.0,Randers SØ,0.01,2.0,Potteplanter,545.0,Dazide Enhance,544-6,0.165,4.0,false
344235,CARSTEN HENRIKSEN,18962632.0,Nørremarksvej,13,,7870.0,Roslev,,,,,,,,,true
344312,Klim & Høflers Eftf. v/Torben Nielsen,19011607.0,Storhøjvej,34,,9530.0,Støvring,,,,,,,,,true
18704,Mark Krogshave,19026140.0,Skrolleshedevej,180,,9760.0,Vrå,23.1,2.0,Vinterraps,22.0,Kerb 400 SC,64-72,27.023,4.0,false
41441,Mark Krogshave,19026140.0,Skrolleshedevej,180,,9760.0,Vrå,26.23,2.0,Vinterrug,14.0,DFF,18-416,1.312,4.0,false
68480,Mark Krogshave,19026140.0,Skrolleshedevej,180,,9760.0,Vrå,26.23,2.0,Vinterrug,14.0,Roundup Flex (tidl. MON 79351 (Zanussi)),48-43,52.46,4.0,false
112588,Mark Krogshave,19026140.0,Skrolleshedevej,180,,9760.0,Vrå,71.89,2.0,Vårbyg,1.0,Roundup Flex (tidl. MON 79351 (Zanussi)),48-43,9.36,4.0,false
171515,Mark Krogshave,19026140.0,Skrolleshedevej,180,,9760.0,Vrå,23.1,2.0,Vinterraps,22.0,Lamdex,396-77,4.62,2.0,false
196311,Mark Krogshave,19026140.0,Skrolleshedevej,180,,9760.0,Vrå,23.1,2.0,Vinterraps,22.0,Agil 100 EC,396-12,16.17,4.0,false
261858,Mark Krogshave,19026140.0,Skrolleshedevej,180,,9760.0,Vrå,26.23,2.0,Vinterrug,14.0,Topik EC,396-74,4.232,4.0,false
297555,Mark Krogshave,19026140.0,Skrolleshedevej,180,,9760.0,Vrå,23.1,2.0,Vinterraps,22.0,Belkar,64-91,9.24,4.0,false
344034,Gunnar´s Planter v/Ole Hansen,19072282.0,Råbrovej,34,,2765.0,Smørum,,,,,,,,,true
343396,Friis's Planteskole v/Karsten Friis Andersen,19079503.0,Hovvej,7,,6870.0,Ølgod,,,,,,,,,true
39186,GÅRDEJER ERIK JAKOBSEN,19168697.0,Børup Skovvej,15,,7000.0,Fredericia,5.0,2.0,Juletræer og pyntegrønt,583.0,Roundup Bio,48-16,12.5,4.0,false
269213,GÅRDEJER ERIK JAKOBSEN,19168697.0,Børup Skovvej,15,,7000.0,Fredericia,5.0,2.0,Juletræer og pyntegrønt,583.0,"Axiendo 2,5 WG",1-252,1.6,2.0,false
312149,GÅRDEJER ERIK JAKOBSEN,19168697.0,Børup Skovvej,15,,7000.0,Fredericia,5.0,2.0,Juletræer og pyntegrønt,583.0,ND Sprøjtesvovl 80 WG,242-14,16.0,2.0,false
257767,KARL AAGAARD,19169677.0,Brændstrupvej,21,,6510.0,Gram,10.01,2.0,Juletræer og pyntegrønt,583.0,Roundup Bio,48-16,19.46,4.0,false
277581,KARL AAGAARD,19169677.0,Brændstrupvej,21,,6510.0,Gram,6.58,2.0,Juletræer og pyntegrønt,583.0,Metaxon,347-5,3.1,4.0,false
309826,HANDELSFIRMAET SKOVVANG,19179680.0,Enghavevej,3B,,6630.0,Rødding,6.0,2.0,Juletræer og pyntegrønt,583.0,Mavrik,396-82,1.2,4.0,false
177885,Rødkjærsgård v/Brian Dohn,19215385.0,Fårupvej,10,,8544.0,Mørke,0.5,2.0,Anden skovdrift,580.0,Roundup Bio,48-16,0.5,4.0,false
342570,CHRISTIAN LEHNER,19331237.0,Overlundsvej,1,,5672.0,Broby,,,,,,,,,true
342479,JAN OHMANN,19385302.0,Banevej,30,,4261.0,Dalmose,,,,,,,,,true
20246,PER MADSEN,19390330.0,Gravvængevej,30,,5882.0,Vejstrup,14.53,2.0,Vinterraps,22.0,Lamdex,396-77,3.78,2.0,false
58772,PER MADSEN,19390330.0,Gravvængevej,30,,5882.0,Vejstrup,20.27,2.0,Vinterhybridrug,15.0,Mateno Duo SC 600,18-631,7.094,4.0,false
86473,PER MADSEN,19390330.0,Gravvængevej,30,,5882.0,Vejstrup,14.53,2.0,Vinterraps,22.0,Agil 100 EC,396-12,5.08,4.0,false
98727,PER MADSEN,19390330.0,Gravvængevej,30,,5882.0,Vejstrup,14.53,2.0,Vinterraps,22.0,Kalif 360 CS,396-57,1.092,4.0,false
158433,PER MADSEN,19390330.0,Gravvængevej,30,,5882.0,Vejstrup,15.02,2.0,Vinterhvede,11.0,Evure Neo,396-73,3.004,4.0,false
188894,PER MADSEN,19390330.0,Gravvængevej,30,,5882.0,Vejstrup,20.27,2.0,Vinterhybridrug,15.0,Boxer,1-211,20.27,4.0,false
203137,PER MADSEN,19390330.0,Gravvængevej,30,,5882.0,Vejstrup,15.02,2.0,Vinterhvede,11.0,Glyphomax HL,756-2,6.615,4.0,false
203797,PER MADSEN,19390330.0,Gravvængevej,30,,5882.0,Vejstrup,14.53,2.0,Vinterraps,22.0,Belkar,64-91,5.205,4.0,false
230313,PER MADSEN,19390330.0,Gravvængevej,30,,5882.0,Vejstrup,15.02,2.0,Vinterhvede,11.0,Mateno Duo SC 600,18-631,6.008,4.0,false
242468,PER MADSEN,19390330.0,Gravvængevej,30,,5882.0,Vejstrup,20.27,2.0,Vinterhybridrug,15.0,Lamdex,396-77,4.054,2.0,false
246727,PER MADSEN,19390330.0,Gravvængevej,30,,5882.0,Vejstrup,15.02,2.0,Vinterhvede,11.0,Boxer,1-211,15.02,4.0,false
273230,PER MADSEN,19390330.0,Gravvængevej,30,,5882.0,Vejstrup,14.53,2.0,Vinterraps,22.0,Stomp CS,19-205,1.923,4.0,false
343221,Arie Stoter,19401545.0,Hobrovej,73,,9500.0,Hobro,,,,,,,,,true
50697,ÆBLEHAVEN V/ANNELISE HANSEN & SØREN NIELSEN,19435792.0,Aastrupvej,7,,4850.0,Stubbekøbing,0.04,2.0,Containerplads,564.0,Candit,19-92,4e-06,2.0,false
173481,ÆBLEHAVEN V/ANNELISE HANSEN & SØREN NIELSEN,19435792.0,Aastrupvej,7,,4850.0,Stubbekøbing,0.4,2.0,"Planteskolekulturer, vedplanter, til videresalg",497.0,LFS Azoxystrobin,318-52,1.6,4.0,false
304161,ÆBLEHAVEN V/ANNELISE HANSEN & SØREN NIELSEN,19435792.0,Aastrupvej,7,,4850.0,Stubbekøbing,1.0,2.0,Æbler,528.0,Delan WG,19-149,1.4,2.0,false
342997,SVEND-ERIK SØRENSEN,19464903.0,Åstvej,2,,7184.0,Vandel,,,,,,,,,true
56555,KJELLERUP PLANTECENTER V/ANNETTE DAMSGAARD,19482243.0,Vinkelvej,2,,8620.0,Kjellerup,0.013,2.0,"Planteskolekulturer, vedplanter, til videresalg",497.0,Movento SC 100,18-549,0.01,4.0,false
245724,KJELLERUP PLANTECENTER V/ANNETTE DAMSGAARD,19482243.0,Vinkelvej,2,,8620.0,Kjellerup,0.66,2.0,Containerplads,564.0,Roundup Bio,48-16,1.8,4.0,false
131738,SØREN PEDERSEN,19510492.0,Dagstrupvej,8,,8544.0,Mørke,0.25,2.0,Skovdrift med fjernelse af ved,581.0,"Axiendo 2,5 WG",1-252,0.8,2.0,false
263191,SØREN PEDERSEN,19510492.0,Dagstrupvej,8,,8544.0,Mørke,3.37,2.0,Juletræer og pyntegrønt,583.0,Roundup Bio,48-16,6.75,4.0,false
343434,NORDENSKOV-NÆSBJERG EL-SERVICE ApS,19524191.0,J C Jensensvej,3B,,6800.0,Varde,,,,,,,,,true
28777,ELIN FILT JEPSEN,19604780.0,Varde Landevej,74,,6800.0,Varde,5.5,2.0,Juletræer og pyntegrønt,583.0,Roundup Bio,48-16,20.5,4.0,false
81783,Hørsholm Planteskole V/Rune Glæsel,19635473.0,Sjælsmarkvej,9,,2970.0,Hørsholm,4.5,2.0,"Planteskolekulturer, vedplanter, til videresalg",497.0,Metaxon,347-5,2.0,4.0,false
132019,Hørsholm Planteskole V/Rune Glæsel,19635473.0,Sjælsmarkvej,9,,2970.0,Hørsholm,20.0,2.0,Juletræer og pyntegrønt,583.0,Roundup Bio,48-16,75.0,4.0,false
143738,Hørsholm Planteskole V/Rune Glæsel,19635473.0,Sjælsmarkvej,9,,2970.0,Hørsholm,8.0,2.0,Juletræer og pyntegrønt,583.0,ConShape,526-21,6.5,4.0,false
243260,Hørsholm Planteskole V/Rune Glæsel,19635473.0,Sjælsmarkvej,9,,2970.0,Hørsholm,5.0,2.0,Juletræer og pyntegrønt,583.0,"Axiendo 2,5 WG",1-252,3.0,2.0,false
252924,Hørsholm Planteskole V/Rune Glæsel,19635473.0,Sjælsmarkvej,9,,2970.0,Hørsholm,0.1,2.0,Juletræer og pyntegrønt,583.0,Pomoxon Extra (disp. juletræer 01/05 - 01/08 -2022) ,347-58,0.022,4.0,false
262999,Hørsholm Planteskole V/Rune Glæsel,19635473.0,Sjælsmarkvej,9,,2970.0,Hørsholm,16.0,2.0,Juletræer og pyntegrønt,583.0,Metaxon,347-5,16.0,4.0,false
277364,Hørsholm Planteskole V/Rune Glæsel,19635473.0,Sjælsmarkvej,9,,2970.0,Hørsholm,15.0,2.0,Juletræer og pyntegrønt,583.0,Ronstar Expert (tidl. Valdor),18-567,5.0,2.0,false
278279,Hørsholm Planteskole V/Rune Glæsel,19635473.0,Sjælsmarkvej,9,,2970.0,Hørsholm,6.0,2.0,Juletræer og pyntegrønt,583.0,Mospilan SG,561-3,3.0,2.0,false
280440,Hørsholm Planteskole V/Rune Glæsel,19635473.0,Sjælsmarkvej,9,,2970.0,Hørsholm,4.0,2.0,"Planteskolekulturer, vedplanter, til videresalg",497.0,Logo,18-484,0.6,2.0,false
330368,Hørsholm Planteskole V/Rune Glæsel,19635473.0,Sjælsmarkvej,9,,2970.0,Hørsholm,4.5,2.0,"Planteskolekulturer, vedplanter, til videresalg",497.0,Roundup Bio,48-16,12.0,4.0,false
140276,JAN DRØHSE HOLDING ApS,19671046.0,Munkeparken,60,,6240.0,Løgumkloster,1.9,2.0,Anden skovdrift,580.0,"Axiendo 2,5 WG",1-252,1.52,2.0,false
342469,ESPANSIVA A/S,19746844.0,Grønholtvangen,22,,3480.0,Fredensborg,,,,,,,,,true
269696,KFJU HOLDING ApS,19819671.0,Skovstien,1,,6990.0,Ulfborg,3.0,2.0,Skovdrift med fjernelse af ved,581.0,"Axiendo 2,5 WG",1-252,2.3,2.0,false
291333,KFJU HOLDING ApS,19819671.0,Skovstien,1,,6990.0,Ulfborg,0.8,2.0,Anden skovdrift,580.0,Roundup Bio,48-16,0.4,4.0,false
90173,GARTNER LAU KONGE,19821536.0,Druestrupvej,31,,4682.0,Tureby,0.5,2.0,Potteplanter,545.0,Teppeki,352-5,0.015,2.0,false
227318,GARTNER LAU KONGE,19821536.0,Druestrupvej,31,,4682.0,Tureby,0.5,2.0,Potteplanter,545.0,Caryx,19-207,2.5,4.0,false
49569,Sydjysk Skovservice og Forst Service,19822486.0,Aastrupvej,25,,6100.0,Haderslev,5.5,2.0,Juletræer og pyntegrønt,583.0,"Karate 2,5 WG",1-163,2.2,2.0,false
75501,Sydjysk Skovservice og Forst Service,19822486.0,Aastrupvej,25,,6100.0,Haderslev,20.5,2.0,Juletræer og pyntegrønt,583.0,Roundup Bio,48-16,23.31,4.0,false
308592,Sydjysk Skovservice og Forst Service,19822486.0,Aastrupvej,25,,6100.0,Haderslev,15.0,2.0,Juletræer og pyntegrønt,583.0,Quartz,18-514,3.0,4.0,false
343817,KLAUS REFSLUND HANSEN,19968294.0,Hjerpstedvej,7,,6280.0,Højer,,,,,,,,,true
344804,HENDRIK GERRIT NEULEMAN,19976297.0,Nebelvej,32,,6623.0,Vorbasse,,,,,,,,,true
343495,Vesselbjerg v/ Andries de Boer,20034033.0,Mølbyvej,13,,6823.0,Ansager,,,,,,,,,true
6158,LANDMAND KURT BIRGER OLSEN,20106484.0,Søndre Kirkevej,20,,9940.0,Læsø,6.37,2.0,Vårbyg,1.0,Express 50 SX,11-69,0.032,2.0,false
37336,LANDMAND KURT BIRGER OLSEN,20106484.0,Søndre Kirkevej,20,,9940.0,Læsø,21.73,2.0,Vinterhybridrug,15.0,Zypar,64-88,10.865,4.0,false
128047,LANDMAND KURT BIRGER OLSEN,20106484.0,Søndre Kirkevej,20,,9940.0,Læsø,21.73,2.0,Vinterhybridrug,15.0,Prosaro,18-667,8.692,4.0,false
199052,LANDMAND KURT BIRGER OLSEN,20106484.0,Søndre Kirkevej,20,,9940.0,Læsø,21.73,2.0,Vinterhybridrug,15.0,DFF,18-416,2.173,4.0,false
238903,LANDMAND KURT BIRGER OLSEN,20106484.0,Søndre Kirkevej,20,,9940.0,Læsø,21.73,2.0,Vinterhybridrug,15.0,Cycocel 750,19-22,10.865,4.0,false
252968,LANDMAND KURT BIRGER OLSEN,20106484.0,Søndre Kirkevej,20,,9940.0,Læsø,21.73,2.0,Vinterhybridrug,15.0,Boxer,1-211,16.298,4.0,false
281739,LANDMAND KURT BIRGER OLSEN,20106484.0,Søndre Kirkevej,20,,9940.0,Læsø,6.37,2.0,Vårbyg,1.0,Propulse SE 250,18-597,1.911,4.0,false
305133,LANDMAND KURT BIRGER OLSEN,20106484.0,Søndre Kirkevej,20,,9940.0,Læsø,6.37,2.0,Vårbyg,1.0,DFF,18-416,0.191,4.0,false
323728,LANDMAND KURT BIRGER OLSEN,20106484.0,Søndre Kirkevej,20,,9940.0,Læsø,21.73,2.0,Vinterhybridrug,15.0,Moddus Start,1-223,3.26,4.0,false
329320,LANDMAND KURT BIRGER OLSEN,20106484.0,Søndre Kirkevej,20,,9940.0,Læsø,6.37,2.0,Vårbyg,1.0,Starane 333 HL,64-82,0.956,4.0,false
338293,LANDMAND KURT BIRGER OLSEN,20106484.0,Søndre Kirkevej,20,,9940.0,Læsø,6.37,2.0,Vårbyg,1.0,Comet Pro (tidl. Comet 200),19-184,1.593,4.0,false
343001,CLAUS M SØRENSEN,20122706.0,Nibevej,57,,9640.0,Farsø,,,,,,,,,true
343691,Asger Larsen,20134348.0,Nejedevej,15A,,3400.0,Hillerød,,,,,,,,,true
344466,VREJLEV LANDBRUG ApS,20227591.0,Vrejlev Møllevej,11,,9760.0,Vrå,,,,,,,,,true
344747,STIG ANDERSEN,20253533.0,Sandbyvej,29,,4532.0,Gislinge,,,,,,,,,true
343999,HALS SØNDERSKOV V/M Y MARCUSSEN,20312947.0,Sønderskovvej,142,,9370.0,Hals,,,,,,,,,true
39354,Skovbruget Sandet v/Henrik Birk Pedersen,20361530.0,Sandet,4,,4130.0,Viby Sjælland,14.0,2.0,Juletræer og pyntegrønt,583.0,ConShape,526-21,6.0,4.0,false
77396,Skovbruget Sandet v/Henrik Birk Pedersen,20361530.0,Sandet,4,,4130.0,Viby Sjælland,10.0,2.0,Juletræer og pyntegrønt,583.0,Metaxon,347-5,10.0,4.0,false
194333,Skovbruget Sandet v/Henrik Birk Pedersen,20361530.0,Sandet,4,,4130.0,Viby Sjælland,14.8,2.0,Juletræer og pyntegrønt,583.0,Legacy 500 SC,396-26,8.0,4.0,false
255036,Skovbruget Sandet v/Henrik Birk Pedersen,20361530.0,Sandet,4,,4130.0,Viby Sjælland,20.8,2.0,Juletræer og pyntegrønt,583.0,Roundup Bio,48-16,125.0,4.0,false
334420,Skovbruget Sandet v/Henrik Birk Pedersen,20361530.0,Sandet,4,,4130.0,Viby Sjælland,20.8,2.0,Juletræer og pyntegrønt,583.0,"Axiendo 2,5 WG",1-252,12.0,2.0,false
338080,Skovbruget Sandet v/Henrik Birk Pedersen,20361530.0,Sandet,4,,4130.0,Viby Sjælland,2.5,2.0,Juletræer og pyntegrønt,583.0,Ronstar Expert (tidl. Valdor),18-567,0.825,2.0,false
340702,Skovbruget Sandet v/Henrik Birk Pedersen,20361530.0,Sandet,4,,4130.0,Viby Sjælland,20.8,2.0,Juletræer og pyntegrønt,583.0,Mospilan SG,561-3,10.0,2.0,false
9601,Autrup`s Skovservice v/Søren Autrup,20379138.0,Tanggårdvej,6,,6640.0,Lunderskov,26.0,2.0,Juletræer og pyntegrønt,583.0,Roundup,48-1,4.0,4.0,false
20553,Autrup`s Skovservice v/Søren Autrup,20379138.0,Tanggårdvej,6,,6640.0,Lunderskov,26.0,2.0,Juletræer og pyntegrønt,583.0,Roundup Bio,48-16,100.6,4.0,false
344244,Knud Hansen,20490314.0,Vester Dørkenvej,8-10,,7323.0,Give,,,,,,,,,true
344168,GÅRDEJER KARSTEN HANSEN,20501138.0,Ambjergvej,31,,4760.0,Vordingborg,,,,,,,,,true
342553,Gartneriet Årslev,20573392.0,Kirstinebjergvej,33,,5792.0,Årslev,,,,,,,,,true
57804,Gartneriet Gedeholm v/Mikael Petersen,20579544.0,Bindekildevej,38,,5250.0,Odense SV,0.14,2.0,Potteplanter,545.0,Gnatrol SC,526-14,9.8,4.0,false
186792,Gartneriet Gedeholm v/Mikael Petersen,20579544.0,Bindekildevej,38,,5250.0,Odense SV,1.304,2.0,Øvrige afgrøder,900.0,Barclay Gallup Super 360,357-4,5.2,4.0,false
343988,TANGE MINK V/HENRIK H BJERRE,20627778.0,Jernvedvej,14,,6690.0,Gørding,,,,,,,,,true
343773,LANDMAND JENS LAURSEN,20670576.0,Strandetvej,58,,7840.0,Højslev,,,,,,,,,true
344242,Gartneriet Spiren,20722436.0,Fornetoftevej,10,,4230.0,Skælskør,,,,,,,,,true
342466,Jukkerup Gård I/S v/Hanne Zehngraff,20780908.0,Jukkerupvej,1,,4420.0,Regstrup,,,,,,,,,true
10538,Frenderup Planteskole v/Heidi & John Zethof,20904372.0,Egedevej,156,,4640.0,Faxe,0.5,2.0,"Planteskolekulturer, stauder",547.0,Ariane FG S,64-39,1.25,4.0,false
56196,Frenderup Planteskole v/Heidi & John Zethof,20904372.0,Egedevej,156,,4640.0,Faxe,1.0,2.0,"Planteskolekulturer, stauder",547.0,Roundup Bio,48-16,4.0,4.0,false
188139,Frenderup Planteskole v/Heidi & John Zethof,20904372.0,Egedevej,156,,4640.0,Faxe,0.5,2.0,"Planteskolekulturer, stauder",547.0,Pistol ukrudtsmiddel,19-241,1.55,4.0,false
342673,SVINEAVL V/ERIK STAUN,20927941.0,Sønderholm Hedevej,27,,9240.0,Nibe,,,,,,,,,true
305353,NYLUND PLANTESKOLE V/IRENE JENSEN,21103799.0,Hjarsbækvej,21,,8680.0,Ry,0.25,2.0,"Planteskolekulturer, vedplanter, til videresalg",497.0,Roundup Bio,48-16,0.6,4.0,false
6693,Cuusoo v/Peter Kjær,21112933.0,Gl. Hjelmvej,1,,4990.0,Sakskøbing,70.47,2.0,Vinterraps,22.0,Kerb 400 SC,64-72,50.8,4.0,false
33099,Cuusoo v/Peter Kjær,21112933.0,Gl. Hjelmvej,1,,4990.0,Sakskøbing,70.47,2.0,Vinterraps,22.0,Agil 100 EC,396-12,24.085,4.0,false
91606,Cuusoo v/Peter Kjær,21112933.0,Gl. Hjelmvej,1,,4990.0,Sakskøbing,70.47,2.0,Vinterraps,22.0,Lamdex,396-77,6.693,2.0,false
160585,Cuusoo v/Peter Kjær,21112933.0,Gl. Hjelmvej,1,,4990.0,Sakskøbing,113.81,2.0,Vinterhvede,11.0,Mateno Duo SC 600,18-631,33.4385,4.0,false
200919,Cuusoo v/Peter Kjær,21112933.0,Gl. Hjelmvej,1,,4990.0,Sakskøbing,70.47,2.0,Vinterraps,22.0,Sluxx HP,364-59,245.48,2.0,false
206447,Cuusoo v/Peter Kjær,21112933.0,Gl. Hjelmvej,1,,4990.0,Sakskøbing,113.81,2.0,Vinterhvede,11.0,Boxer,1-211,51.225,4.0,false
265583,Cuusoo v/Peter Kjær,21112933.0,Gl. Hjelmvej,1,,4990.0,Sakskøbing,58.57,2.0,Vårbyg,1.0,Roundup PowerMax (tid. MON 79991),48-47,25.245,2.0,false
292925,Cuusoo v/Peter Kjær,21112933.0,Gl. Hjelmvej,1,,4990.0,Sakskøbing,113.81,2.0,Vinterhvede,11.0,Lamdex,396-77,5.407,2.0,false
307142,Cuusoo v/Peter Kjær,21112933.0,Gl. Hjelmvej,1,,4990.0,Sakskøbing,22.5,2.0,Anden skovdrift,580.0,Roundup Bio,48-16,78.38,4.0,false
326419,Cuusoo v/Peter Kjær,21112933.0,Gl. Hjelmvej,1,,4990.0,Sakskøbing,70.47,2.0,Vinterraps,22.0,Belkar,64-91,15.617,4.0,false
8493,GYSSENBORG V/MICHAEL BACH JENSEN,21123099.0,Bovhusvej,9,,9300.0,Sæby,1.8,2.0,Anden skovdrift,580.0,Roundup Bio,48-16,1.3,4.0,false
343023,KONGEMARKSGÅRDEN V/HANS BO ASBJØRN DUEHOLM,21149187.0,Kongemarken,5,,4000.0,Roskilde,,,,,,,,,true
340329,ANCHER'S HAVECENTER ApS,21246301.0,Kildebrøndevej,50,,2670.0,Greve,0.3,2.0,Potteplanter,545.0,Vertimec,1-192,0.9,4.0,false
344652,STOREMOSEGÅRD V/ANETTE SLESVIG,21253146.0,Ll Fjellenstrupvej,35,,3250.0,Gilleleje,,,,,,,,,true
343079,Hesselbjergvej 18 v/Ulrik Stougaard,21333379.0,Langgade,68,,5620.0,Glamsbjerg,,,,,,,,,true
344693,LANDBRUG SJOERD KOUDENBURG,21363294.0,Lykkebjergvej,9,,6800.0,Varde,,,,,,,,,true
1754,RONEKLINT GODS AF 20/10-1998 A/S,21389994.0,Trehøjevej,45,,4070.0,Kirke Hyllinge,210.78,2.0,Vinterhvede,11.0,Atlantis OD,18-505,63.234,4.0,false
3238,RONEKLINT GODS AF 20/10-1998 A/S,21389994.0,Trehøjevej,45,,4070.0,Kirke Hyllinge,41.42,2.0,Vinterbyg,10.0,Comet Pro (tidl. Comet 200),19-184,8.284,4.0,false
18714,RONEKLINT GODS AF 20/10-1998 A/S,21389994.0,Trehøjevej,45,,4070.0,Kirke Hyllinge,85.32,2.0,Vinterraps,22.0,Agil 100 EC,396-12,17.352,4.0,false
32406,RONEKLINT GODS AF 20/10-1998 A/S,21389994.0,Trehøjevej,45,,4070.0,Kirke Hyllinge,11.63,2.0,Rødsvingelfrø,108.0,Sonis,1-251,9.304,4.0,false
37047,RONEKLINT GODS AF 20/10-1998 A/S,21389994.0,Trehøjevej,45,,4070.0,Kirke Hyllinge,41.42,2.0,Vinterbyg,10.0,Starane 333 HL,64-82,8.284,4.0,false
72036,RONEKLINT GODS AF 20/10-1998 A/S,21389994.0,Trehøjevej,45,,4070.0,Kirke Hyllinge,113.2,2.0,Vårbyg,1.0,Express 50 SX,11-69,0.566,2.0,false
78130,RONEKLINT GODS AF 20/10-1998 A/S,21389994.0,Trehøjevej,45,,4070.0,Kirke Hyllinge,40.94,2.0,Vinterhybridrug,15.0,Atlantis OD,18-505,12.282,4.0,false
80653,RONEKLINT GODS AF 20/10-1998 A/S,21389994.0,Trehøjevej,45,,4070.0,Kirke Hyllinge,41.42,2.0,Vinterbyg,10.0,Boxer,1-211,62.13,4.0,false
84085,RONEKLINT GODS AF 20/10-1998 A/S,21389994.0,Trehøjevej,45,,4070.0,Kirke Hyllinge,85.32,2.0,Vinterraps,22.0,Belkar,64-91,34.128,4.0,false
92680,RONEKLINT GODS AF 20/10-1998 A/S,21389994.0,Trehøjevej,45,,4070.0,Kirke Hyllinge,210.78,2.0,Vinterhvede,11.0,Boxer,1-211,168.624,4.0,false
104597,RONEKLINT GODS AF 20/10-1998 A/S,21389994.0,Trehøjevej,45,,4070.0,Kirke Hyllinge,113.2,2.0,Vårbyg,1.0,DFF,18-416,4.528,4.0,false
117272,RONEKLINT GODS AF 20/10-1998 A/S,21389994.0,Trehøjevej,45,,4070.0,Kirke Hyllinge,41.42,2.0,Vinterbyg,10.0,Ally 20 SX,11-73,0.414,2.0,false
120737,RONEKLINT GODS AF 20/10-1998 A/S,21389994.0,Trehøjevej,45,,4070.0,Kirke Hyllinge,11.63,2.0,Rødsvingelfrø,108.0,Focus Ultra,19-93,11.63,4.0,false
155275,RONEKLINT GODS AF 20/10-1998 A/S,21389994.0,Trehøjevej,45,,4070.0,Kirke Hyllinge,40.94,2.0,Vinterhybridrug,15.0,Broadway (Tidl. Floramix Alpha),64-69,1.12,2.0,false
176871,RONEKLINT GODS AF 20/10-1998 A/S,21389994.0,Trehøjevej,45,,4070.0,Kirke Hyllinge,41.42,2.0,Vinterbyg,10.0,Cerone,18-414,14.497,4.0,false
176973,RONEKLINT GODS AF 20/10-1998 A/S,21389994.0,Trehøjevej,45,,4070.0,Kirke Hyllinge,210.78,2.0,Vinterhvede,11.0,Broadway (Tidl. Floramix Alpha),64-69,21.078,2.0,false
196091,RONEKLINT GODS AF 20/10-1998 A/S,21389994.0,Trehøjevej,45,,4070.0,Kirke Hyllinge,40.94,2.0,Vinterhybridrug,15.0,AVAUNT 150 EC,11-68,18.423,4.0,false
202989,RONEKLINT GODS AF 20/10-1998 A/S,21389994.0,Trehøjevej,45,,4070.0,Kirke Hyllinge,41.42,2.0,Vinterbyg,10.0,Orius Max 200 EW,347-39,8.284,4.0,false
210358,RONEKLINT GODS AF 20/10-1998 A/S,21389994.0,Trehøjevej,45,,4070.0,Kirke Hyllinge,41.42,2.0,Vinterbyg,10.0,DFF,18-416,2.899,4.0,false
219451,RONEKLINT GODS AF 20/10-1998 A/S,21389994.0,Trehøjevej,45,,4070.0,Kirke Hyllinge,113.2,2.0,Vårbyg,1.0,Glyphomax HL,756-2,172.46,4.0,false
253023,RONEKLINT GODS AF 20/10-1998 A/S,21389994.0,Trehøjevej,45,,4070.0,Kirke Hyllinge,210.78,2.0,Vinterhvede,11.0,DFF,18-416,14.755,4.0,false
265213,RONEKLINT GODS AF 20/10-1998 A/S,21389994.0,Trehøjevej,45,,4070.0,Kirke Hyllinge,40.94,2.0,Vinterhybridrug,15.0,Boxer,1-211,32.752,4.0,false
308303,RONEKLINT GODS AF 20/10-1998 A/S,21389994.0,Trehøjevej,45,,4070.0,Kirke Hyllinge,40.94,2.0,Vinterhybridrug,15.0,Starane 333 HL,64-82,8.188,4.0,false
310890,RONEKLINT GODS AF 20/10-1998 A/S,21389994.0,Trehøjevej,45,,4070.0,Kirke Hyllinge,40.94,2.0,Vinterhybridrug,15.0,Orius Max 200 EW,347-39,9.868,4.0,false
313167,RONEKLINT GODS AF 20/10-1998 A/S,21389994.0,Trehøjevej,45,,4070.0,Kirke Hyllinge,85.32,2.0,Vinterraps,22.0,Kerb 400 SC,64-72,40.0,4.0,false
329705,RONEKLINT GODS AF 20/10-1998 A/S,21389994.0,Trehøjevej,45,,4070.0,Kirke Hyllinge,40.94,2.0,Vinterhybridrug,15.0,DFF,18-416,2.866,4.0,false
15054,GARTNERIET POUL RIBER,21403296.0,Strandholtvej,38,,5270.0,Odense N,1.0,2.0,Potteplanter,545.0,Bonzi,1-164,2.0,4.0,false
95771,GARTNERIET POUL RIBER,21403296.0,Strandholtvej,38,,5270.0,Odense N,1.0,2.0,Potteplanter,545.0,NeemAzal-T/S,643-1,5.0,4.0,false
117616,GARTNERIET POUL RIBER,21403296.0,Strandholtvej,38,,5270.0,Odense N,1.0,2.0,Potteplanter,545.0,Scala,19-159,5.0,4.0,false
202054,GARTNERIET POUL RIBER,21403296.0,Strandholtvej,38,,5270.0,Odense N,1.0,2.0,Potteplanter,545.0,Steward 30 WG,11-71,1.0,2.0,false
241444,GARTNERIET POUL RIBER,21403296.0,Strandholtvej,38,,5270.0,Odense N,1.0,2.0,Potteplanter,545.0,Mainspring,1-260,0.6,2.0,false
258642,GARTNERIET POUL RIBER,21403296.0,Strandholtvej,38,,5270.0,Odense N,1.0,2.0,Potteplanter,545.0,Rizolex 50 FW,526-3,2.0,4.0,false
269811,GARTNERIET POUL RIBER,21403296.0,Strandholtvej,38,,5270.0,Odense N,1.0,2.0,Potteplanter,545.0,Geoxe 50 WG,1-227,3.0,2.0,false
275832,GARTNERIET POUL RIBER,21403296.0,Strandholtvej,38,,5270.0,Odense N,1.0,2.0,Potteplanter,545.0,Vertimec,1-192,8.0,4.0,false
322524,GARTNERIET POUL RIBER,21403296.0,Strandholtvej,38,,5270.0,Odense N,1.0,2.0,Potteplanter,545.0,Gnatrol SC,526-14,10.0,4.0,false
325038,GARTNERIET POUL RIBER,21403296.0,Strandholtvej,38,,5270.0,Odense N,1.0,2.0,Potteplanter,545.0,Previcur Energy,18-544,10.0,4.0,false
337591,GARTNERIET POUL RIBER,21403296.0,Strandholtvej,38,,5270.0,Odense N,1.0,2.0,Potteplanter,545.0,Mospilan SG,561-3,6.0,2.0,false
344406,Steffen Børgesen,21463876.0,Ryvej,5,,8464.0,Galten,,,,,,,,,true
344803,Frands Larsen,21470287.0,Søgårdvej,3,,6900.0,Skjern,,,,,,,,,true
100507,GLAMSBJERG HAVECENTER V/SØREN BREUMSØ,21480894.0,Rønnevej,3,,5620.0,Glamsbjerg,0.006,2.0,"Planteskolekulturer, stauder",547.0,Confidor WG 70,18-365,0.005,2.0,false
284988,GLAMSBJERG HAVECENTER V/SØREN BREUMSØ,21480894.0,Rønnevej,3,,5620.0,Glamsbjerg,0.012,2.0,"Planteskolekulturer, stauder",547.0,Candit,19-92,0.02,4.0,false
343939,JUELSMINDE V/OLAV JUUL GAARN LARSEN,21508403.0,Juelsmindevej,2,,9940.0,Læsø,,,,,,,,,true
344121,Ditlevs Gartneri v/Søren Laurids Ditlevsen,21555908.0,Birkevej,74,,5690.0,Tommerup,,,,,,,,,true
344093,JOHANNES DEN HOLLANDER,21572241.0,Ulfborg Kirkebyvej,37,,6990.0,Ulfborg,,,,,,,,,true
342930,Lars Hummeluhr,21596280.0,Foldagervej,11,,9541.0,Suldrup,,,,,,,,,true
344424,Hedeagergård v/Birgitte Borrisholt,21613037.0,Grønnerupvej,85,,9640.0,Farsø,,,,,,,,,true
207753,Klovhøj Juletræer V/Jesper Overgaard,21624470.0,Milmosevej,14,,9510.0,Arden,50.2,2.0,Juletræer og pyntegrønt,583.0,Roundup Bio,48-16,125.5,4.0,false
267529,Klovhøj Juletræer V/Jesper Overgaard,21624470.0,Milmosevej,14,,9510.0,Arden,5.5,2.0,Juletræer og pyntegrønt,583.0,Legacy 500 SC,396-26,2.2,4.0,false
281601,Klovhøj Juletræer V/Jesper Overgaard,21624470.0,Milmosevej,14,,9510.0,Arden,19.0,2.0,Juletræer og pyntegrønt,583.0,"Axiendo 2,5 WG",1-252,7.6,2.0,false
342350,LANDMAND PETER PEDERSEN,21739634.0,Bækkeskov Stræde,20,,4733.0,Tappernøje,,,,,,,,,true
344221,I/S Søndergård v/Jens og Merete Skovgaard-Jensen,21741582.0,Båstrupvej,57,,8722.0,Hedensted,,,,,,,,,true
2903,GRAFF Growing A/S,21803006.0,Viborgvej,717A,,8471.0,Sabro,2.84,2.0,Potteplanter,545.0,Caryx,19-207,1.12,4.0,false
9821,GRAFF Growing A/S,21803006.0,Viborgvej,717A,,8471.0,Sabro,2.84,2.0,Potteplanter,545.0,Bonzi,1-164,3.33,4.0,false
57757,GRAFF Growing A/S,21803006.0,Viborgvej,717A,,8471.0,Sabro,2.84,2.0,Potteplanter,545.0,Nissorun 250 SC,561-6,0.02,4.0,false
81412,GRAFF Growing A/S,21803006.0,Viborgvej,717A,,8471.0,Sabro,2.84,2.0,Potteplanter,545.0,Floramite 240 SC,558-5,1.046,2.0,false
86584,GRAFF Growing A/S,21803006.0,Viborgvej,717A,,8471.0,Sabro,2.84,2.0,Potteplanter,545.0,Conserve,64-51,9.29,4.0,false
152895,GRAFF Growing A/S,21803006.0,Viborgvej,717A,,8471.0,Sabro,2.84,2.0,Potteplanter,545.0,Mainspring,1-260,0.024,2.0,false
155335,GRAFF Growing A/S,21803006.0,Viborgvej,717A,,8471.0,Sabro,2.84,2.0,Potteplanter,545.0,Pediment,1-253,0.305,2.0,false
177109,GRAFF Growing A/S,21803006.0,Viborgvej,717A,,8471.0,Sabro,2.84,2.0,Potteplanter,545.0,Configure,544-5,3.975,4.0,false
193709,GRAFF Growing A/S,21803006.0,Viborgvej,717A,,8471.0,Sabro,2.84,2.0,Potteplanter,545.0,Movento SC 100,18-549,15.437,4.0,false
194102,GRAFF Growing A/S,21803006.0,Viborgvej,717A,,8471.0,Sabro,2.84,2.0,Potteplanter,545.0,Pirouette,544-3,2.0,4.0,false
228858,GRAFF Growing A/S,21803006.0,Viborgvej,717A,,8471.0,Sabro,2.84,2.0,Potteplanter,545.0,Teppeki,352-5,3.3925,2.0,false
234459,GRAFF Growing A/S,21803006.0,Viborgvej,717A,,8471.0,Sabro,2.84,2.0,Potteplanter,545.0,Kompakt 5 C,49-94,58.925,4.0,false
238221,GRAFF Growing A/S,21803006.0,Viborgvej,717A,,8471.0,Sabro,2.84,2.0,Potteplanter,545.0,Milbeknock,632-5,1.5,4.0,false
275863,GRAFF Growing A/S,21803006.0,Viborgvej,717A,,8471.0,Sabro,2.84,2.0,Potteplanter,545.0,Previcur Energy,18-544,2.84,4.0,false
318545,GRAFF Growing A/S,21803006.0,Viborgvej,717A,,8471.0,Sabro,2.84,2.0,Potteplanter,545.0,Vertimec,1-192,11.42,4.0,false
341757,GRAFF Growing A/S,21803006.0,Viborgvej,717A,,8471.0,Sabro,2.84,2.0,Potteplanter,545.0,Mospilan SG,561-3,4.475,2.0,false
118758,GÅRDEJER POUL DORF PEDERSEN,21841501.0,Villerslevvej,52,,7755.0,Bedsted Thy,13.74,2.0,Vinterhvede,11.0,Glyphomax 480,64-77,27.48,4.0,false
305107,GÅRDEJER POUL DORF PEDERSEN,21841501.0,Villerslevvej,52,,7755.0,Bedsted Thy,26.32,2.0,Vinterhvede,11.0,DFF,18-416,2.63,4.0,false
307104,GÅRDEJER POUL DORF PEDERSEN,21841501.0,Villerslevvej,52,,7755.0,Bedsted Thy,26.32,2.0,Vinterhvede,11.0,Boxer EC,1-174,26.32,4.0,false
6130,GUG ANLÆG OG PLANTESKOLE A/S,21843148.0,Indkildevej,17,,9210.0,Aalborg SØ,0.25,2.0,Containerplads,564.0,Movento SC 100,18-549,0.01,4.0,false
24169,GUG ANLÆG OG PLANTESKOLE A/S,21843148.0,Indkildevej,17,,9210.0,Aalborg SØ,1.0,2.0,Containerplads,564.0,Candit,19-92,0.001,2.0,false
119564,GUG ANLÆG OG PLANTESKOLE A/S,21843148.0,Indkildevej,17,,9210.0,Aalborg SØ,1.0,2.0,Containerplads,564.0,Svampefri Svampemiddel Klar-til-brug,424-17,0.007,2.0,false
212143,GUG ANLÆG OG PLANTESKOLE A/S,21843148.0,Indkildevej,17,,9210.0,Aalborg SØ,1.5,2.0,Containerplads,564.0,Bonus All Round 125,14-239,10.0,4.0,false
344678,SØREN OLE NIELSEN,21930202.0,Mørkhøjvej,12,,5792.0,Årslev,,,,,,,,,true
30942,Gartneriet Kolbæk I/S,21992488.0,Børkop Skovvej,114B,,7080.0,Børkop,0.3,2.0,Agurker,541.0,Serenade ASO,18-581,10.0,4.0,false
220415,Gartneriet Kolbæk I/S,21992488.0,Børkop Skovvej,114B,,7080.0,Børkop,0.3,2.0,Agurker,541.0,Previcur Energy,18-544,1.0,4.0,false
111982,SKYTTE TORBEN PEDERSEN,22103954.0,Holmemarksvej,11,,5592.0,Ejby,9.0,2.0,Juletræer og pyntegrønt,583.0,Roundup Bio,48-16,10.0,4.0,false
264192,SKYTTE TORBEN PEDERSEN,22103954.0,Holmemarksvej,11,,5592.0,Ejby,10.0,2.0,Juletræer og pyntegrønt,583.0,Pomoxon Extra (disp. juletræer 01/05 - 01/08 -2022) ,347-58,0.75,4.0,false
342531,JOHAN HEINRICH HOFFMANN OG HUSTRUS MINDEFOND,22297716.0,Poul Ankers Gade,2,2,1271.0,København K,,,,,,,,,true
343834,Skovgaard Energy A/S,24205371.0,Havnen,66,,7620.0,Lemvig,,,,,,,,,true
15837,CASPAR PETER BÜGELS FAMILIESTIFTELSE,24245829.0,Bonderupvej,148,,4370.0,Store Merløse,2.33,2.0,Anden skovdrift,580.0,Logo,18-484,0.3495,2.0,false
224287,CASPAR PETER BÜGELS FAMILIESTIFTELSE,24245829.0,Bonderupvej,148,,4370.0,Store Merløse,3.2,2.0,Anden skovdrift,580.0,Glyphomax HL,756-2,6.4,4.0,false
65353,AKTIESELSKABET HOUBORG PLANTAGE,24255212.0,Holmeåvænget,58,,6682.0,Hovborg,33.0,2.0,Anden skovdrift,580.0,"Axiendo 2,5 WG",1-252,26.4,2.0,false
45322,NØRBÆK PLANTAGE ApS,24873811.0,Sønderskovvej,24,,6800.0,Varde,5.2,2.0,Anden skovdrift,580.0,"Axiendo 2,5 WG",1-252,4.0,2.0,false
322442,NØRBÆK PLANTAGE ApS,24873811.0,Sønderskovvej,24,,6800.0,Varde,5.2,2.0,Anden skovdrift,580.0,Roundup Bio,48-16,2.6,4.0,false
246080,BÆKHEDE PLANTAGE ApS,24876918.0,Vænget,21,,6818.0,Årre,3.15,2.0,Skovrejsning på tidl. landbrugsjord 1,311.0,Roundup Bio,48-16,4.0,4.0,false
344844,ApS SDR. FARUP PLANTAGE,24877116.0,Tøndervej,60,,6760.0,Ribe,,,,,,,,,true
72671,SDR. FARUP BJERGPLANTAGE ApS,24877914.0,Sdr Farup Vej,31,,6760.0,Ribe,1.45,2.0,Anden skovdrift,580.0,"Axiendo 2,5 WG",1-252,1.16,2.0,false
343006,Landbrug Johannes Cornelius M Linchoten,25021290.0,Sdr Lourupvej,39,,6690.0,Gørding,,,,,,,,,true
342544,ERIK ERIKSEN,25041410.0,Buerupgårdsvej,5,,4450.0,Jyderup,,,,,,,,,true
20906,Elhøj Juletræer,25042255.0,Elhøjvej,51,,8471.0,Sabro,12.71,2.0,Juletræer og pyntegrønt,583.0,ConShape,526-21,0.45,4.0,false
59501,Elhøj Juletræer,25042255.0,Elhøjvej,51,,8471.0,Sabro,12.71,2.0,Juletræer og pyntegrønt,583.0,Pomoxon Extra (disp. juletræer 01/05 - 01/08 -2022) ,347-58,0.65,4.0,false
343842,Michael Klindt,25049047.0,Ny Porsbølvej,4,,6392.0,Bolderslev,,,,,,,,,true
344040,LandboNord F.M.B.A.,25049608.0,Erhvervsparken,1,,9700.0,Brønderslev,,,,,,,,,true
343735,Vestjysk Landboforening,25076079.0,Herningvej,3,,6950.0,Ringkøbing,,,,,,,,,true
342539,INDUSTRIGÅRDENS BOLIGINVEST A/S,25099184.0,Boulevarden,30,1,9000.0,Aalborg,,,,,,,,,true
344631,Guldbjerggård V/Frede Rissberg Jensen,25120191.0,Hyrdemosevej,5,,8632.0,Lemming,,,,,,,,,true
301369,Kirkebakke Skov v/Jens & Henrik Bech Skadhauge,25133358.0,Havremarken,25,,9310.0,Vodskov,5.14,2.0,Juletræer og pyntegrønt,583.0,Roundup Bio,48-16,7.44,4.0,false
344278,MØNSTED PLANTAGE K/S,25155890.0,Engblommevej,1,,9500.0,Hobro,,,,,,,,,true
344379,LandboSyd,25160428.0,Jens Terp-Nielsens Vej,13,,6200.0,Aabenraa,,,,,,,,,true
342321,Vallensbæk Kaktusgartneri V/Jan Rosenkrantz Bertelsen,25161238.0,Vejlegårdsvej,99,,2625.0,Vallensbæk,,,,,,,,,true
344537,Anders Gad,25183630.0,Søndermarksvej,5,,6780.0,Skærbæk,,,,,,,,,true
20231,Kikkenborg Skovservice v/Frank Højgaard Kristiansen,25300432.0,Rørgårdsvej,21,,7850.0,Stoholm Jyll,12.0,2.0,Juletræer og pyntegrønt,583.0,Metaxon,347-5,6.0,4.0,false
132147,Kikkenborg Skovservice v/Frank Højgaard Kristiansen,25300432.0,Rørgårdsvej,21,,7850.0,Stoholm Jyll,6.0,2.0,Juletræer og pyntegrønt,583.0,"Axiendo 2,5 WG",1-252,1.8,2.0,false
152728,Kikkenborg Skovservice v/Frank Højgaard Kristiansen,25300432.0,Rørgårdsvej,21,,7850.0,Stoholm Jyll,10.0,2.0,Juletræer og pyntegrønt,583.0,Pomoxon Extra (disp. juletræer 01/05 - 01/08 -2022) ,347-58,1.0,4.0,false
212687,Kikkenborg Skovservice v/Frank Højgaard Kristiansen,25300432.0,Rørgårdsvej,21,,7850.0,Stoholm Jyll,10.0,2.0,Juletræer og pyntegrønt,583.0,ConShape,526-21,2.0,4.0,false
213523,Kikkenborg Skovservice v/Frank Højgaard Kristiansen,25300432.0,Rørgårdsvej,21,,7850.0,Stoholm Jyll,22.5,2.0,Juletræer og pyntegrønt,583.0,Roundup Bio,48-16,88.0,4.0,false
342465,Kurt Gamborg,25319931.0,Gastrupvej,19,,6630.0,Rødding,,,,,,,,,true
69648,AC TEKNIK ApS,25337786.0,Grønnekildevej,35,,4600.0,Køge,10.0,2.0,Juletræer og pyntegrønt,583.0,SweDane MCPA-750,347-11,7.0,4.0,false
130214,AC TEKNIK ApS,25337786.0,Grønnekildevej,35,,4600.0,Køge,10.0,2.0,Juletræer og pyntegrønt,583.0,Roundup Bio,48-16,10.0,4.0,false
344258,Clarasminde I/S v/J P H Andersen,25445422.0,Skomagerbakken,60,,9260.0,Gistrup,,,,,,,,,true
343048,Christian Knudsen,25457684.0,Hjerndrupvej,83,,6070.0,Christiansfeld,,,,,,,,,true
343069,Birgitte Krogsgaard Danø,25513657.0,Skårup Tværvej,1,,5881.0,Skårup Fyn,,,,,,,,,true
176380,Pederslyst/Halle Ege Plantage v/Jens Gert Andersen m fl,25527186.0,Velgårdevej,11,,8766.0,Nørre Snede,58.0,2.0,Anden skovdrift,580.0,Glypper,396-53,4.5,4.0,false
171745,Jespers Planteskole I/S,25549368.0,Harrestrupvej,64,,7500.0,Holstebro,2.0,2.0,Juletræer og pyntegrønt,583.0,Roundup Bio,48-16,6.0,4.0,false
344262,Gdr. Axel Mayner Andersen Bloch,25566238.0,Sivestedvej,46,,8560.0,Kolind,,,,,,,,,true
344241,STØRLINGE SKOV ApS,25600800.0,Hammervej,27,,4700.0,Næstved,,,,,,,,,true
342781,BIRKELAND A/S,25610350.0,Møllevej,21,,6500.0,Vojens,,,,,,,,,true
344138,Højvanggaard I/S v/ J og J Egegård Nielsen,25625382.0,Gørklintvej,12,,6670.0,Holsted,,,,,,,,,true
344575,Landbrug Anna Marie T Petersen,25663144.0,Råhedevej,12,,6760.0,Ribe,,,,,,,,,true
343190,Mejltangegaard v/Rasmus Brøgger,25705327.0,Dråby Søvej,13,,8400.0,Ebeltoft,,,,,,,,,true
12943,Troels Krogh Larsen,25733789.0,Skovjorden,2A,,5672.0,Broby,0.56,2.0,Lukket system,499.0,Caryx,19-207,0.25,4.0,false
206635,Troels Krogh Larsen,25733789.0,Skovjorden,2A,,5672.0,Broby,0.56,2.0,Lukket system,499.0,Mospilan SG,561-3,0.05,2.0,false
294130,Troels Krogh Larsen,25733789.0,Skovjorden,2A,,5672.0,Broby,0.56,2.0,Lukket system,499.0,Kompakt 5 C,49-94,12.0,4.0,false
343159,Claus Buchhave,25772539.0,Lindevej,33,,7600.0,Struer,,,,,,,,,true
94142,Christen Krogh Larsen,25782399.0,Vestermarksvej,70,,5260.0,Odense S,0.5,2.0,Potteplanter,545.0,Caryx,19-207,0.29,4.0,false
30587,Miljøstyrelsen,25798376.0,Tolderlundsvej,5,,5000.0,Odense C,14.36,2.0,Vårbyg,1.0,Nuance Max 75 WG,347-36,0.0185,2.0,false
43308,Miljøstyrelsen,25798376.0,Tolderlundsvej,5,,5000.0,Odense C,14.36,2.0,Vårbyg,1.0,Pixxaro EC,64-87,0.74,4.0,false
77634,Miljøstyrelsen,25798376.0,Tolderlundsvej,5,,5000.0,Odense C,14.36,2.0,Vårbyg,1.0,DFF,18-416,0.54,4.0,false
91122,Miljøstyrelsen,25798376.0,Tolderlundsvej,5,,5000.0,Odense C,36.15,2.0,Silomajs,216.0,MaisTer,18-442,4.1018,2.0,false
95986,Miljøstyrelsen,25798376.0,Tolderlundsvej,5,,5000.0,Odense C,14.36,2.0,Vårbyg,1.0,Comet Pro (tidl. Comet 200),19-184,2.145,4.0,false
129448,Miljøstyrelsen,25798376.0,Tolderlundsvej,5,,5000.0,Odense C,36.15,2.0,Silomajs,216.0,Starane 333 HL,64-82,3.593,4.0,false
247936,Miljøstyrelsen,25798376.0,Tolderlundsvej,5,,5000.0,Odense C,36.15,2.0,Silomajs,216.0,Harmony 50 SX,11-72,0.1806,2.0,false
279354,Miljøstyrelsen,25798376.0,Tolderlundsvej,5,,5000.0,Odense C,14.36,2.0,Vårbyg,1.0,Proline Xpert,18-578,4.29,4.0,false
293379,Miljøstyrelsen,25798376.0,Tolderlundsvej,5,,5000.0,Odense C,14.36,2.0,Vårbyg,1.0,Zypar,64-88,3.18,4.0,false
298783,Miljøstyrelsen,25798376.0,Tolderlundsvej,5,,5000.0,Odense C,9.72,2.0,"Vårbyg, helsæd",210.0,Fighter 480,19-179,7.29,4.0,false
305426,Miljøstyrelsen,25798376.0,Tolderlundsvej,5,,5000.0,Odense C,36.15,2.0,Silomajs,216.0,Callisto,1-185,41.236,4.0,false
343689,Skibelund Gartneri,25811283.0,Skibelundvej,82,,8850.0,Bjerringbro,,,,,,,,,true
343638,Gårdejer Allan Andreasen,25835565.0,Lindbjergvej,80,,8930.0,Randers NØ,,,,,,,,,true
156094,Lars Bruun Hansen,25909526.0,Bråddenhøjvej,14,,8860.0,Ulstrup,15.33,2.0,Juletræer og pyntegrønt,583.0,Legacy 500 SC,396-26,4.668,4.0,false
230606,Lars Bruun Hansen,25909526.0,Bråddenhøjvej,14,,8860.0,Ulstrup,16.83,2.0,Juletræer og pyntegrønt,583.0,Roundup Bio,48-16,29.197,4.0,false
263729,Lars Bruun Hansen,25909526.0,Bråddenhøjvej,14,,8860.0,Ulstrup,8.83,2.0,Juletræer og pyntegrønt,583.0,ConShape,526-21,3.532,4.0,false
95201,Maglesø IS,26011035.0,Maglesøvej,8,,4190.0,Munke Bjergby,8.8,2.0,Juletræer og pyntegrønt,583.0,Roundup Bio,48-16,17.0,4.0,false
115132,Maglesø IS,26011035.0,Maglesøvej,8,,4190.0,Munke Bjergby,8.8,2.0,Juletræer og pyntegrønt,583.0,Mospilan SG,561-3,1.3,2.0,false
343128,Toon van der Heijden,26028345.0,Bredmosevej,11,,6800.0,Varde,,,,,,,,,true
343494,Kaj Sørensen,26033888.0,Dammergårdsvej,66,,9640.0,Farsø,,,,,,,,,true
344187,Egebjerg v/Flemming Risbjerg,26057426.0,Egebjergvej,3,,4050.0,Skibby,,,,,,,,,true
101005,JØRGEN BOEL HANSEN ApS,26093945.0,Harrildvej,35,,9530.0,Støvring,28.0,2.0,Juletræer og pyntegrønt,583.0,ATR Glyphosat 480,826-15,61.6,4.0,false
308132,JØRGEN BOEL HANSEN ApS,26093945.0,Harrildvej,35,,9530.0,Støvring,8.0,2.0,Juletræer og pyntegrønt,583.0,Quartz,18-514,2.0,4.0,false
34571,GARTNERIET SLIBESTENEN A/S,26102774.0,Slibestenen,12,,4281.0,Gørlev,0.06,2.0,Potteplanter,545.0,Movento SC 100,18-549,0.07,4.0,false
96349,GARTNERIET SLIBESTENEN A/S,26102774.0,Slibestenen,12,,4281.0,Gørlev,0.06,2.0,Potteplanter,545.0,Revus,1-195,0.12,4.0,false
344196,OVERGÅRD SVINEPRODUKTION ApS,26114675.0,Svejstrupvej,8,,8660.0,Skanderborg,,,,,,,,,true
10379,FAMILY PLANTS ApS,26115191.0,Slettensvej,261,,5270.0,Odense N,0.2,2.0,Potteplanter,545.0,Vertimec,1-192,0.3,4.0,false
20371,FAMILY PLANTS ApS,26115191.0,Slettensvej,261,,5270.0,Odense N,0.2,2.0,Potteplanter,545.0,Teppeki,352-5,0.12,2.0,false
66980,FAMILY PLANTS ApS,26115191.0,Slettensvej,261,,5270.0,Odense N,0.2,2.0,Potteplanter,545.0,Pirouette,544-3,1.77,4.0,false
119378,FAMILY PLANTS ApS,26115191.0,Slettensvej,261,,5270.0,Odense N,1.7,2.0,Øvrige afgrøder,900.0,Barclay Barbarian Super 360,357-16,2.0,4.0,false
132575,FAMILY PLANTS ApS,26115191.0,Slettensvej,261,,5270.0,Odense N,0.2,2.0,Potteplanter,545.0,DiPel DF,526-13,0.36,2.0,false
211901,FAMILY PLANTS ApS,26115191.0,Slettensvej,261,,5270.0,Odense N,0.2,2.0,Potteplanter,545.0,Kompakt 5 C,49-94,1.275,4.0,false
52678,STORØHAGEVEJ 17 A/S,26159105.0,Storøhagevej,17,,4540.0,Fårevejle,165.73,2.0,Vinterhvede,11.0,Glyphomax HL,756-2,197.054,4.0,false
74233,STORØHAGEVEJ 17 A/S,26159105.0,Storøhagevej,17,,4540.0,Fårevejle,165.73,2.0,Vinterhvede,11.0,Mavrik Vita,396-70,16.508,4.0,false
100155,STORØHAGEVEJ 17 A/S,26159105.0,Storøhagevej,17,,4540.0,Fårevejle,106.44,2.0,"Kartofler, spise- (pakkeri, vejsalg)",152.0,Glyphomax HL,756-2,203.314,4.0,false
107294,STORØHAGEVEJ 17 A/S,26159105.0,Storøhagevej,17,,4540.0,Fårevejle,165.73,2.0,Vinterhvede,11.0,Boxer,1-211,123.81,4.0,false
113589,STORØHAGEVEJ 17 A/S,26159105.0,Storøhagevej,17,,4540.0,Fårevejle,165.73,2.0,Vinterhvede,11.0,DFF,18-416,16.508,4.0,false
343998,Nederbygaard Skov Hartvig Bundsgaard Nielsen,26296986.0,Musvågevej,3,,7620.0,Lemvig,,,,,,,,,true
22259,MAJLAND STAUDER ApS,26300835.0,Simmelbrovej,38,,7260.0,Sønder Omme,7.2,2.0,Containerplads,564.0,Roundup Bio,48-16,6.8,4.0,false
96974,MAJLAND STAUDER ApS,26300835.0,Simmelbrovej,38,,7260.0,Sønder Omme,5.2,2.0,Stauder,501.0,Previcur Energy,18-544,1.06,4.0,false
134161,MAJLAND STAUDER ApS,26300835.0,Simmelbrovej,38,,7260.0,Sønder Omme,5.2,2.0,Stauder,501.0,Teppeki,352-5,0.01,2.0,false
209759,MAJLAND STAUDER ApS,26300835.0,Simmelbrovej,38,,7260.0,Sønder Omme,5.2,2.0,Stauder,501.0,Signum,19-151,0.56,2.0,false
223713,MAJLAND STAUDER ApS,26300835.0,Simmelbrovej,38,,7260.0,Sønder Omme,5.2,2.0,Stauder,501.0,Teldor WG 50,18-343,0.1,2.0,false
235337,MAJLAND STAUDER ApS,26300835.0,Simmelbrovej,38,,7260.0,Sønder Omme,5.2,2.0,Stauder,501.0,Switch 62.5 WG,1-201,0.4,2.0,false
277906,MAJLAND STAUDER ApS,26300835.0,Simmelbrovej,38,,7260.0,Sønder Omme,5.2,2.0,Stauder,501.0,Scala,19-159,0.15,4.0,false
283764,MAJLAND STAUDER ApS,26300835.0,Simmelbrovej,38,,7260.0,Sønder Omme,5.2,2.0,Stauder,501.0,Aliette WG 80,18-407,0.35,2.0,false
344197,Landbrug Erik Baun,26316669.0,Puggårdsvej,76,,6771.0,Gredstedbro,,,,,,,,,true
344851,Trier Etlar Nielsen,26333539.0,Bjørnkærvej,11,,6933.0,Kibæk,,,,,,,,,true
342585,Sommerstedlund v/Niels S. Nielsen,26402751.0,Kjærgaardsvej,27,,7451.0,Sunds,,,,,,,,,true
343688,ROP Ejendomme,26405815.0,Nyvangsvej,10,,4160.0,Herlufmagle,,,,,,,,,true
2492,CONTERRA ApS,26406706.0,Niels Pedersens Alle,2,,8830.0,Tjele,36.15,2.0,Silomajs,216.0,MaisTer,18-442,4.1018,2.0,false
37888,CONTERRA ApS,26406706.0,Niels Pedersens Alle,2,,8830.0,Tjele,14.36,2.0,Vårbyg,1.0,Nuance Max 75 WG,347-36,0.0185,2.0,false
139181,CONTERRA ApS,26406706.0,Niels Pedersens Alle,2,,8830.0,Tjele,14.36,2.0,Vårbyg,1.0,DFF,18-416,0.54,4.0,false
145421,CONTERRA ApS,26406706.0,Niels Pedersens Alle,2,,8830.0,Tjele,9.72,2.0,"Vårbyg, helsæd",210.0,Fighter 480,19-179,7.29,4.0,false
167466,CONTERRA ApS,26406706.0,Niels Pedersens Alle,2,,8830.0,Tjele,36.15,2.0,Silomajs,216.0,Harmony 50 SX,11-72,0.1806,2.0,false
184528,CONTERRA ApS,26406706.0,Niels Pedersens Alle,2,,8830.0,Tjele,36.15,2.0,Silomajs,216.0,Callisto,1-185,41.236,4.0,false
192615,CONTERRA ApS,26406706.0,Niels Pedersens Alle,2,,8830.0,Tjele,14.36,2.0,Vårbyg,1.0,Pixxaro EC,64-87,0.74,4.0,false
195466,CONTERRA ApS,26406706.0,Niels Pedersens Alle,2,,8830.0,Tjele,14.36,2.0,Vårbyg,1.0,Comet Pro (tidl. Comet 200),19-184,2.145,4.0,false
253143,CONTERRA ApS,26406706.0,Niels Pedersens Alle,2,,8830.0,Tjele,14.36,2.0,Vårbyg,1.0,Proline Xpert,18-578,4.29,4.0,false
279107,CONTERRA ApS,26406706.0,Niels Pedersens Alle,2,,8830.0,Tjele,36.15,2.0,Silomajs,216.0,Starane 333 HL,64-82,3.593,4.0,false
339514,CONTERRA ApS,26406706.0,Niels Pedersens Alle,2,,8830.0,Tjele,14.36,2.0,Vårbyg,1.0,Zypar,64-88,3.18,4.0,false
343640,Iversen I/S v/Niels Peter Iversen & Niels Iversen,26497876.0,Tøndervej,35A,,6330.0,Padborg,,,,,,,,,true
344081,Flemming Jørgensen,26563267.0,Vimtrupvej,9,,6660.0,Lintrup,,,,,,,,,true
47238,Anlægsgartner Stephan Knudsen,26575214.0,Lundhøjvej,18,,8680.0,Ry,12.0,2.0,Juletræer og pyntegrønt,583.0,Roundup Bio,48-16,33.0,4.0,false
131164,NØRRESKOV A/S,26580285.0,Strandparken,133,,5800.0,Nyborg,10.25,2.0,Anden skovdrift,580.0,Roundup Bio,48-16,26.4,4.0,false
291525,Sander Berggreen v/Mette Berggreen,26619815.0,Musvitvej,20,,7430.0,Ikast,1.3,2.0,Juletræer og pyntegrønt,583.0,Roundup Bio,48-16,2.0,4.0,false
343217,Bent Samsøe Iversen,26632110.0,Årslev Bygade,20,,6230.0,Rødekro,,,,,,,,,true
343723,Thyboesminde Stauder Planteskole v/Kirsten E. Bengtson,26644186.0,Skivervej,80,,9362.0,Gandrup,,,,,,,,,true
342410,Landmand Henning Bøcker,26670101.0,Kærvej,55,,9293.0,Kongerslev,,,,,,,,,true
88093,DAN MARK SKOV A/S,26679761.0,Overgårdsvej,28,,8970.0,Havndal,43.39,2.0,Juletræer og pyntegrønt,583.0,Roundup Bio,48-16,78.91,4.0,false
190564,DAN MARK SKOV A/S,26679761.0,Overgårdsvej,28,,8970.0,Havndal,43.39,2.0,Juletræer og pyntegrønt,583.0,U46 M,347-7,13.2,4.0,false
198467,DAN MARK SKOV A/S,26679761.0,Overgårdsvej,28,,8970.0,Havndal,43.39,2.0,Juletræer og pyntegrønt,583.0,Agil 100 EC,396-12,2.2,4.0,false
247535,DAN MARK SKOV A/S,26679761.0,Overgårdsvej,28,,8970.0,Havndal,43.39,2.0,Juletræer og pyntegrønt,583.0,Mavrik,396-82,8.22,4.0,false
267422,Mikkelsen I/S,26699258.0,Skovkilden,14,,2880.0,Bagsværd,19.0,2.0,Juletræer og pyntegrønt,583.0,AB Glyphosat,570-8,80.0,4.0,false
343100,Jeltje Ettema-Postmus,26710723.0,Præstevejen,74,,7800.0,Skive,,,,,,,,,true
244505,Carsten Egebro,26728665.0,Sakskøbingvej,2,,4880.0,Nysted,33.0,2.0,Juletræer og pyntegrønt,583.0,Mospilan SG,561-3,7.988,2.0,false
335600,Carsten Egebro,26728665.0,Sakskøbingvej,2,,4880.0,Nysted,40.27,2.0,Juletræer og pyntegrønt,583.0,Logo,18-484,6.0405,2.0,false
343213,Ravnsvadgård v/Peter Odsbjerg Pedersen,26750865.0,Hagelskærvej,43,,7430.0,Ikast,,,,,,,,,true
342391,SØNDERGÅRD LANDBRUG ApS,26820480.0,Lervangvej,16,,6950.0,Ringkøbing,,,,,,,,,true
344037,Carpinus v. Paul Lillelund,26837693.0,Bogvænget,25,,7000.0,Fredericia,,,,,,,,,true
342676,Langagergaard v/Søren Overgaard Schnipper,26849802.0,Nederskovvej,119,,4340.0,Tølløse,,,,,,,,,true
117635,PC-TRADING ApS,26880920.0,Parkgyden,1,,5270.0,Odense N,64.99,2.0,Juletræer og pyntegrønt,583.0,Roundup Bio,48-16,40.0,4.0,false
48139,Gartneriet Roslil,26897505.0,Frankfrivej,4,,5690.0,Tommerup,4.109,2.0,Øvrige afgrøder,900.0,Vertimec,1-192,2.2,4.0,false
74377,Gartneriet Roslil,26897505.0,Frankfrivej,4,,5690.0,Tommerup,2.123,2.0,Øvrige afgrøder,900.0,Pediment,1-253,1.4,2.0,false
90203,Gartneriet Roslil,26897505.0,Frankfrivej,4,,5690.0,Tommerup,0.791,2.0,Øvrige afgrøder,900.0,Teppeki,352-5,0.215,2.0,false
90337,Gartneriet Roslil,26897505.0,Frankfrivej,4,,5690.0,Tommerup,1.986,2.0,Øvrige afgrøder,900.0,Pirimor G,1-168,1.35,2.0,false
97733,Gartneriet Roslil,26897505.0,Frankfrivej,4,,5690.0,Tommerup,0.965,2.0,Øvrige afgrøder,900.0,Mospilan SG,561-3,0.55,2.0,false
257473,Gartneriet Roslil,26897505.0,Frankfrivej,4,,5690.0,Tommerup,1.369,2.0,Øvrige afgrøder,900.0,Kompakt 5 C,49-94,0.785,4.0,false
275310,Gartneriet Roslil,26897505.0,Frankfrivej,4,,5690.0,Tommerup,0.425,2.0,Øvrige afgrøder,900.0,Signum,19-151,0.275,2.0,false
9802,Gartner Bent V Larsen,26917751.0,Nørhalnevej,75,,9440.0,Aabybro,0.1,2.0,En- og to-årige planter,503.0,Pirimor G,1-168,0.4,2.0,false
85208,Gartner Bent V Larsen,26917751.0,Nørhalnevej,75,,9440.0,Aabybro,0.1,2.0,En- og to-årige planter,503.0,Cycocel 750,19-22,0.5,4.0,false
157261,Gartner Bent V Larsen,26917751.0,Nørhalnevej,75,,9440.0,Aabybro,0.1,2.0,En- og to-årige planter,503.0,Bonzi,1-164,1.0,4.0,false
227893,Gartner Bent V Larsen,26917751.0,Nørhalnevej,75,,9440.0,Aabybro,0.1,2.0,En- og to-årige planter,503.0,Alar SP,22-65,0.2,2.0,false
310489,Gartner Bent V Larsen,26917751.0,Nørhalnevej,75,,9440.0,Aabybro,0.1,2.0,En- og to-årige planter,503.0,Amistar,650-14,0.5,4.0,false
342340,Ravnholdt I/S v/Herluf Kaack/Jesper Kaack,26981301.0,Koldingvej,23,,6630.0,Rødding,,,,,,,,,true
10857,"JESPERS PLANTESKOLE, HOLSTEBRO A/S",26989302.0,Harrestrupvej,64,,7500.0,Holstebro,0.2,2.0,"Planteskolekulturer, vedplanter, til videresalg",497.0,Barclay Gallup Super 360,357-4,1.1,4.0,false
39327,"JESPERS PLANTESKOLE, HOLSTEBRO A/S",26989302.0,Harrestrupvej,64,,7500.0,Holstebro,0.07,2.0,"Planteskolekulturer, vedplanter, til videresalg",497.0,Candit,19-92,0.03,2.0,false
237070,"JESPERS PLANTESKOLE, HOLSTEBRO A/S",26989302.0,Harrestrupvej,64,,7500.0,Holstebro,0.08,2.0,"Planteskolekulturer, vedplanter, til videresalg",497.0,Pirimor 500 WG,396-78,0.025,2.0,false
289164,"JESPERS PLANTESKOLE, HOLSTEBRO A/S",26989302.0,Harrestrupvej,64,,7500.0,Holstebro,0.07,2.0,"Planteskolekulturer, vedplanter, til videresalg",497.0,Signum,19-151,0.1,2.0,false
167008,Planteskolen Stege Bugt v/Lars B Jensen,27010741.0,Ulvshalevej,51,,4780.0,Stege,0.04,2.0,Øvrige afgrøder,900.0,Keeper L langtidsvirkende,579-6,0.0184,4.0,false
344864,RØNNOVSHOLM v/N K Holger Kirketerp,27042902.0,Guldagervej,404,,9800.0,Hjørring,,,,,,,,,true
344229,Østermark I/S,27073700.0,Tingvejen,18,,8883.0,Gjern,,,,,,,,,true
18456,Frank Andresen,27079490.0,Aalborgvej,16,,8620.0,Kjellerup,42.0,2.0,Juletræer og pyntegrønt,583.0,Legacy 500 SC,396-26,12.6,4.0,false
166202,Frank Andresen,27079490.0,Aalborgvej,16,,8620.0,Kjellerup,108.0,2.0,Juletræer og pyntegrønt,583.0,Roundup Bio,48-16,260.0,4.0,false
180529,Frank Andresen,27079490.0,Aalborgvej,16,,8620.0,Kjellerup,64.0,2.0,Juletræer og pyntegrønt,583.0,Metaxon,347-5,32.0,4.0,false
314183,Frank Andresen,27079490.0,Aalborgvej,16,,8620.0,Kjellerup,60.0,2.0,Juletræer og pyntegrønt,583.0,"Karate 2,5 WG",1-163,18.0,2.0,false
2432,EUROTREES DENMARK ApS,27089054.0,Lundagervej,31,,8722.0,Hedensted,25.0,2.0,Juletræer og pyntegrønt,583.0,Roundup Max,48-29,35.0,4.0,false
342745,Skovbøll Jensen I/S v/Ole Skovbøll Jensen og Poul Jensen,27092101.0,Brorsonsvej,22,,9600.0,Aars,,,,,,,,,true
343764,Thomas Hansen,27184294.0,Lintrupvej,51,,6630.0,Rødding,,,,,,,,,true
50321,GARTNERIET LUNDEGAARD ApS,27270891.0,Espestok,54,,5210.0,Odense NV,0.58,2.0,Lukket system,499.0,Previcur Energy,18-544,3.91,4.0,false
64167,GARTNERIET LUNDEGAARD ApS,27270891.0,Espestok,54,,5210.0,Odense NV,0.58,2.0,Lukket system,499.0,Azatin EC,738-3,1.47,4.0,false
68720,GARTNERIET LUNDEGAARD ApS,27270891.0,Espestok,54,,5210.0,Odense NV,0.58,2.0,Lukket system,499.0,Teppeki,352-5,0.452,2.0,false
74322,GARTNERIET LUNDEGAARD ApS,27270891.0,Espestok,54,,5210.0,Odense NV,0.58,2.0,Lukket system,499.0,Alar 85 SG,558-7,8.914,2.0,false
76321,GARTNERIET LUNDEGAARD ApS,27270891.0,Espestok,54,,5210.0,Odense NV,0.58,2.0,Lukket system,499.0,Proplant,361-1,4.064,4.0,false
86194,GARTNERIET LUNDEGAARD ApS,27270891.0,Espestok,54,,5210.0,Odense NV,0.58,2.0,Lukket system,499.0,Pirouette,544-3,145.5,4.0,false
86295,GARTNERIET LUNDEGAARD ApS,27270891.0,Espestok,54,,5210.0,Odense NV,2.0,2.0,"MVJ ej udtagning, ej landbrugsareal",318.0,Metaxon,347-5,0.6,4.0,false
140643,GARTNERIET LUNDEGAARD ApS,27270891.0,Espestok,54,,5210.0,Odense NV,0.58,2.0,Lukket system,499.0,ATR Sneglekorn,826-7,1.0,2.0,false
149878,GARTNERIET LUNDEGAARD ApS,27270891.0,Espestok,54,,5210.0,Odense NV,0.58,2.0,Lukket system,499.0,Switch 62.5 WG,1-201,0.121,2.0,false
201432,GARTNERIET LUNDEGAARD ApS,27270891.0,Espestok,54,,5210.0,Odense NV,0.58,2.0,Lukket system,499.0,Vertimec,1-192,1.7,4.0,false
215788,GARTNERIET LUNDEGAARD ApS,27270891.0,Espestok,54,,5210.0,Odense NV,0.58,2.0,Lukket system,499.0,DiPel DF,526-13,0.2,2.0,false
217872,GARTNERIET LUNDEGAARD ApS,27270891.0,Espestok,54,,5210.0,Odense NV,0.58,2.0,Lukket system,499.0,Prestop WP,880-4,4.0,2.0,false
248634,GARTNERIET LUNDEGAARD ApS,27270891.0,Espestok,54,,5210.0,Odense NV,0.58,2.0,Lukket system,499.0,Conserve,64-51,2.034,4.0,false
259485,GARTNERIET LUNDEGAARD ApS,27270891.0,Espestok,54,,5210.0,Odense NV,0.58,2.0,Lukket system,499.0,Gnatrol SC,526-14,106.083,4.0,false
287948,GARTNERIET LUNDEGAARD ApS,27270891.0,Espestok,54,,5210.0,Odense NV,0.58,2.0,Lukket system,499.0,Signum,19-151,2.558,2.0,false
313412,GARTNERIET LUNDEGAARD ApS,27270891.0,Espestok,54,,5210.0,Odense NV,2.0,2.0,"MVJ ej udtagning, ej landbrugsareal",318.0,Pistol ukrudtsmiddel,19-241,2.0,4.0,false
343790,Lille Vilholt Plantage v/Per Tandrup,27294405.0,Additvej,15,,8740.0,Brædstrup,,,,,,,,,true
344648,Landbrug v/Niels Andersen,27374182.0,Vanggårdsvej,13,,9700.0,Brønderslev,,,,,,,,,true
40142,Toppii Trees,27375898.0,Langvadvej,50,,7741.0,Frøstrup,26.48,2.0,Juletræer og pyntegrønt,583.0,Kumulus S,19-34,105.88,2.0,false
151367,Toppii Trees,27375898.0,Langvadvej,50,,7741.0,Frøstrup,26.48,2.0,Juletræer og pyntegrønt,583.0,Mospilan SG,561-3,6.62,2.0,false
206709,Toppii Trees,27375898.0,Langvadvej,50,,7741.0,Frøstrup,46.0,2.0,Juletræer og pyntegrønt,583.0,Roundup Bio,48-16,69.62,4.0,false
225661,Toppii Trees,27375898.0,Langvadvej,50,,7741.0,Frøstrup,30.0,2.0,Juletræer og pyntegrønt,583.0,ConShape,526-21,3.0,4.0,false
7106,SKADS BLOMSTER ESBJERG ApS,27408338.0,Skads Blomstervej,6,,6705.0,Esbjerg Ø,0.09,2.0,"Småplanter, en-årige",548.0,Alar 85 SG,558-7,0.62,2.0,false
131010,SKADS BLOMSTER ESBJERG ApS,27408338.0,Skads Blomstervej,6,,6705.0,Esbjerg Ø,0.21,2.0,"Småplanter, en-årige",548.0,Kompakt 5 C,49-94,8.8,4.0,false
209512,SKADS BLOMSTER ESBJERG ApS,27408338.0,Skads Blomstervej,6,,6705.0,Esbjerg Ø,0.495,2.0,"Småplanter, en-årige",548.0,Caryx,19-207,1.2,4.0,false
109493,Roerslev Frugtplantage v/Anne Marie & Jan Pedersen,27475035.0,Blankegaardsvej,12,,5466.0,Asperup,3.0,2.0,Blandet frugt,539.0,Glypper,396-53,18.0,4.0,false
140156,Roerslev Frugtplantage v/Anne Marie & Jan Pedersen,27475035.0,Blankegaardsvej,12,,5466.0,Asperup,3.0,2.0,Blandet frugt,539.0,Difcor 250 EC,613-9,1.2,4.0,false
202610,Roerslev Frugtplantage v/Anne Marie & Jan Pedersen,27475035.0,Blankegaardsvej,12,,5466.0,Asperup,3.0,2.0,Blandet frugt,539.0,Mospilan SG,561-3,1.5,2.0,false
255113,Roerslev Frugtplantage v/Anne Marie & Jan Pedersen,27475035.0,Blankegaardsvej,12,,5466.0,Asperup,3.0,2.0,Blandet frugt,539.0,LFS Dithianon,318-187,15.0,2.0,false
342737,Søren Dalgård,27479545.0,Kongevejen,46,,7900.0,Nykøbing M,,,,,,,,,true
344206,GARTNERIET PER ULRICH A/S,27518575.0,Helmesvej,12,,8700.0,Horsens,,,,,,,,,true
124672,GARTNERIET NORDFYN ApS,27521002.0,Lødekæret,5,,5450.0,Otterup,1.2,2.0,Potteplanter,545.0,NeemAzal-T/S,643-1,5.0,4.0,false
265295,GARTNERIET NORDFYN ApS,27521002.0,Lødekæret,5,,5450.0,Otterup,1.2,2.0,Potteplanter,545.0,Kibrill spray mod bladlus,146-1,40.0,4.0,false
344157,Breeuwsma I/S,27532446.0,Skolevænge,24,,6760.0,Ribe,,,,,,,,,true
344813,GLERUP A/S,27549950.0,Vestre Ringvej,50,,8600.0,Silkeborg,,,,,,,,,true
10434,OVERGAARD GODS A/S,27614264.0,Overgårdsvej,28,,8970.0,Havndal,44.97,2.0,Juletræer og pyntegrønt,583.0,U46 M,347-7,25.5,4.0,false
105504,OVERGAARD GODS A/S,27614264.0,Overgårdsvej,28,,8970.0,Havndal,44.97,2.0,Juletræer og pyntegrønt,583.0,Agil 100 EC,396-12,5.0,4.0,false
270283,OVERGAARD GODS A/S,27614264.0,Overgårdsvej,28,,8970.0,Havndal,44.97,2.0,Juletræer og pyntegrønt,583.0,Roundup Bio,48-16,106.0,4.0,false
293548,OVERGAARD GODS A/S,27614264.0,Overgårdsvej,28,,8970.0,Havndal,44.97,2.0,Juletræer og pyntegrønt,583.0,Mavrik,396-82,3.0,4.0,false
343954,Aver VSO,27626955.0,Svalevej,24,,9640.0,Farsø,,,,,,,,,true
343375,LANGERØD PLANTESKOLE V/P.VORSLUND-KIÆR,27654916.0,Langerødvej,7,,3480.0,Fredensborg,,,,,,,,,true
343291,Akselbjerg v/Birgitte Lassen,27660533.0,Lundsbjerg Møllevej,40,,6200.0,Aabenraa,,,,,,,,,true
317003,Kegnæs Strandplantage,27678335.0,Hjørnevej,1,,6470.0,Sydals,3.5,2.0,Juletræer og pyntegrønt,583.0,Glyphomax HL,756-2,4.8,4.0,false
342480,Rasmus Pultz Lauridsen,27698298.0,Glejbjergvej,5,,6752.0,Glejbjerg,,,,,,,,,true
76743,ALDERSHVILE PLANTESKOLE ApS,27699340.0,Bagsværdvej,194,,2880.0,Bagsværd,0.08,2.0,Øvrige afgrøder,900.0,Amistar,1-172,0.0128,4.0,false
307784,ALDERSHVILE PLANTESKOLE ApS,27699340.0,Bagsværdvej,194,,2880.0,Bagsværd,0.08,2.0,Øvrige afgrøder,900.0,Folicur Xpert,18-575,0.0048,4.0,false
32518,Peter Bindeballe,27754457.0,Hennekesdamvej,15,,6630.0,Rødding,20.7,2.0,Juletræer og pyntegrønt,583.0,ConShape,526-21,6.5,4.0,false
244576,Peter Bindeballe,27754457.0,Hennekesdamvej,15,,6630.0,Rødding,20.97,2.0,Juletræer og pyntegrønt,583.0,Pomoxon Extra (disp. juletræer 01/05 - 01/08 -2022) ,347-58,0.2,4.0,false
267776,Peter Bindeballe,27754457.0,Hennekesdamvej,15,,6630.0,Rødding,26.97,2.0,Juletræer og pyntegrønt,583.0,Glypper,396-53,44.0,4.0,false
344888,GLADE GROENSAGER 1 A/S,27924212.0,Søndergade,61,,5450.0,Otterup,,,,,,,,,true
7337,GARTNERIET KJÆRGÅRDSMINDE ApS,27929141.0,Odensevej,53,,5800.0,Nyborg,1.2,2.0,Potteplanter,545.0,Caryx,19-207,1.67,4.0,false
60978,GARTNERIET KJÆRGÅRDSMINDE ApS,27929141.0,Odensevej,53,,5800.0,Nyborg,1.2,2.0,Potteplanter,545.0,Revus,1-195,0.005,4.0,false
68548,GARTNERIET KJÆRGÅRDSMINDE ApS,27929141.0,Odensevej,53,,5800.0,Nyborg,1.0,2.0,Containerplads,564.0,Roundup Bio,48-16,6.0,4.0,false
76103,GARTNERIET KJÆRGÅRDSMINDE ApS,27929141.0,Odensevej,53,,5800.0,Nyborg,0.9,2.0,Lukket system,499.0,Pirouette,544-3,24.9,4.0,false
84262,GARTNERIET KJÆRGÅRDSMINDE ApS,27929141.0,Odensevej,53,,5800.0,Nyborg,1.2,2.0,Potteplanter,545.0,Turex WP (Tidl. Agree 50 WP),738-2,0.015,2.0,false
86577,GARTNERIET KJÆRGÅRDSMINDE ApS,27929141.0,Odensevej,53,,5800.0,Nyborg,1.0,2.0,Containerplads,564.0,Glypper,396-53,1.2,4.0,false
99565,GARTNERIET KJÆRGÅRDSMINDE ApS,27929141.0,Odensevej,53,,5800.0,Nyborg,0.9,2.0,Lukket system,499.0,Signum,19-151,0.11,2.0,false
149835,GARTNERIET KJÆRGÅRDSMINDE ApS,27929141.0,Odensevej,53,,5800.0,Nyborg,1.2,2.0,Potteplanter,545.0,Gnatrol SC,526-14,87.5,4.0,false
207220,GARTNERIET KJÆRGÅRDSMINDE ApS,27929141.0,Odensevej,53,,5800.0,Nyborg,1.2,2.0,Potteplanter,545.0,Serenade ASO,18-581,14.5,4.0,false
219817,GARTNERIET KJÆRGÅRDSMINDE ApS,27929141.0,Odensevej,53,,5800.0,Nyborg,1.2,2.0,Potteplanter,545.0,Teppeki,352-5,0.075,2.0,false
226965,GARTNERIET KJÆRGÅRDSMINDE ApS,27929141.0,Odensevej,53,,5800.0,Nyborg,1.2,2.0,Potteplanter,545.0,Teldor WG 50,18-343,0.064,2.0,false
228791,GARTNERIET KJÆRGÅRDSMINDE ApS,27929141.0,Odensevej,53,,5800.0,Nyborg,1.2,2.0,Potteplanter,545.0,Amistar,1-172,0.1,4.0,false
241011,GARTNERIET KJÆRGÅRDSMINDE ApS,27929141.0,Odensevej,53,,5800.0,Nyborg,1.2,2.0,Potteplanter,545.0,Trianum-G,677-2,6.5,2.0,false
241126,GARTNERIET KJÆRGÅRDSMINDE ApS,27929141.0,Odensevej,53,,5800.0,Nyborg,0.9,2.0,Lukket system,499.0,Alar 85 SG,558-7,2.75,2.0,false
252528,GARTNERIET KJÆRGÅRDSMINDE ApS,27929141.0,Odensevej,53,,5800.0,Nyborg,1.2,2.0,Potteplanter,545.0,Flexity,19-166,0.03,4.0,false
256499,GARTNERIET KJÆRGÅRDSMINDE ApS,27929141.0,Odensevej,53,,5800.0,Nyborg,0.9,2.0,Lukket system,499.0,Kompakt 5 C,49-94,3.31,4.0,false
262902,GARTNERIET KJÆRGÅRDSMINDE ApS,27929141.0,Odensevej,53,,5800.0,Nyborg,0.9,2.0,Lukket system,499.0,Rizolex 50 FW,526-3,0.34,4.0,false
286748,GARTNERIET KJÆRGÅRDSMINDE ApS,27929141.0,Odensevej,53,,5800.0,Nyborg,1.2,2.0,Potteplanter,545.0,Movento SC 100,18-549,0.26,4.0,false
344777,I/S Mejlby Østergaard,28008155.0,Kaløvej,30,,8530.0,Hjortshøj,,,,,,,,,true
344399,Kim Puge Kjær Knudsen,28025319.0,Allindemaglevej,60,,4100.0,Ringsted,,,,,,,,,true
343705,Mogens Lund,28046626.0,Skødevej,21,,6622.0,Bække,,,,,,,,,true
344335,Arne Sønderbæk,28082657.0,Holtevej,19,,7490.0,Aulum,,,,,,,,,true
213165,"Leif Kling Hansen, Aarø Juletræer og Biavl",28228562.0,Aarø,42,,6100.0,Haderslev,9.68,2.0,Juletræer og pyntegrønt,583.0,Logo,18-484,0.645,2.0,false
213889,"Leif Kling Hansen, Aarø Juletræer og Biavl",28228562.0,Aarø,42,,6100.0,Haderslev,9.68,2.0,Juletræer og pyntegrønt,583.0,Roundup Bio,48-16,51.09,4.0,false
342547,Peder Dalgas Jensen,28230133.0,Føvling Kirkevej,2,,6683.0,Føvling,,,,,,,,,true
343098,Kjærgaard Planteavl v/Søren Jepsen,28245203.0,Næssundvej,122,,7900.0,Nykøbing M,,,,,,,,,true
147088,I/S Bach Thingstrup,28247257.0,Hvolbyvej,1,,7570.0,Vemb,344.95,2.0,Vinterhybridrug,15.0,Stomp CS,19-205,191.76,4.0,false
157623,I/S Bach Thingstrup,28247257.0,Hvolbyvej,1,,7570.0,Vemb,40.73,2.0,"Rajgræsfrø, alm. 1. år, efterårsudlagt",102.0,DFF,18-416,4.073,4.0,false
190114,I/S Bach Thingstrup,28247257.0,Hvolbyvej,1,,7570.0,Vemb,344.95,2.0,Vinterhybridrug,15.0,Topik EC,396-74,3.94,4.0,false
216454,I/S Bach Thingstrup,28247257.0,Hvolbyvej,1,,7570.0,Vemb,40.73,2.0,"Rajgræsfrø, alm. 1. år, efterårsudlagt",102.0,Stomp CS,19-205,20.365,4.0,false
235219,I/S Bach Thingstrup,28247257.0,Hvolbyvej,1,,7570.0,Vemb,344.95,2.0,Vinterhybridrug,15.0,DFF,18-416,26.215,4.0,false
255872,I/S Bach Thingstrup,28247257.0,Hvolbyvej,1,,7570.0,Vemb,344.95,2.0,Vinterhybridrug,15.0,Mateno Duo SC 600,18-631,5.12,4.0,false
303087,I/S Bach Thingstrup,28247257.0,Hvolbyvej,1,,7570.0,Vemb,186.61,2.0,Vinterhvede,11.0,DFF,18-416,16.026,4.0,false
344717,Enghavegaard I/S,28392621.0,Skovmosevej,19,,9500.0,Hobro,,,,,,,,,true
343445,Stig Kold Jespersen,28434286.0,Beltoftvej,1,,9240.0,Nibe,,,,,,,,,true
260764,Pro Forst Service v/Ole Jakob Ruhwald,28445970.0,Dybdalvej,13,,8585.0,Glesborg,0.5,2.0,"Græs og kløvergræs uden norm, under 50 % kløver (omdrift)",264.0,Roundup Bio,48-16,2.5,4.0,false
312215,Pro Forst Service v/Ole Jakob Ruhwald,28445970.0,Dybdalvej,13,,8585.0,Glesborg,0.9,2.0,Anden skovdrift,580.0,Roundup Bio,48-16,2.25,4.0,false
344194,Nr. Grønkær.,28468067.0,Grønkærvej,29,,7660.0,Bækmarksbro,,,,,,,,,true
343045,GÅRDEJER HANS STOUGAARD,28473516.0,Langgade,68,,5620.0,Glamsbjerg,,,,,,,,,true
344102,KNOWLEDGE CUBE A/S,28510489.0,Rued Langgaards Vej,8,5,2300.0,København S,,,,,,,,,true
344817,Jonna og Bjarne Nielsen I/S,28567278.0,Hjardemålvej,114,,7700.0,Thisted,,,,,,,,,true
343203,Kim`s Maskinstation v/Kim Højby Hansen,28624042.0,Hellestedvej,20,,4652.0,Hårlev,,,,,,,,,true
21565,FASHION FLOWERS ApS,28682085.0,Nistedvej,16,,5270.0,Odense N,0.15,2.0,Potteplanter,545.0,Conserve,64-51,0.1,4.0,false
23383,FASHION FLOWERS ApS,28682085.0,Nistedvej,16,,5270.0,Odense N,2.1,2.0,Potteplanter,545.0,LFS Azoxystrobin,318-52,0.44,4.0,false
112980,FASHION FLOWERS ApS,28682085.0,Nistedvej,16,,5270.0,Odense N,5.0,2.0,Potteplanter,545.0,Alar 85 SG,558-7,27.152,2.0,false
118495,FASHION FLOWERS ApS,28682085.0,Nistedvej,16,,5270.0,Odense N,0.02,2.0,Potteplanter,545.0,Movento SC 100,18-549,0.096,4.0,false
143776,FASHION FLOWERS ApS,28682085.0,Nistedvej,16,,5270.0,Odense N,2.1,2.0,Potteplanter,545.0,Teppeki,352-5,0.289,2.0,false
157660,FASHION FLOWERS ApS,28682085.0,Nistedvej,16,,5270.0,Odense N,0.5,2.0,Potteplanter,545.0,Mospilan SG,561-3,0.34,4.0,false
185285,FASHION FLOWERS ApS,28682085.0,Nistedvej,16,,5270.0,Odense N,5.0,2.0,Potteplanter,545.0,Kompakt 5 C,49-94,12.967,4.0,false
197628,FASHION FLOWERS ApS,28682085.0,Nistedvej,16,,5270.0,Odense N,1.1,2.0,Potteplanter,545.0,Mainspring,1-260,0.13,4.0,false
312790,FASHION FLOWERS ApS,28682085.0,Nistedvej,16,,5270.0,Odense N,1.0,2.0,Potteplanter,545.0,Medax Top,19-201,0.86,4.0,false
318716,FASHION FLOWERS ApS,28682085.0,Nistedvej,16,,5270.0,Odense N,3.0,2.0,Potteplanter,545.0,Caryx,19-207,3.714,4.0,false
342331,HØRBY MINK A/S,28702116.0,Understedvej,178,,9300.0,Sæby,,,,,,,,,true
344942,Kim Mogensen,28825358.0,Langørevej,21,,3230.0,Græsted,,,,,,,,,true
343054,Sauers Frugtplantage v/Martin Sauer,28880251.0,Løgstørvej,70,,9600.0,Aars,,,,,,,,,true
344933,Skovbo's Multiservice v/ Jesper Petersen,28922809.0,Gl Skolevej,2A,,4684.0,Holmegaard,,,,,,,,,true
343483,Silva Causa v/Flemming Sehested,28937784.0,Høje Lønholt,4A,,3480.0,Fredensborg,,,,,,,,,true
42963,Gartneriet Engholm v/Jørgen Willy Knudsen,28954328.0,Holmenevej,30A,,3140.0,Ålsgårde,1700.0,2.0,Potteplanter,545.0,Flexity,19-166,0.28,4.0,false
64288,Gartneriet Engholm v/Jørgen Willy Knudsen,28954328.0,Holmenevej,30A,,3140.0,Ålsgårde,1700.0,2.0,Potteplanter,545.0,Flurostar 180,613-1,0.45,4.0,false
96722,Gartneriet Engholm v/Jørgen Willy Knudsen,28954328.0,Holmenevej,30A,,3140.0,Ålsgårde,1700.0,2.0,Potteplanter,545.0,Teldor WG 50,18-343,0.45,2.0,false
297009,Gartneriet Engholm v/Jørgen Willy Knudsen,28954328.0,Holmenevej,30A,,3140.0,Ålsgårde,1700.0,2.0,Potteplanter,545.0,Barclay Gallup Super 360,357-4,0.925,4.0,false
329939,Skovbrug v/Brian Østergaard,29017077.0,Lundagervej,6,,6830.0,Nørre Nebel,4.0,2.0,Anden skovdrift,580.0,Barclay Gallup Super 360,357-4,3.0,4.0,false
343636,Ole Holm,29037132.0,Gilbjergvej,4,,6623.0,Vorbasse,,,,,,,,,true
344905,Agri Nord,29038597.0,Hobrovej,437,,9200.0,Aalborg SV,,,,,,,,,true
344320,I/S Frihedsholm,29041148.0,Ny Hagestedvej,44B,,4532.0,Gislinge,,,,,,,,,true
343419,Martin Olesen,29049947.0,Toftlundvej,10,,7430.0,Ikast,,,,,,,,,true
343366,Claus Clausen,29099758.0,Sommerstedvej,12,,6500.0,Vojens,,,,,,,,,true
11200,Vilmorin-Mikado Denmark ApS,29183295.0,Grønvej,93,,5260.0,Odense S,2.0,2.0,Spinatfrø,124.0,Mospilan SG,561-3,0.5,2.0,false
39626,Vilmorin-Mikado Denmark ApS,29183295.0,Grønvej,93,,5260.0,Odense S,2.0,2.0,Spinatfrø,124.0,Folicur Xpert,18-575,2.0,4.0,false
62681,Vilmorin-Mikado Denmark ApS,29183295.0,Grønvej,93,,5260.0,Odense S,1.5,2.0,Spinatfrø,124.0,Barclay Gallup Hi-Aktiv,357-3,1.5,4.0,false
88379,Vilmorin-Mikado Denmark ApS,29183295.0,Grønvej,93,,5260.0,Odense S,2.0,2.0,Spinatfrø,124.0,Betanal,18-528,7.0,4.0,false
178515,Vilmorin-Mikado Denmark ApS,29183295.0,Grønvej,93,,5260.0,Odense S,2.0,2.0,Spinatfrø,124.0,Signum,19-151,1.0,2.0,false
271124,Vilmorin-Mikado Denmark ApS,29183295.0,Grønvej,93,,5260.0,Odense S,2.0,2.0,Spinatfrø,124.0,Lamdex,396-77,0.7,2.0,false
311119,Vilmorin-Mikado Denmark ApS,29183295.0,Grønvej,93,,5260.0,Odense S,2.0,2.0,Spinatfrø,124.0,Propulse SE 250,18-597,1.0,4.0,false
338587,Vilmorin-Mikado Denmark ApS,29183295.0,Grønvej,93,,5260.0,Odense S,2.0,2.0,Spinatfrø,124.0,Asulox (Disp.2022),501-59,7.0,4.0,false
342361,KOLDING PLANTECENTER ApS,29184542.0,Esbjergvej,44,,6000.0,Kolding,,,,,,,,,true
150567,Faaborg-Midtfyn Kommune,29188645.0,Tinghøj Alle,2,,5750.0,Ringe,0.5,2.0,Øvrige afgrøder,900.0,TopGun Finalsan Koncentrat,364-12,15.0,4.0,false
180484,Ikast-Brande Kommune,29189617.0,Rådhusstrædet,6,,7430.0,Ikast,4.94,2.0,Anden skovdrift,580.0,"Axiendo 2,5 WG",1-252,10.19658,2.0,false
289867,Svendborg Kommune,29189730.0,Ramsherred,5,,5700.0,Svendborg,7.9,2.0,Anden skovdrift,580.0,Roundup Bio,48-16,3.9,4.0,false
79080,SKOVSØHUS NATUR ApS,29201609.0,Store Frederikslund,8,,4200.0,Slagelse,3.0,2.0,Anden skovdrift,580.0,Trico,706-1,5.0,4.0,false
342994,SALTEN LANGSØ SKOVADMINISTRATION A/S,29202346.0,Additvej,15,,8740.0,Brædstrup,,,,,,,,,true
10055,GRAFF BREEDING A/S,29208565.0,Viborgvej,717,,8471.0,Sabro,0.25,2.0,Potteplanter,545.0,Mycotal,677-1,12.5,2.0,false
36037,GRAFF BREEDING A/S,29208565.0,Viborgvej,717,,8471.0,Sabro,0.25,2.0,Potteplanter,545.0,Vertimec,1-192,1.875,4.0,false
80670,GRAFF BREEDING A/S,29208565.0,Viborgvej,717,,8471.0,Sabro,0.25,2.0,Potteplanter,545.0,Turex WP (Tidl. Agree 50 WP),738-2,0.728,2.0,false
141587,GRAFF BREEDING A/S,29208565.0,Viborgvej,717,,8471.0,Sabro,0.25,2.0,Potteplanter,545.0,Steward 30 WG,11-71,0.216,2.0,false
147767,GRAFF BREEDING A/S,29208565.0,Viborgvej,717,,8471.0,Sabro,0.25,2.0,Potteplanter,545.0,Alar 85 SG,558-7,11.475,2.0,false
225298,GRAFF BREEDING A/S,29208565.0,Viborgvej,717,,8471.0,Sabro,0.25,2.0,Potteplanter,545.0,Azatin EC,738-3,3.75,4.0,false
268864,GRAFF BREEDING A/S,29208565.0,Viborgvej,717,,8471.0,Sabro,0.25,2.0,Potteplanter,545.0,Mospilan SG,561-3,1.465,2.0,false
281605,GRAFF BREEDING A/S,29208565.0,Viborgvej,717,,8471.0,Sabro,0.25,2.0,Potteplanter,545.0,Previcur Energy,18-544,3.0,4.0,false
336316,GRAFF BREEDING A/S,29208565.0,Viborgvej,717,,8471.0,Sabro,0.25,2.0,Potteplanter,545.0,Botanigard WP,784-1,7.5,2.0,false
340100,GRAFF BREEDING A/S,29208565.0,Viborgvej,717,,8471.0,Sabro,0.25,2.0,Potteplanter,545.0,Gnatrol SC,526-14,30.0,4.0,false
143001,VEJENBRØD PLANTESKOLE A/S,29212465.0,Vejenbrødvej,25,,2980.0,Kokkedal,5.48,2.0,"Planteskolekulturer, vedplanter, til videresalg",497.0,Metaxon,347-5,4.5,4.0,false
210956,VEJENBRØD PLANTESKOLE A/S,29212465.0,Vejenbrødvej,25,,2980.0,Kokkedal,5.48,2.0,"Planteskolekulturer, vedplanter, til videresalg",497.0,Gallup Super 360,357-15,6.6,4.0,false
280506,VEJENBRØD PLANTESKOLE A/S,29212465.0,Vejenbrødvej,25,,2980.0,Kokkedal,5.48,2.0,"Planteskolekulturer, vedplanter, til videresalg",497.0,Mospilan SG,561-3,0.075,2.0,false
288275,VEJENBRØD PLANTESKOLE A/S,29212465.0,Vejenbrødvej,25,,2980.0,Kokkedal,5.48,2.0,"Planteskolekulturer, vedplanter, til videresalg",497.0,LFS Propyzamid,318-158,1.45,4.0,false
288524,VEJENBRØD PLANTESKOLE A/S,29212465.0,Vejenbrødvej,25,,2980.0,Kokkedal,5.48,2.0,"Planteskolekulturer, vedplanter, til videresalg",497.0,Movento SC 100,18-549,0.3,4.0,false
329990,VEJENBRØD PLANTESKOLE A/S,29212465.0,Vejenbrødvej,25,,2980.0,Kokkedal,5.48,2.0,"Planteskolekulturer, vedplanter, til videresalg",497.0,Floramite 240 SC,558-5,0.0001,4.0,false
344383,STESI ApS,29213852.0,Larsskovgyden,19,,5270.0,Odense N,,,,,,,,,true
8103,Dommerby Gartneri v/Jan Schmidt,29267847.0,Gl. Skolevej,21,,7800.0,Skive,0.2215,2.0,Potteplanter,545.0,Floramite 240,558-12,0.13,4.0,false
327150,Dommerby Gartneri v/Jan Schmidt,29267847.0,Gl. Skolevej,21,,7800.0,Skive,0.166,2.0,Potteplanter,545.0,"Karate 2,5 WG",1-163,0.99,2.0,false
343993,Kasper hartmann,29274487.0,Hedevej,71,,9430.0,Vadum,,,,,,,,,true
342376,Havskov v/Torben Hauskov,29304823.0,Højbjergvej,28,,7620.0,Lemvig,,,,,,,,,true
287674,Emil Andersen,29331561.0,Rosted Skovvej,12,,4200.0,Slagelse,4.06,2.0,Juletræer og pyntegrønt,583.0,Roundup,48-1,16.0,4.0,false
344015,Grønkjær v/Peder Kjær,29342180.0,Lauhedevej,29,,7830.0,Vinderup,,,,,,,,,true
343995,Brdr. Kristensen I/S v/Tonny og Bent Kristensen,29369461.0,Bækken,1,,9460.0,Brovst,,,,,,,,,true
344444,BRØDRENE JACOBSEN ApS,29409064.0,Bejlhusvej,7,,6330.0,Padborg,,,,,,,,,true
342866,Gartneriet Moss v/Erik Nørum Pedersen,29487707.0,Hovedvejen,167,,8361.0,Hasselager,,,,,,,,,true
342660,WEBRO agro I/S,29597871.0,Giesegårdvej,72,,4100.0,Ringsted,,,,,,,,,true
343123,GARTNERIET KLOSTERGAARDEN ApS,29693978.0,Lille Lyngbyvej,35B,,3320.0,Skævinge,,,,,,,,,true
343740,Tom Christensen,29699887.0,Skovby Lundvej,3,,6500.0,Vojens,,,,,,,,,true
344013,Søren Beck Vejen,29704171.0,Stenhøjvej,236,,9900.0,Frederikshavn,,,,,,,,,true
229538,EJENDOMSSELSKABET BUDERUPHOLMVEJ ApS,29826498.0,Fløevej,14,,9530.0,Støvring,28.84,2.0,Juletræer og pyntegrønt,583.0,Roundup Bio,48-16,84.75,4.0,false
276494,EJENDOMSSELSKABET BUDERUPHOLMVEJ ApS,29826498.0,Fløevej,14,,9530.0,Støvring,28.84,2.0,Juletræer og pyntegrønt,583.0,M-750,347-12,13.055,4.0,false
343438,PEDER VOTBORG,30067118.0,Nørtorupvej,287,,9690.0,Fjerritslev,,,,,,,,,true
343177,FRILAND ÅRSLEV ApS,30079566.0,Stenløsegyden,9,,5792.0,Årslev,,,,,,,,,true
342991,Annette og Kim Hammer,30140044.0,Bakgårdsvej,3,,7500.0,Holstebro,,,,,,,,,true
66089,Agrovi I/S,30145674.0,Industrivænget,22,,3400.0,Hillerød,1.43,2.0,"Blandkorn, vårsået, helsæd",213.0,Express 50 SX,11-69,0.0143,2.0,false
79781,Agrovi I/S,30145674.0,Industrivænget,22,,3400.0,Hillerød,4.76,2.0,Græs uden kløvergræs (omdrift),263.0,Roundup Flex (tidl. MON 79351 (Zanussi)),48-43,7.14,4.0,false
81552,Agrovi I/S,30145674.0,Industrivænget,22,,3400.0,Hillerød,3.94,2.0,Græs uden kløvergræs (omdrift),263.0,Primus,570-14,0.394,4.0,false
344645,I/S Volstrup v/Erik & Jeppe Ugilt Hansen,30163753.0,Rosbjergvej,4,,9500.0,Hobro,,,,,,,,,true
343858,STAVRBYSKOV HAVECENTER ApS,30177630.0,Staurbyskovvej,23,,5500.0,Middelfart,,,,,,,,,true
343994,Højen v/Morten Nielsen,30297563.0,Lundgårdsvej,15,,9700.0,Brønderslev,,,,,,,,,true
343897,Casper Nielsen,30373634.0,Vester Terplingvej,8,,6752.0,Glejbjerg,,,,,,,,,true
342406,Boje og Eriksen Landbrug I/S v/Lasse Hørning Eriksen og Jens Jensen Boje,30384032.0,Brydkærvej,6,,8950.0,Ørsted,,,,,,,,,true
72841,A/S BORRIS PLANTAGE,30386213.0,Højbyvej,23,,6900.0,Skjern,4.8,2.0,"Småplanter, en-årige",548.0,"Axiendo 2,5 WG",1-252,4.8,2.0,false
241299,A/S BORRIS PLANTAGE,30386213.0,Højbyvej,23,,6900.0,Skjern,4.0,2.0,Anden skovdrift,580.0,Roundup,48-1,8.0,4.0,false
344532,RISBÆKGÅRD ApS,30496647.0,Klintevej,300,,4791.0,Borre,,,,,,,,,true
20018,RHODO ROSKILDE ApS,30556127.0,Snubbekorsvej,20D,,2630.0,Taastrup,0.165,2.0,"Planteskolekulturer, vedplanter, til videresalg",497.0,Proplant,361-1,2.85e-06,4.0,false
51732,RHODO ROSKILDE ApS,30556127.0,Snubbekorsvej,20D,,2630.0,Taastrup,0.165,2.0,"Planteskolekulturer, vedplanter, til videresalg",497.0,Movento SC 100,18-549,3.8e-06,4.0,false
316068,RHODO ROSKILDE ApS,30556127.0,Snubbekorsvej,20D,,2630.0,Taastrup,0.04,2.0,"Planteskolekulturer, vedplanter, til videresalg",497.0,Barclay Gallup Super 360,357-4,6e-06,4.0,false
344293,KNUZEN ApS,30599497.0,Dyrehegnet,8,,7120.0,Vejle Øst,,,,,,,,,true
342627,TAGMALER HARALD BANG PEDERSEN A/S,30613031.0,Tværhøjvej,10,,9352.0,Dybvad,,,,,,,,,true
312851,Proprietær Jørgen Didriksen,30782712.0,Slemmingvej,14,,8500.0,Grenaa,1.0,2.0,"Skovlandbrug, ikke støtteberettiget",487.0,Roundup Bio,48-16,3.0,4.0,false
343672,Vissingekloster Plantage v/Jan Klinkby Østergaard,30793064.0,Ryhule,21,,8740.0,Brædstrup,,,,,,,,,true
136204,Højrupgård Skovbrug v/Morten Abrahamsen,30837622.0,Bjergvej,6,,6240.0,Løgumkloster,82.8,2.0,Juletræer og pyntegrønt,583.0,Logo,18-484,3.0,2.0,false
194927,Højrupgård Skovbrug v/Morten Abrahamsen,30837622.0,Bjergvej,6,,6240.0,Løgumkloster,82.8,2.0,Juletræer og pyntegrønt,583.0,Legacy 500 SC,396-26,5.0,4.0,false
212775,Højrupgård Skovbrug v/Morten Abrahamsen,30837622.0,Bjergvej,6,,6240.0,Løgumkloster,82.8,2.0,Juletræer og pyntegrønt,583.0,Roundup Bio,48-16,100.0,4.0,false
23786,Bent Risom,30874277.0,Krathusvej,16,,8240.0,Risskov,45.0,2.0,Anden skovdrift,580.0,Glypper,396-53,17.3,4.0,false
109134,Bent Risom,30874277.0,Krathusvej,16,,8240.0,Risskov,45.0,2.0,Anden skovdrift,580.0,"Axiendo 2,5 WG",1-252,1.25,2.0,false
259973,Bent Risom,30874277.0,Krathusvej,16,,8240.0,Risskov,45.0,2.0,Anden skovdrift,580.0,Trico,706-1,30.0,4.0,false
343427,Enggården I/S,31115450.0,Tandrupvej,2,,8462.0,Harlev J,,,,,,,,,true
254218,VKST f.m.b.a.,31123992.0,Fulbyvej,15,,4180.0,Sorø,29.79,2.0,Skovdrift med fjernelse af ved,581.0,Roundup Bio,48-16,51.1,4.0,false
305025,VKST f.m.b.a.,31123992.0,Fulbyvej,15,,4180.0,Sorø,8.37,2.0,Juletræer og pyntegrønt,583.0,Roundup Bio,48-16,14.35,4.0,false
14461,GARTNERIET KISØ ApS,31170354.0,Bindekildevej,36,,5250.0,Odense SV,0.225,2.0,Potteplanter,545.0,Signum,19-151,0.225,2.0,false
37393,GARTNERIET KISØ ApS,31170354.0,Bindekildevej,36,,5250.0,Odense SV,0.9786,2.0,Potteplanter,545.0,Previcur Energy,18-544,29.35,4.0,false
71113,GARTNERIET KISØ ApS,31170354.0,Bindekildevej,36,,5250.0,Odense SV,6.25,2.0,Potteplanter,545.0,Teppeki,352-5,0.875,2.0,false
78726,GARTNERIET KISØ ApS,31170354.0,Bindekildevej,36,,5250.0,Odense SV,6.25,2.0,Potteplanter,545.0,NeemAzal-T/S,643-1,18.285,4.0,false
294547,GARTNERIET KISØ ApS,31170354.0,Bindekildevej,36,,5250.0,Odense SV,0.45,2.0,Potteplanter,545.0,Vertimec,1-192,0.45,4.0,false
3754,Bommerlund,31358000.0,Ny Stenderupvej,31,,5672.0,Broby,10.76,2.0,Juletræer og pyntegrønt,583.0,Roundup Bio,48-16,16.14,4.0,false
154962,Bommerlund,31358000.0,Ny Stenderupvej,31,,5672.0,Broby,36.11,2.0,Juletræer og pyntegrønt,583.0,Glypper,396-53,80.725,4.0,false
303096,Bommerlund,31358000.0,Ny Stenderupvej,31,,5672.0,Broby,19.01,2.0,Juletræer og pyntegrønt,583.0,Metaxon,347-5,9.505,4.0,false
343202,Østergaard v/John Martin Søndergaard,31399939.0,Kongevejen,50,,6920.0,Videbæk,,,,,,,,,true
343458,Jens Ingemann Feldbak,31410339.0,Feldbakvej,4,,7430.0,Ikast,,,,,,,,,true
344650,KLITGAARD AGRO ApS,31418860.0,Rørholtvej,76,,9370.0,Hals,,,,,,,,,true
67397,Christian Sørensen,31457483.0,Hodsagervej,69,,7490.0,Aulum,17.49,2.0,Vinterhybridrug,15.0,DFF,18-416,1.75,4.0,false
75677,Christian Sørensen,31457483.0,Hodsagervej,69,,7490.0,Aulum,8.93,2.0,Vårbyg,1.0,Starane 333 HL,64-82,1.3395,4.0,false
92906,Christian Sørensen,31457483.0,Hodsagervej,69,,7490.0,Aulum,8.93,2.0,Vårbyg,1.0,Nuance Max 75 WG,347-36,0.04465,2.0,false
113177,Christian Sørensen,31457483.0,Hodsagervej,69,,7490.0,Aulum,8.89,2.0,Silomajs,216.0,Harmony 50 SX,11-72,0.049784,2.0,false
161543,Christian Sørensen,31457483.0,Hodsagervej,69,,7490.0,Aulum,17.78,2.0,Silomajs,216.0,Starship Max,347-46,10.0,4.0,false
189607,Christian Sørensen,31457483.0,Hodsagervej,69,,7490.0,Aulum,17.49,2.0,Silomajs,216.0,Glyphomax HL,756-2,35.0,4.0,false
197937,Christian Sørensen,31457483.0,Hodsagervej,69,,7490.0,Aulum,8.89,2.0,Silomajs,216.0,Starane 333 HL,64-82,1.3335,4.0,false
215350,Christian Sørensen,31457483.0,Hodsagervej,69,,7490.0,Aulum,8.89,2.0,Vårbyg,1.0,Orius Gold,347-57,1.778,4.0,false
224764,Christian Sørensen,31457483.0,Hodsagervej,69,,7490.0,Aulum,8.93,2.0,Vårbyg,1.0,DFF,18-416,0.4465,4.0,false
272645,Christian Sørensen,31457483.0,Hodsagervej,69,,7490.0,Aulum,8.89,2.0,Vårbyg,1.0,Propulse SE 250,18-597,3.556,4.0,false
285646,Christian Sørensen,31457483.0,Hodsagervej,69,,7490.0,Aulum,17.78,2.0,Silomajs,216.0,MaisTer,18-442,0.75,2.0,false
4418,Brødreskærgaard,31461111.0,Højbjergvej,10A,,4250.0,Fuglebjerg,138.71,2.0,Vinterhvede,11.0,Mateno Duo SC 600,18-631,29.68,4.0,false
17120,Brødreskærgaard,31461111.0,Højbjergvej,10A,,4250.0,Fuglebjerg,74.48,2.0,Vinterraps,22.0,Agil 100 EC,396-12,15.048,4.0,false
76755,Brødreskærgaard,31461111.0,Højbjergvej,10A,,4250.0,Fuglebjerg,138.71,2.0,Vinterhvede,11.0,Atlantis OD,18-505,39.836,4.0,false
95560,Brødreskærgaard,31461111.0,Højbjergvej,10A,,4250.0,Fuglebjerg,138.71,2.0,Vinterhvede,11.0,DFF,18-416,3.742,4.0,false
112564,Brødreskærgaard,31461111.0,Højbjergvej,10A,,4250.0,Fuglebjerg,49.04,2.0,"Rajgræsfrø, alm.",101.0,DFF,18-416,3.678,4.0,false
122392,Brødreskærgaard,31461111.0,Højbjergvej,10A,,4250.0,Fuglebjerg,74.48,2.0,Vinterraps,22.0,Lamdex,396-77,14.896,2.0,false
200530,Brødreskærgaard,31461111.0,Højbjergvej,10A,,4250.0,Fuglebjerg,31.49,2.0,Vinterrug,14.0,Stomp CS,19-205,15.745,4.0,false
219918,Brødreskærgaard,31461111.0,Højbjergvej,10A,,4250.0,Fuglebjerg,31.49,2.0,Vinterrug,14.0,Boxer,1-211,15.745,4.0,false
253758,Brødreskærgaard,31461111.0,Højbjergvej,10A,,4250.0,Fuglebjerg,49.04,2.0,"Rajgræsfrø, alm.",101.0,Express 50 SX,11-69,0.368,2.0,false
260043,Brødreskærgaard,31461111.0,Højbjergvej,10A,,4250.0,Fuglebjerg,138.71,2.0,Vinterhvede,11.0,Lamdex,396-77,11.446,2.0,false
279669,Brødreskærgaard,31461111.0,Højbjergvej,10A,,4250.0,Fuglebjerg,31.49,2.0,Vinterrug,14.0,DFF,18-416,1.575,4.0,false
286493,Brødreskærgaard,31461111.0,Højbjergvej,10A,,4250.0,Fuglebjerg,138.71,2.0,Vinterhvede,11.0,Boxer,1-211,140.525,4.0,false
340873,Brødreskærgaard,31461111.0,Højbjergvej,10A,,4250.0,Fuglebjerg,31.49,2.0,Vinterrug,14.0,Lamdex,396-77,3.149,2.0,false
341191,Brødreskærgaard,31461111.0,Højbjergvej,10A,,4250.0,Fuglebjerg,74.48,2.0,Vinterraps,22.0,Belkar,64-91,33.516,4.0,false
294698,GREJSDALENS PLANTESKOLE ApS,31577071.0,Grejsdalsvej,600,,7100.0,Vejle,0.3,2.0,Øvrige afgrøder,900.0,Glyfonova 450 Plus (tidl. Glyfonova Excel),11-15,0.45,4.0,false
170821,MUNK ANNO 09 ApS,31627192.0,Vejlevej,2,,5260.0,Odense S,0.84,2.0,Potteplanter,545.0,NeemAzal-T/S,643-1,1.89,4.0,false
230914,GÅRDEJER HENNING DUNKER,31751918.0,Bækgårdvej,1B,,7500.0,Holstebro,14.76,2.0,Vinterraps,22.0,Lamdex,396-77,2.214,2.0,false
286288,GÅRDEJER HENNING DUNKER,31751918.0,Bækgårdvej,1B,,7500.0,Holstebro,14.76,2.0,Vinterraps,22.0,Belkar,64-91,7.38,4.0,false
313115,GÅRDEJER HENNING DUNKER,31751918.0,Bækgårdvej,1B,,7500.0,Holstebro,14.76,2.0,Vinterraps,22.0,Kerb 400 SC,64-72,14.76,4.0,false
319325,GÅRDEJER HENNING DUNKER,31751918.0,Bækgårdvej,1B,,7500.0,Holstebro,14.76,2.0,Vinterraps,22.0,Agil 100 EC,396-12,5.0,4.0,false
343303,BONNESLUND A/S,31762669.0,D S Industrivej,6,,9500.0,Hobro,,,,,,,,,true
343894,TARM PLANTAGE ApS,31763711.0,Parkallé,57,,6880.0,Tarm,,,,,,,,,true
343415,LANGERS HOLDING ApS,31780853.0,Smedegården,19,,4320.0,Lejre,,,,,,,,,true
64102,ØSTVENDSYSSEL PLANTAGESELSKAB ApS,31822319.0,Lundholmvej,16,,9900.0,Frederikshavn,2.3,2.0,Anden skovdrift,580.0,"Axiendo 2,5 WG",1-252,1.15,2.0,false
343024,Erling Schultz Petersen,31962315.0,Varming Vesterby,29,,6760.0,Ribe,,,,,,,,,true
5089,Gudbjerg Skov v/Adam Madsen,32027652.0,Tværtoften,7,,5871.0,Frørup,6.87,2.0,Anden skovdrift,580.0,Trico,706-1,20.0,4.0,false
344355,Poulsenseje,32173705.0,Als Oddevej,58,,9560.0,Hadsund,,,,,,,,,true
14727,Havearkitekt Fyn/Havemand Fyn,32181864.0,Grønnemosevej,12,,5690.0,Tommerup,9.9,2.0,Juletræer og pyntegrønt,583.0,Gallup Super 360,357-15,1.5,4.0,false
125814,Havearkitekt Fyn/Havemand Fyn,32181864.0,Grønnemosevej,12,,5690.0,Tommerup,0.679,2.0,"Planteskolekulturer, stauder",547.0,Mospilan SG,561-3,0.056,2.0,false
215047,Havearkitekt Fyn/Havemand Fyn,32181864.0,Grønnemosevej,12,,5690.0,Tommerup,0.629,2.0,"Planteskolekulturer, stauder",547.0,Switch 62.5 WG,1-201,0.104,2.0,false
275193,Havearkitekt Fyn/Havemand Fyn,32181864.0,Grønnemosevej,12,,5690.0,Tommerup,0.25,2.0,"Planteskolekulturer, stauder",547.0,Gallup Super 360,357-15,0.75,4.0,false
161459,GARTNERIET LUNDLY A/S,32260632.0,Holstebrovej,463,,7860.0,Spøttrup,0.1,2.0,Potteplanter,545.0,Confidor WG 70,18-365,0.1,2.0,false
205569,GARTNERIET LUNDLY A/S,32260632.0,Holstebrovej,463,,7860.0,Spøttrup,0.2,2.0,Potteplanter,545.0,Alar 85 SG,558-7,1.5,2.0,false
212288,GARTNERIET LUNDLY A/S,32260632.0,Holstebrovej,463,,7860.0,Spøttrup,0.15,2.0,Potteplanter,545.0,Stabilan 460,347-14,20.0,4.0,false
318993,GARTNERIET LUNDLY A/S,32260632.0,Holstebrovej,463,,7860.0,Spøttrup,0.35,2.0,Øvrige afgrøder,900.0,Roundup 170,48-50,11.0,4.0,false
324723,GARTNERIET LUNDLY A/S,32260632.0,Holstebrovej,463,,7860.0,Spøttrup,0.1,2.0,Potteplanter,545.0,Signum,19-151,0.2,2.0,false
242210,HIMMERLANDS ApS,32311830.0,Ålykkevej,1,,9280.0,Storvorde,9.0,2.0,Juletræer og pyntegrønt,583.0,Roundup Bio,48-16,40.0,4.0,false
323206,BØG'S HAVESERVICE ApS,32319564.0,Fangelvej,35A,,5260.0,Odense S,6.45,2.0,Engrapsgræsfrø (plænetype),113.0,Roundup Flex XL,18-670,10.3,4.0,false
295038,SOLHØJ BLOMSTER ApS,32354041.0,Hæsumvej,70,,9530.0,Støvring,0.1,2.0,Potteplanter,545.0,Bonzi,1-164,0.3,4.0,false
344200,Mosevang Mælk ApS,32365469.0,Ribevej,13A,,6683.0,Føvling,,,,,,,,,true
344701,Redet Juletræsproduktion I/S,32495761.0,Tryvej,14,,9320.0,Hjallerup,,,,,,,,,true
344877,Fårborggård I/S,32511805.0,Fårborgvej,11A,,6940.0,Lem St,,,,,,,,,true
344079,Skoven Tingkjærvad v/Ida Dagny Howard Grøn,32622666.0,Kikkenborgvej,14,,7183.0,Randbøl,,,,,,,,,true
344827,HKM-Service v/Henrik Koch,32632009.0,Sjellerupvej,21,,6430.0,Nordborg,,,,,,,,,true
119780,Ørnsvig Skovbrug Jens Kristian Ørnsvig Nielsen,32708544.0,Bøgeskovvejen,15,,8783.0,Hornsyld,2.1,2.0,Juletræer og pyntegrønt,583.0,ConShape,526-21,2.5,4.0,false
150682,Ørnsvig Skovbrug Jens Kristian Ørnsvig Nielsen,32708544.0,Bøgeskovvejen,15,,8783.0,Hornsyld,2.3,2.0,Juletræer og pyntegrønt,583.0,U46 M,347-7,2.3,4.0,false
169850,Ørnsvig Skovbrug Jens Kristian Ørnsvig Nielsen,32708544.0,Bøgeskovvejen,15,,8783.0,Hornsyld,4.6,2.0,Juletræer og pyntegrønt,583.0,Glypper,396-53,9.2,4.0,false
226427,Ørnsvig Skovbrug Jens Kristian Ørnsvig Nielsen,32708544.0,Bøgeskovvejen,15,,8783.0,Hornsyld,1.5,2.0,Juletræer og pyntegrønt,583.0,"Axiendo 2,5 WG",1-252,0.6,2.0,false
52784,ØSTBJERG HOLDING ApS,32887880.0,Møllegårdsvej,2C,,7080.0,Børkop,26.0,2.0,Juletræer og pyntegrønt,583.0,Glyphomax HL,756-2,9.0,4.0,false
140877,ØSTBJERG HOLDING ApS,32887880.0,Møllegårdsvej,2C,,7080.0,Børkop,26.0,2.0,Juletræer og pyntegrønt,583.0,ConShape,526-21,4.0,4.0,false
264830,ØSTBJERG HOLDING ApS,32887880.0,Møllegårdsvej,2C,,7080.0,Børkop,26.0,2.0,Juletræer og pyntegrønt,583.0,Pomoxon Extra (disp. juletræer 01/05 - 01/08 -2022) ,347-58,2.0,4.0,false
291452,ØSTBJERG HOLDING ApS,32887880.0,Møllegårdsvej,2C,,7080.0,Børkop,26.0,2.0,Juletræer og pyntegrønt,583.0,U46 M,347-7,2.0,4.0,false
344848,HEDEBO I/S,32912702.0,Strengevej,65,,6760.0,Ribe,,,,,,,,,true
342439,Rugballegaard v/Jesper Fog,32928846.0,Bøllemosevej,6,,5892.0,Gudbjerg Sydfyn,,,,,,,,,true
344298,OVE TRANBERG,33024711.0,Tingvejen,234,,6818.0,Årre,,,,,,,,,true
37512,TOLLUNDGAARD ApS,33061234.0,Tollundvej,3,,8600.0,Silkeborg,33.0,2.0,Juletræer og pyntegrønt,583.0,Mospilan SG,561-3,2.0,2.0,false
218925,TOLLUNDGAARD ApS,33061234.0,Tollundvej,3,,8600.0,Silkeborg,33.0,2.0,Juletræer og pyntegrønt,583.0,Barclay Gallup Super 360,357-4,15.0,4.0,false
343846,Anne Haase Madsen,33098928.0,Vester Halne Vej,104,,9430.0,Vadum,,,,,,,,,true
344843,Primdahl Mink I/S,33184735.0,Kalsgårdvej,5,,7500.0,Holstebro,,,,,,,,,true
342551,Knud Kjær Knudsen,33304366.0,Bukkerupvej,67,,4340.0,Tølløse,,,,,,,,,true
344388,Oplev Hedegaard,33319762.0,Haverslevvej,26,,9530.0,Støvring,,,,,,,,,true
342461,Møldrup Mosegaard v/Helge Christiansen,33322658.0,Ryvej,74,,8752.0,Østbirk,,,,,,,,,true
179473,Henrik Slater Christensen,33326882.0,Norupvej,103,,8970.0,Havndal,4.66,2.0,Juletræer og pyntegrønt,583.0,Glypper,396-53,6.99,4.0,false
223955,Henrik Slater Christensen,33326882.0,Norupvej,103,,8970.0,Havndal,5.25,2.0,Juletræer og pyntegrønt,583.0,Pomoxon Extra (disp. juletræer 01/05 - 01/08 -2022) ,347-58,3.15,4.0,false
265715,Henrik Slater Christensen,33326882.0,Norupvej,103,,8970.0,Havndal,5.25,2.0,Juletræer og pyntegrønt,583.0,Mavrik,396-82,1.05,4.0,false
342572,Blåkilde Plantage v/Elisabeth Øllgaard Jensen,33414757.0,Egvadvej,2A,,6880.0,Tarm,,,,,,,,,true
343206,Hans Esbjerg Petersen,33424914.0,Jupitervej,14,,6800.0,Varde,,,,,,,,,true
342327,Ebbe Teilmann Lauritzen,33521642.0,Bryndumsager,1,,6818.0,Årre,,,,,,,,,true
344084,STEENS PLANTESKOLE - STUE OG HAVECENTER ApS,33637950.0,Vestre Landevej,127,,4951.0,Nørreballe,,,,,,,,,true
18911,FRUGTAVLER BJARNI SØRENSEN,33661312.0,Ølandsvej,6,,9520.0,Skørping,2.4,2.0,Æbler,528.0,Scala,19-159,7.92,4.0,false
64774,FRUGTAVLER BJARNI SØRENSEN,33661312.0,Ølandsvej,6,,9520.0,Skørping,0.9,2.0,Pærer,529.0,Scala,19-159,2.97,4.0,false
128175,FRUGTAVLER BJARNI SØRENSEN,33661312.0,Ølandsvej,6,,9520.0,Skørping,2.4,2.0,Æbler,528.0,Candit,19-92,0.48,2.0,false
140353,FRUGTAVLER BJARNI SØRENSEN,33661312.0,Ølandsvej,6,,9520.0,Skørping,0.9,2.0,Pærer,529.0,Delan Pro,19-223,2.25,4.0,false
145790,FRUGTAVLER BJARNI SØRENSEN,33661312.0,Ølandsvej,6,,9520.0,Skørping,0.9,2.0,Pærer,529.0,Lamdex,396-77,0.36,2.0,false
152235,FRUGTAVLER BJARNI SØRENSEN,33661312.0,Ølandsvej,6,,9520.0,Skørping,0.9,2.0,Pærer,529.0,Delan WG,19-149,3.6,2.0,false
157103,FRUGTAVLER BJARNI SØRENSEN,33661312.0,Ølandsvej,6,,9520.0,Skørping,0.9,2.0,Pærer,529.0,Candit,19-92,0.18,2.0,false
194036,FRUGTAVLER BJARNI SØRENSEN,33661312.0,Ølandsvej,6,,9520.0,Skørping,0.9,2.0,Pærer,529.0,Vacciplant,740-1,3.6,4.0,false
215030,FRUGTAVLER BJARNI SØRENSEN,33661312.0,Ølandsvej,6,,9520.0,Skørping,2.4,2.0,Æbler,528.0,Signum,19-151,5.4,2.0,false
291790,FRUGTAVLER BJARNI SØRENSEN,33661312.0,Ølandsvej,6,,9520.0,Skørping,2.4,2.0,Æbler,528.0,Lamdex,396-77,0.96,2.0,false
314494,FRUGTAVLER BJARNI SØRENSEN,33661312.0,Ølandsvej,6,,9520.0,Skørping,2.4,2.0,Æbler,528.0,Delan WG,19-149,14.4,2.0,false
320807,FRUGTAVLER BJARNI SØRENSEN,33661312.0,Ølandsvej,6,,9520.0,Skørping,2.4,2.0,Æbler,528.0,Delan Pro,19-223,6.0,4.0,false
330812,FRUGTAVLER BJARNI SØRENSEN,33661312.0,Ølandsvej,6,,9520.0,Skørping,2.4,2.0,Æbler,528.0,Vacciplant,740-1,7.2,4.0,false
343884,Christian Birkbak,33663048.0,Brønderslevvej,93,,9900.0,Frederikshavn,,,,,,,,,true
344511,KJ-Mink I/S,33678525.0,Engparken,3,,9700.0,Brønderslev,,,,,,,,,true
344699,Den Selvejende Institution Sandbjerglejren,33684967.0,Christianslund,63,,8300.0,Odder,,,,,,,,,true
344543,VREJLEV KLOSTER ApS,33769911.0,Vrejlev Kloster,3,,9760.0,Vrå,,,,,,,,,true
16340,KJÆR PRODUCTION ApS,33950764.0,Velds Møllevej,7,,8830.0,Tjele,98.69,2.0,Juletræer og pyntegrønt,583.0,Roundup Bio,48-16,297.2,4.0,false
47261,KJÆR PRODUCTION ApS,33950764.0,Velds Møllevej,7,,8830.0,Tjele,98.69,2.0,Juletræer og pyntegrønt,583.0,"Axiendo 2,5 WG",1-252,17.468,2.0,false
295960,KJÆR PRODUCTION ApS,33950764.0,Velds Møllevej,7,,8830.0,Tjele,98.69,2.0,Juletræer og pyntegrønt,583.0,ConShape,526-21,7.888,4.0,false
329599,KJÆR PRODUCTION ApS,33950764.0,Velds Møllevej,7,,8830.0,Tjele,98.69,2.0,Juletræer og pyntegrønt,583.0,Pomoxon Extra (disp. juletræer 01/05 - 01/08 -2022) ,347-58,8.734,4.0,false
342669,PLANTEKONSULENTEN ApS,33952554.0,Svejstrupvej,8,,8660.0,Skanderborg,,,,,,,,,true
31678,ØSTERVANG SJÆLLAND A/S,33962398.0,Myrekærvej,3,,4652.0,Hårlev,5.0,2.0,Tomater,540.0,Trianum-P,677-3,1.89,2.0,false
34240,ØSTERVANG SJÆLLAND A/S,33962398.0,Myrekærvej,3,,4652.0,Hårlev,5.0,2.0,Tomater,540.0,Prestop WP,880-4,1.9,2.0,false
47930,ØSTERVANG SJÆLLAND A/S,33962398.0,Myrekærvej,3,,4652.0,Hårlev,5.0,2.0,Tomater,540.0,Serenade ASO,18-581,17.5,4.0,false
72976,ØSTERVANG SJÆLLAND A/S,33962398.0,Myrekærvej,3,,4652.0,Hårlev,4.3,2.0,Agurker,541.0,Serenade ASO,18-581,14.5,4.0,false
101321,ØSTERVANG SJÆLLAND A/S,33962398.0,Myrekærvej,3,,4652.0,Hårlev,1.3,2.0,"Grøntsager, andre (drivhus)",543.0,Turex WP (Tidl. Agree 50 WP),738-2,1.8,2.0,false
131262,ØSTERVANG SJÆLLAND A/S,33962398.0,Myrekærvej,3,,4652.0,Hårlev,1.3,2.0,"Grøntsager, andre (drivhus)",543.0,Prestop WP,880-4,0.3,2.0,false
191037,ØSTERVANG SJÆLLAND A/S,33962398.0,Myrekærvej,3,,4652.0,Hårlev,1.3,2.0,"Grøntsager, andre (drivhus)",543.0,Serenade ASO,18-581,3.5,4.0,false
200920,ØSTERVANG SJÆLLAND A/S,33962398.0,Myrekærvej,3,,4652.0,Hårlev,11.0,2.0,"Grøntsager, andre (drivhus)",543.0,Sluxx HP,364-59,20.0,2.0,false
223665,ØSTERVANG SJÆLLAND A/S,33962398.0,Myrekærvej,3,,4652.0,Hårlev,5.0,2.0,Tomater,540.0,Turex WP (Tidl. Agree 50 WP),738-2,18.34,2.0,false
264267,ØSTERVANG SJÆLLAND A/S,33962398.0,Myrekærvej,3,,4652.0,Hårlev,4.3,2.0,Agurker,541.0,Trianum-P,677-3,2.34,2.0,false
266901,ØSTERVANG SJÆLLAND A/S,33962398.0,Myrekærvej,3,,4652.0,Hårlev,4.3,2.0,Agurker,541.0,Prestop WP,880-4,2.1,2.0,false
289152,ØSTERVANG SJÆLLAND A/S,33962398.0,Myrekærvej,3,,4652.0,Hårlev,4.3,2.0,Agurker,541.0,Turex WP (Tidl. Agree 50 WP),738-2,6.97,2.0,false
299670,ØSTERVANG SJÆLLAND A/S,33962398.0,Myrekærvej,3,,4652.0,Hårlev,1.3,2.0,"Grøntsager, andre (drivhus)",543.0,Trianum-P,677-3,0.36,2.0,false
343102,Inger Bull Jensen,34041105.0,Skudstrup Markvej,3,,6630.0,Rødding,,,,,,,,,true
344223,Assenhøj Maskinstation I/S,34103259.0,Knoldeflodvej,36,,6800.0,Varde,,,,,,,,,true
179593,Planteskolen Bakken Jan Thimm Danielsen,34170010.0,Bakken,5,,9670.0,Løgstør,1.81,2.0,"Planteskolekulturer, vedplanter, til videresalg",497.0,Metaxon,347-5,1.7,4.0,false
266844,Planteskolen Bakken Jan Thimm Danielsen,34170010.0,Bakken,5,,9670.0,Løgstør,1.81,2.0,"Planteskolekulturer, vedplanter, til videresalg",497.0,Roundup Bio,48-16,5.0,4.0,false
112151,DJURS BRÆNDESALG ApS,34204497.0,Holmagervej,8,,8543.0,Hornslet,35.0,2.0,Juletræer og pyntegrønt,583.0,Kumulus S,19-34,140.0,2.0,false
130713,DJURS BRÆNDESALG ApS,34204497.0,Holmagervej,8,,8543.0,Hornslet,35.0,2.0,Juletræer og pyntegrønt,583.0,"Karate 2,5 WG",1-163,22.6,2.0,false
273307,DJURS BRÆNDESALG ApS,34204497.0,Holmagervej,8,,8543.0,Hornslet,35.0,2.0,Juletræer og pyntegrønt,583.0,ConShape,526-21,2.0,4.0,false
323097,DJURS BRÆNDESALG ApS,34204497.0,Holmagervej,8,,8543.0,Hornslet,35.0,2.0,Juletræer og pyntegrønt,583.0,Roundup Bio,48-16,84.0,4.0,false
326677,DJURS BRÆNDESALG ApS,34204497.0,Holmagervej,8,,8543.0,Hornslet,35.0,2.0,Juletræer og pyntegrønt,583.0,Pomoxon Extra (disp. juletræer fra 01/05 indtil 01/08-2021),347-55,1.0,4.0,false
10259,GARTNERIET VESTDAL ApS,34210993.0,Gartnervænget Øst,18,,5240.0,Odense NØ,0.75,2.0,Potteplanter,545.0,NeemAzal-T/S,643-1,35.0,4.0,false
88150,GARTNERIET VESTDAL ApS,34210993.0,Gartnervænget Øst,18,,5240.0,Odense NØ,0.5,2.0,Øvrige afgrøder,900.0,Roundup Bio,48-16,25.0,4.0,false
132716,GARTNERIET VESTDAL ApS,34210993.0,Gartnervænget Øst,18,,5240.0,Odense NØ,0.75,2.0,Potteplanter,545.0,Gnatrol SC,526-14,130.0,4.0,false
162802,GARTNERIET VESTDAL ApS,34210993.0,Gartnervænget Øst,18,,5240.0,Odense NØ,0.75,2.0,Potteplanter,545.0,Switch 62.5 WG,1-201,2.0,2.0,false
214713,GARTNERIET VESTDAL ApS,34210993.0,Gartnervænget Øst,18,,5240.0,Odense NØ,0.75,2.0,Potteplanter,545.0,Amistar,1-172,5.0,4.0,false
303589,GARTNERIET VESTDAL ApS,34210993.0,Gartnervænget Øst,18,,5240.0,Odense NØ,0.75,2.0,Potteplanter,545.0,Previcur Energy,18-544,58.0,4.0,false
166631,DANSK NORMANN ApS,34351023.0,Kongensgade,38,,6070.0,Christiansfeld,128.59,2.0,Juletræer og pyntegrønt,583.0,Roundup Bio,48-16,380.0,4.0,false
205685,DANSK NORMANN ApS,34351023.0,Kongensgade,38,,6070.0,Christiansfeld,128.59,2.0,Juletræer og pyntegrønt,583.0,Mospilan SG,561-3,27.0,2.0,false
212922,DANSK NORMANN ApS,34351023.0,Kongensgade,38,,6070.0,Christiansfeld,128.59,2.0,Juletræer og pyntegrønt,583.0,Legacy 500 SC,396-26,30.0,4.0,false
286755,DANSK NORMANN ApS,34351023.0,Kongensgade,38,,6070.0,Christiansfeld,128.59,2.0,Juletræer og pyntegrønt,583.0,Logo,18-484,1.875,2.0,false
344913,Christine Brock Thorsen,34395101.0,Blegebrøndevej,90,,9690.0,Fjerritslev,,,,,,,,,true
344107,Kirkeby Maskinstation,34429081.0,Brejninggårdsvej,18,,6920.0,Videbæk,,,,,,,,,true
342704,Stenris Øko I/S,34429448.0,Tokkerupvej,3,,4892.0,Kettinge,,,,,,,,,true
343234,MARTIN JENSEN,34436452.0,Tjennemarkevej,58,,4952.0,Stokkemarke,,,,,,,,,true
343204,RINGSTEDGÅRD ApS,34477868.0,Volderslevvej,147,,5260.0,Odense S,,,,,,,,,true
40833,Vasebroen Land- og Skovbrug A/S,34579245.0,Atterupvej,11B,,4174.0,Jystrup Midtsj,1.01,2.0,Anden skovdrift,580.0,Gallup Hi-Aktiv,357-14,2.55,4.0,false
203257,Vasebroen Land- og Skovbrug A/S,34579245.0,Atterupvej,11B,,4174.0,Jystrup Midtsj,0.5,2.0,Skovdrift med fjernelse af ved,581.0,Roundup Bio,48-16,3.03,4.0,false
343088,Skovens Montage ApS,34580359.0,Sdr. Østerbyvej,10,,6880.0,Tarm,,,,,,,,,true
343802,SØRENSEN VARDE ApS,34621403.0,Ådalsvænget,7,,6800.0,Varde,,,,,,,,,true
344798,SKORSTENSFEJER LARS PUURLUND,34694850.0,Tokkerupvej,28,,4640.0,Faxe,,,,,,,,,true
45713,JS Trees I/S,34744874.0,Nymarksvej,19,,5471.0,Søndersø,18.21,2.0,Juletræer og pyntegrønt,583.0,Mospilan SG,561-3,4.312,2.0,false
83440,JS Trees I/S,34744874.0,Nymarksvej,19,,5471.0,Søndersø,18.21,2.0,Juletræer og pyntegrønt,583.0,Pomoxon Extra (disp. juletræer 01/05 - 01/08 -2022) ,347-58,0.477,4.0,false
122860,JS Trees I/S,34744874.0,Nymarksvej,19,,5471.0,Søndersø,18.21,2.0,Juletræer og pyntegrønt,583.0,U46 M,347-7,9.318,4.0,false
300279,JS Trees I/S,34744874.0,Nymarksvej,19,,5471.0,Søndersø,18.21,2.0,Juletræer og pyntegrønt,583.0,Glypper,396-53,41.045,4.0,false
342557,Christian Jørgensen,34815909.0,Sdr Skovvej,8,,6630.0,Rødding,,,,,,,,,true
344815,HVIMS FARM SERVICE ApS,34894000.0,Jerupvej,350,,9870.0,Sindal,,,,,,,,,true
343393,Morten B. Elmkvist,34953473.0,Skorupgårdsvej,15,,8882.0,Fårvang,,,,,,,,,true
342385,Brdr. Thorsen Landbrug I/S,34962049.0,Østenfjeldvej,9,,8581.0,Nimtofte,,,,,,,,,true
343774,Thomas Petersen,34985510.0,Tingvej,9,,7800.0,Skive,,,,,,,,,true
343793,Frank Andersen,35012869.0,Roskildevej,430,,4100.0,Ringsted,,,,,,,,,true
342661,Gårdbutikken Marielyst V/Bo Nielsen,35296484.0,Bøtø Ringvej,4,,4873.0,Væggerløse,,,,,,,,,true
343488,Landbrug v/Wiebe Siegersma,35303340.0,Overby Mallevej,22,,6800.0,Varde,,,,,,,,,true
26346,BIO-VIN ApS,35390960.0,Gartnervej,27,,4632.0,Bjæverskov,0.05,2.0,Potteplanter,545.0,NeemAzal-T/S,643-1,0.05,4.0,false
343055,PH GREEN ApS,35479570.0,Salbrovad,18,,5610.0,Assens,,,,,,,,,true
136609,Stenstruplund I/S,35498222.0,Stenstrupvej,31,,9500.0,Hobro,5.0,2.0,Juletræer og pyntegrønt,583.0,Roundup Bio,48-16,10.0,4.0,false
57932,Gartneriet,35571329.0,Sønderbjerg,6,,7620.0,Lemvig,0.25,2.0,Potteplanter,545.0,Confidor WG 70,18-365,0.007,2.0,false
251417,Gartneriet,35571329.0,Sønderbjerg,6,,7620.0,Lemvig,0.25,2.0,Potteplanter,545.0,Kompakt 5 C,49-94,1.0,4.0,false
310418,Gartneriet,35571329.0,Sønderbjerg,6,,7620.0,Lemvig,0.25,2.0,Potteplanter,545.0,Caryx,19-207,0.25,4.0,false
344049,Lis Blomqvist,35610634.0,Højeloft Vænge,87,,3500.0,Værløse,,,,,,,,,true
270292,HESSELBÆKGAARD HAVECENTER A/S,35632514.0,Bistrupvej,194,,3460.0,Birkerød,0.1,2.0,Øvrige afgrøder,900.0,Roundup GP,48-51,1.0,4.0,false
342749,GARTNERIET NISLEVGAARD ApS,35646930.0,Søndergade,61,,5450.0,Otterup,,,,,,,,,true
2436,GROTEX ApS,35648984.0,Storgårdsvej,12,,4250.0,Fuglebjerg,12.0,2.0,Juletræer og pyntegrønt,583.0,ConShape,526-21,1.0,4.0,false
111127,GROTEX ApS,35648984.0,Storgårdsvej,12,,4250.0,Fuglebjerg,4.8,2.0,Juletræer og pyntegrønt,583.0,Accurate Max,347-35,0.096,2.0,false
199382,GROTEX ApS,35648984.0,Storgårdsvej,12,,4250.0,Fuglebjerg,20.5,2.0,Juletræer og pyntegrønt,583.0,Roundup Bio,48-16,30.0,4.0,false
268356,GROTEX ApS,35648984.0,Storgårdsvej,12,,4250.0,Fuglebjerg,20.5,2.0,Juletræer og pyntegrønt,583.0,U46 M,347-7,7.0,4.0,false
342639,TOLDERGAARD ApS,35682376.0,Tornumvej,2,,6630.0,Rødding,,,,,,,,,true
343896,K & M Quarter Horses I/S,35751467.0,Hovedvejen,61,,4000.0,Roskilde,,,,,,,,,true
89421,EXPORT-GARTNERIET BOELSMINDE,35810714.0,Boelsmindevej,43,,9300.0,Sæby,2200.0,2.0,Potteplanter,545.0,Signum,19-151,0.01,2.0,false
83983,Mosegården I/S,35903461.0,Præstevej,3,,3400.0,Hillerød,3.0,2.0,Anden skovdrift,580.0,Primus,64-45,0.45,4.0,false
130860,Mosegården I/S,35903461.0,Præstevej,3,,3400.0,Hillerød,9.5,2.0,"Skovlandbrug, ikke støtteberettiget",487.0,Roundup Bio,48-16,14.5,4.0,false
183306,Mosegården I/S,35903461.0,Præstevej,3,,3400.0,Hillerød,3.0,2.0,Anden skovdrift,580.0,Accurate Max,347-35,0.06,2.0,false
197745,Mosegården I/S,35903461.0,Præstevej,3,,3400.0,Hillerød,3.0,2.0,Anden skovdrift,580.0,Kumulus S,19-34,10.0,2.0,false
260322,Mosegården I/S,35903461.0,Præstevej,3,,3400.0,Hillerød,3.0,2.0,Anden skovdrift,580.0,Mavrik Vita,396-70,0.6,4.0,false
344831,GÅRDEJER ANDREAS HANSEN,35917217.0,Seggelund Hovedvej,42,,6070.0,Christiansfeld,,,,,,,,,true
9207,GRØNNEGÅRD A/S,36026235.0,Skovsbovej,22,,5900.0,Rudkøbing,30.0,2.0,Juletræer og pyntegrønt,583.0,Mospilan SG,561-3,21.0,4.0,false
38123,GRØNNEGÅRD A/S,36026235.0,Skovsbovej,22,,5900.0,Rudkøbing,21.0,2.0,Juletræer og pyntegrønt,583.0,DFF,18-416,16.0,4.0,false
307102,GRØNNEGÅRD A/S,36026235.0,Skovsbovej,22,,5900.0,Rudkøbing,61.93,2.0,Juletræer og pyntegrønt,583.0,Roundup XL,18-669,119.28,4.0,false
87260,NYKROS JULETRÆER ApS,36058064.0,Hyrdebakken,2,,3060.0,Espergærde,2.7,2.0,Juletræer og pyntegrønt,583.0,Metaxon,347-5,2.7,4.0,false
246278,NYKROS JULETRÆER ApS,36058064.0,Hyrdebakken,2,,3060.0,Espergærde,3.7,2.0,Juletræer og pyntegrønt,583.0,Roundup Bio,48-16,14.5,4.0,false
342562,Nicolai Andersen,36152400.0,Langhedevej,44,,6800.0,Varde,,,,,,,,,true
4996,Holbækgaard,36153709.0,Stinesmindevejen,1,,9500.0,Hobro,35.5,2.0,Juletræer og pyntegrønt,583.0,Metaxon,347-5,20.0,4.0,false
211347,Holbækgaard,36153709.0,Stinesmindevejen,1,,9500.0,Hobro,35.5,2.0,Juletræer og pyntegrønt,583.0,"Axiendo 2,5 WG",1-252,5.0,2.0,false
317597,Holbækgaard,36153709.0,Stinesmindevejen,1,,9500.0,Hobro,35.5,2.0,Juletræer og pyntegrønt,583.0,Roundup Bio,48-16,80.0,4.0,false
342423,Birgitte Palmelund Jakobsen,36206640.0,Møgelbjergvej,5,,6800.0,Varde,,,,,,,,,true
29924,Øland Skov v/Mette Glarborg,36336633.0,Vestre Skovvej,27,,9460.0,Brovst,6.64,2.0,Anden skovdrift,580.0,Roundup Flex (tidl. MON 79351 (Zanussi)),48-43,2.0,4.0,false
141231,Øland Skov v/Mette Glarborg,36336633.0,Vestre Skovvej,27,,9460.0,Brovst,0.15,2.0,Anden skovdrift,580.0,U46 M,347-7,1.0,4.0,false
342795,RØRVIG HUS OG HAVE ApS,36395834.0,Sandlodsvej,10,,4581.0,Rørvig,,,,,,,,,true
344788,TOFTEGAARD A/S,36433175.0,Springenbjergvej,21,,5620.0,Glamsbjerg,,,,,,,,,true
343945,DAVIDSEN LANDBRUG ApS,36449136.0,Ribersvej,3,,7200.0,Grindsted,,,,,,,,,true
143438,SilvaTrees Plantager ApS,36491728.0,Låsbyvej,62,,8660.0,Skanderborg,12.5,2.0,Juletræer og pyntegrønt,583.0,"Karate 2,5 WG",1-163,0.4,2.0,false
279665,SilvaTrees Plantager ApS,36491728.0,Låsbyvej,62,,8660.0,Skanderborg,90.0,2.0,Juletræer og pyntegrønt,583.0,Metaxon,347-5,0.5,4.0,false
292605,SilvaTrees Plantager ApS,36491728.0,Låsbyvej,62,,8660.0,Skanderborg,13.4,2.0,Juletræer og pyntegrønt,583.0,Legacy 500 SC,396-26,0.3,4.0,false
314049,SilvaTrees Plantager ApS,36491728.0,Låsbyvej,62,,8660.0,Skanderborg,115.0,2.0,Juletræer og pyntegrønt,583.0,Roundup Bio,48-16,3.0,4.0,false
317530,SilvaTrees Plantager ApS,36491728.0,Låsbyvej,62,,8660.0,Skanderborg,25.0,2.0,Juletræer og pyntegrønt,583.0,"Axiendo 2,5 WG",1-252,0.4,2.0,false
83683,Ekoplan APS,36553383.0,Nr Onsildvej,30,,9500.0,Hobro,61.03,2.0,"Planteskolekulturer, vedplanter, til videresalg",497.0,Previcur Energy,18-544,12.25,4.0,false
105449,Ekoplan APS,36553383.0,Nr Onsildvej,30,,9500.0,Hobro,61.03,2.0,"Planteskolekulturer, vedplanter, til videresalg",497.0,Roundup Bio,48-16,213.6,4.0,false
110518,Ekoplan APS,36553383.0,Nr Onsildvej,30,,9500.0,Hobro,61.03,2.0,"Planteskolekulturer, vedplanter, til videresalg",497.0,Metaxon,347-5,61.03,4.0,false
111994,Ekoplan APS,36553383.0,Nr Onsildvej,30,,9500.0,Hobro,61.03,2.0,"Planteskolekulturer, vedplanter, til videresalg",497.0,Kerb 400 SC,64-72,13.5,4.0,false
145699,Ekoplan APS,36553383.0,Nr Onsildvej,30,,9500.0,Hobro,5.0,2.0,"Tagetes, sygdomssanerende plante",579.0,Goltix SC 700,396-22,5.09,4.0,false
172178,Ekoplan APS,36553383.0,Nr Onsildvej,30,,9500.0,Hobro,11.45,2.0,Græs uden kløvergræs (omdrift),263.0,Roundup Bio,48-16,68.7,4.0,false
199121,Ekoplan APS,36553383.0,Nr Onsildvej,30,,9500.0,Hobro,61.03,2.0,"Planteskolekulturer, vedplanter, til videresalg",497.0,Topsin WG,561-5,27.0,2.0,false
230812,Ekoplan APS,36553383.0,Nr Onsildvej,30,,9500.0,Hobro,61.03,2.0,"Planteskolekulturer, vedplanter, til videresalg",497.0,Amistar,1-172,14.5,4.0,false
232757,Ekoplan APS,36553383.0,Nr Onsildvej,30,,9500.0,Hobro,61.03,2.0,"Planteskolekulturer, vedplanter, til videresalg",497.0,Fastac 50,19-139,6.85,4.0,false
250843,Ekoplan APS,36553383.0,Nr Onsildvej,30,,9500.0,Hobro,61.03,2.0,"Planteskolekulturer, vedplanter, til videresalg",497.0,"Axiendo 2,5 WG",1-252,40.6,2.0,false
280276,Ekoplan APS,36553383.0,Nr Onsildvej,30,,9500.0,Hobro,11.45,2.0,Grønkorn af vårbyg,701.0,Roundup Bio,48-16,34.35,4.0,false
307300,Ekoplan APS,36553383.0,Nr Onsildvej,30,,9500.0,Hobro,61.03,2.0,"Planteskolekulturer, vedplanter, til videresalg",497.0,Flexity,19-166,6.8,4.0,false
1523,Claes Karsten Falkentoft,36627816.0,Lyngevej,16,,3400.0,Hillerød,37.04,2.0,Vinterhvede,11.0,Orius Max 200 EW,347-39,9.26,4.0,false
50643,Claes Karsten Falkentoft,36627816.0,Lyngevej,16,,3400.0,Hillerød,25.44,2.0,Vinterraps,22.0,Lamdex,396-77,5.088,2.0,false
105677,Claes Karsten Falkentoft,36627816.0,Lyngevej,16,,3400.0,Hillerød,25.44,2.0,Vinterraps,22.0,Agil 100 EC,396-12,12.72,4.0,false
111150,Claes Karsten Falkentoft,36627816.0,Lyngevej,16,,3400.0,Hillerød,37.9,2.0,Vårbyg,1.0,Nuance Max 75 WG,347-36,0.1895,2.0,false
121371,Claes Karsten Falkentoft,36627816.0,Lyngevej,16,,3400.0,Hillerød,37.9,2.0,Vårbyg,1.0,Lamdex,396-77,7.58,2.0,false
150497,Claes Karsten Falkentoft,36627816.0,Lyngevej,16,,3400.0,Hillerød,37.9,2.0,Vårbyg,1.0,Starane 333 HL,64-82,5.685,4.0,false
158033,Claes Karsten Falkentoft,36627816.0,Lyngevej,16,,3400.0,Hillerød,37.9,2.0,Vårbyg,1.0,DFF,18-416,1.895,4.0,false
165839,Claes Karsten Falkentoft,36627816.0,Lyngevej,16,,3400.0,Hillerød,37.04,2.0,Vinterhvede,11.0,Mateno Duo SC 600,18-631,14.816,4.0,false
195234,Claes Karsten Falkentoft,36627816.0,Lyngevej,16,,3400.0,Hillerød,25.44,2.0,Vinterraps,22.0,Propulse SE 250,18-597,8.904,4.0,false
227865,Claes Karsten Falkentoft,36627816.0,Lyngevej,16,,3400.0,Hillerød,37.9,2.0,Vårbyg,1.0,Propulse SE 250,18-597,11.37,4.0,false
234501,Claes Karsten Falkentoft,36627816.0,Lyngevej,16,,3400.0,Hillerød,37.04,2.0,Vinterhvede,11.0,Propulse SE 250,18-597,11.112,4.0,false
296153,Claes Karsten Falkentoft,36627816.0,Lyngevej,16,,3400.0,Hillerød,37.04,2.0,Vinterhvede,11.0,Boxer,1-211,37.04,4.0,false
308760,Claes Karsten Falkentoft,36627816.0,Lyngevej,16,,3400.0,Hillerød,37.04,2.0,Vinterhvede,11.0,Lamdex,396-77,5.556,2.0,false
309278,Claes Karsten Falkentoft,36627816.0,Lyngevej,16,,3400.0,Hillerød,37.04,2.0,Vinterhvede,11.0,Proline EC 250,18-473,14.816,4.0,false
336041,Claes Karsten Falkentoft,36627816.0,Lyngevej,16,,3400.0,Hillerød,37.04,2.0,Vinterhvede,11.0,Nuance Max 75 WG,347-36,0.1852,2.0,false
75863,Den selvejende institution Geografisk Have,36675802.0,Christian 4 Vej,23,,6000.0,Kolding,0.2,2.0,Rekreative formål,271.0,Movento SC 100,18-549,0.075,4.0,false
170812,Den selvejende institution Geografisk Have,36675802.0,Christian 4 Vej,23,,6000.0,Kolding,0.158,2.0,Rekreative formål,271.0,Stomp CS,19-205,0.475,4.0,false
220806,Den selvejende institution Geografisk Have,36675802.0,Christian 4 Vej,23,,6000.0,Kolding,0.2,2.0,Rekreative formål,271.0,Candit,19-92,0.025,2.0,false
342955,Langers Landskab ApS,36684313.0,Smedegården,19,,4320.0,Lejre,,,,,,,,,true
343505,Kringelgården Holding ApS,36942045.0,Kjellerupsvej,197,,9440.0,Aabybro,,,,,,,,,true
26371,Ørbæk Skovene I/S,37072788.0,Glentevej,13,,8240.0,Risskov,2.8,2.0,Anden skovdrift,580.0,Roundup Bio,48-16,4.536,4.0,false
141539,Ørbæk Skovene I/S,37072788.0,Glentevej,13,,8240.0,Risskov,2.8,2.0,Anden skovdrift,580.0,"Axiendo 2,5 WG",1-252,2.24,2.0,false
265376,Skov og Plantage ApS,37086134.0,Dybensgade,6,,1071.0,København K,1.47,2.0,Anden skovdrift,580.0,"Axiendo 2,5 WG",1-252,1.176,2.0,false
342623,Lindeskov Skovbrug ApS,37087254.0,Lindeskovvej,3,,5853.0,Ørbæk,,,,,,,,,true
344858,Bondero v/Ketty Knudsen,37222399.0,Sollerupvej,4,,5600.0,Faaborg,,,,,,,,,true
319156,Hastruplund v/Martin Petersen,37268682.0,Skolevej,55,,8960.0,Randers SØ,2.8,2.0,Anden skovdrift,580.0,"Axiendo 2,5 WG",1-252,0.8,2.0,false
343875,Rasmus Kildal,37279757.0,Åstrupbakken,18A,,8500.0,Grenaa,,,,,,,,,true
344447,Hovmand-Hansen Agro,37289728.0,Sværdsholtevej,13,,4295.0,Stenlille,,,,,,,,,true
343663,Per Holbøll,37299588.0,Nørregade,38C,,7480.0,Vildbjerg,,,,,,,,,true
342898,ØkologiRådgivning Danmark ApS,37300268.0,Majsmarken,1,,7190.0,Billund,,,,,,,,,true
342852,Margrethesminde,37336173.0,Sletmadevej,23,,6040.0,Egtved,,,,,,,,,true
344166,Egehøjgaard I/S,37348880.0,Blegebjergvej,7,,4160.0,Herlufmagle,,,,,,,,,true
343519,Højvang Grønt ApS,37375292.0,Møllevej,36,,4262.0,Sandved,,,,,,,,,true
342689,Hummeluhr Skov og Land ApS,37393266.0,Galten Hedevej,21,,8370.0,Hadsten,,,,,,,,,true
342652,Landmand Martin Kusk,37394947.0,Karl Jensens Vej,7,,6731.0,Tjæreborg,,,,,,,,,true
343008,MBA Agro ApS,37398632.0,Vesterbyvej,9B,,8800.0,Viborg,,,,,,,,,true
13742,Frøstrup Østre ApS,37510009.0,Ejlif Krogagers Vej,178,,6731.0,Tjæreborg,5.9,2.0,Anden skovdrift,580.0,Roundup Bio,48-16,17.7,4.0,false
73836,Frøstrup Østre ApS,37510009.0,Ejlif Krogagers Vej,178,,6731.0,Tjæreborg,5.9,2.0,Anden skovdrift,580.0,"Axiendo 2,5 WG",1-252,1.77,2.0,false
228263,SKS Anlæg,37530158.0,Ladingvej,4,,8464.0,Galten,10.17,2.0,Vinterbyg,10.0,Roundup PowerMax (tid. MON 79991),48-47,11.5,2.0,false
328316,SKS Anlæg,37530158.0,Ladingvej,4,,8464.0,Galten,12.21,2.0,Vinterhvede,11.0,Roundup PowerMax (tid. MON 79991),48-47,13.5,2.0,false
343105,KH Agro v/Kristoffer Høj,37564516.0,Klintingvej,111,,6830.0,Nørre Nebel,,,,,,,,,true
39538,Dronesyn,37593214.0,Aggebovej,58,,3230.0,Græsted,2.5,2.0,Øvrige afgrøder,900.0,Barclay Gallup Super 360,357-4,1.0,4.0,false
344750,Arne Thomsen,37593281.0,Estrupvej,48,,9530.0,Støvring,,,,,,,,,true
342424,Damgård I/S,37600342.0,Thorupholmevej,264,,9690.0,Fjerritslev,,,,,,,,,true
85346,Arborea ApS,37621773.0,Holmager,35,,4171.0,Glumsø,56.71,2.0,Anden skovdrift,580.0,Roundup Bio,48-16,0.05,4.0,false
344773,Ledstedlund Agro ApS,37643971.0,Kogsbøllevej,66E,,5871.0,Frørup,,,,,,,,,true
85617,ØRRE AKTIEPLANTAGE,37678414.0,Kimingen,1A,,7600.0,Struer,7.23,2.0,Anden skovdrift,580.0,Trico,706-1,7.0,4.0,false
339835,ØRRE AKTIEPLANTAGE,37678414.0,Kimingen,1A,,7600.0,Struer,7.23,2.0,Anden skovdrift,580.0,"Axiendo 2,5 WG",1-252,3.3,2.0,false
100890,Investeringsselskabet Polen ApS,37688614.0,Toldbakken,10,,6094.0,Hejls,1.65,2.0,Anden skovdrift,580.0,Roundup Bio,48-16,5.3,4.0,false
23911,Gartneriet Landstedet ApS,37694622.0,Bogensevej,485,,5270.0,Odense N,0.8,2.0,En- og to-årige planter,503.0,Amistar,1-172,0.48048,4.0,false
29017,Gartneriet Landstedet ApS,37694622.0,Bogensevej,485,,5270.0,Odense N,0.8,2.0,En- og to-årige planter,503.0,Switch 62.5 WG,1-201,0.4002,2.0,false
54339,Gartneriet Landstedet ApS,37694622.0,Bogensevej,485,,5270.0,Odense N,0.8,2.0,En- og to-årige planter,503.0,Scala,19-159,0.15,4.0,false
88827,Gartneriet Landstedet ApS,37694622.0,Bogensevej,485,,5270.0,Odense N,0.8,2.0,En- og to-årige planter,503.0,Teldor WG 50,18-343,0.6,2.0,false
124013,Gartneriet Landstedet ApS,37694622.0,Bogensevej,485,,5270.0,Odense N,2.0,2.0,"Græs og kløvergræs uden norm, under 50 % kløver (omdrift)",264.0,Roundup Bio,48-16,2.35,4.0,false
173597,Gartneriet Landstedet ApS,37694622.0,Bogensevej,485,,5270.0,Odense N,0.8,2.0,En- og to-årige planter,503.0,Sluxx HP,364-59,0.8,2.0,false
220680,Gartneriet Landstedet ApS,37694622.0,Bogensevej,485,,5270.0,Odense N,0.8,2.0,En- og to-årige planter,503.0,Candit,19-92,0.054,2.0,false
265719,Gartneriet Landstedet ApS,37694622.0,Bogensevej,485,,5270.0,Odense N,0.8,2.0,En- og to-årige planter,503.0,Signum,19-151,0.3,2.0,false
274729,Gartneriet Landstedet ApS,37694622.0,Bogensevej,485,,5270.0,Odense N,0.8,2.0,En- og to-årige planter,503.0,Teppeki,352-5,0.126,2.0,false
344894,Niltech,37746770.0,Haulundvej,7,,6870.0,Ølgod,,,,,,,,,true
344624,Mads Møller Madsen,37946745.0,Erik Banners Vej,45,,9460.0,Brovst,,,,,,,,,true
316989,Lilliendal Plantecenter v/Flemming Munch,37955485.0,Sagavej,1,,3700.0,Rønne,0.9,2.0,Containerplads,564.0,KVIK Ukrudtsbekæmpelse koncentrat (tidl. UkrudtsFri N koncentrat),424-22,1.0,4.0,false
344658,"Vestergaard Landbrug, Asferg ApS",38009338.0,Ouevej,2,,9500.0,Hobro,,,,,,,,,true
344485,Gadebjerggård I/S,38024566.0,Herredsvejen,12,,8832.0,Skals,,,,,,,,,true
344378,Lollandsgrisen Aps,38121057.0,Toftevej,23,,4900.0,Nakskov,,,,,,,,,true
343589,Vejlbygård v/Martin Linnet,38168835.0,Fårbækvejen,75,,7000.0,Fredericia,,,,,,,,,true
311043,Gartneriet Christensen,38173529.0,Ringstedvej,82,,4173.0,Fjenneslev,1.07,2.0,Potteplanter,545.0,Alar 85 SG,558-7,4.96,2.0,false
343230,"Ørum, Daugård, Urlev Sogne",38250566.0,Kirkebuen,9,,8721.0,Daugård,,,,,,,,,true
342344,Stenogaard P/S,38268112.0,Tårnvej,47,,7100.0,Vejle,,,,,,,,,true
343722,Møllegård  Hovedgård  K/S,38306820.0,Spodsbjergvej,176,,5900.0,Rudkøbing,,,,,,,,,true
344944,Bækgaard Drift ApS,38350471.0,Skavevej,8,,7830.0,Vinderup,,,,,,,,,true
60252,I/S Jeanette Plantage,38399934.0,Skolevangs Allé,68,,8240.0,Risskov,3.3,2.0,Juletræer og pyntegrønt,583.0,Mospilan SG,561-3,1.65,2.0,false
187198,I/S Jeanette Plantage,38399934.0,Skolevangs Allé,68,,8240.0,Risskov,3.3,2.0,Juletræer og pyntegrønt,583.0,Roundup Bio,48-16,6.6,4.0,false
322873,I/S Jeanette Plantage,38399934.0,Skolevangs Allé,68,,8240.0,Risskov,3.3,2.0,Juletræer og pyntegrønt,583.0,Metaxon,347-5,3.3,4.0,false
343015,Ovstrup Grisen ApS,38475614.0,Romvigvej,14,,7490.0,Aulum,,,,,,,,,true
344625,Thirupvej 6A ApS,38556789.0,Søren Toftsvej,17,,9850.0,Hirtshals,,,,,,,,,true
343064,Fredenslund v/Rikke Rodenberg,38556924.0,Vejlby Kirkevej,1,,7000.0,Fredericia,,,,,,,,,true
342582,GARTNERIEJER NIELS OVE AAGAARD,38569813.0,Dybdalvej,2,,6500.0,Vojens,,,,,,,,,true
94587,Sømer Skov I/S,38700928.0,Nybrovej,375,,2800.0,Kgs. Lyngby,1.1,2.0,Anden skovdrift,580.0,Roundup Bio,48-16,2.8,4.0,false
28021,EK Grønt ApS,38753339.0,Sejetvej,7,,5892.0,Gudbjerg Sydfyn,206.53,2.0,Anden skovdrift,580.0,Roundup Bio,48-16,45.5,4.0,false
30060,EK Grønt ApS,38753339.0,Sejetvej,7,,5892.0,Gudbjerg Sydfyn,206.53,2.0,Anden skovdrift,580.0,"Axiendo 2,5 WG",1-252,1.4,2.0,false
180130,EK Grønt ApS,38753339.0,Sejetvej,7,,5892.0,Gudbjerg Sydfyn,206.53,2.0,Anden skovdrift,580.0,Mospilan SG,561-3,40.5,2.0,false
188695,EK Grønt ApS,38753339.0,Sejetvej,7,,5892.0,Gudbjerg Sydfyn,206.53,2.0,Anden skovdrift,580.0,Metaxon,347-5,15.0,4.0,false
343316,Sønderby Agro ApS,38775855.0,Sønderbyvej,7,,6900.0,Skjern,,,,,,,,,true
116410,LCHE-skoven,38824244.0,Ahornvej,41,,6100.0,Haderslev,2.84,2.0,Anden skovdrift,580.0,"Axiendo 2,5 WG",1-252,1.668,2.0,false
276100,LCHE-skoven,38824244.0,Ahornvej,41,,6100.0,Haderslev,2.84,2.0,Anden skovdrift,580.0,Roundup Bio,48-16,5.075,4.0,false
53596,Maraldi seeds Denmark A/S,38847732.0,Kirstinebjergvej,10,,5792.0,Årslev,0.0061,2.0,Spinatfrø,124.0,Azatin EC,738-3,0.0135,4.0,false
79188,Maraldi seeds Denmark A/S,38847732.0,Kirstinebjergvej,10,,5792.0,Årslev,0.1305,2.0,Spinatfrø,124.0,Revus,1-195,0.971,4.0,false
91001,Maraldi seeds Denmark A/S,38847732.0,Kirstinebjergvej,10,,5792.0,Årslev,0.0807,2.0,Spinatfrø,124.0,Signum,19-151,0.2135,2.0,false
184846,Maraldi seeds Denmark A/S,38847732.0,Kirstinebjergvej,10,,5792.0,Årslev,0.0108,2.0,Spinatfrø,124.0,Spruzit Neu,364-67,0.07,4.0,false
289752,Maraldi seeds Denmark A/S,38847732.0,Kirstinebjergvej,10,,5792.0,Årslev,0.0254,2.0,Spinatfrø,124.0,Teppeki,352-5,0.03375,2.0,false
292327,Maraldi seeds Denmark A/S,38847732.0,Kirstinebjergvej,10,,5792.0,Årslev,0.0108,2.0,Spinatfrø,124.0,Vertimec,1-192,0.005,4.0,false
300840,Maraldi seeds Denmark A/S,38847732.0,Kirstinebjergvej,10,,5792.0,Årslev,0.6214,2.0,Spinatfrø,124.0,Gnatrol SC,526-14,62.165,4.0,false
342601,QKonsult I/S,38876848.0,Rugårdsvej,914,,5471.0,Søndersø,,,,,,,,,true
343525,Tendrup Agro ApS,38937286.0,Tendrup Vestermark,15,,8350.0,Hundslund,,,,,,,,,true
344638,Svinningegården,39009943.0,Svinningegården,5,,4520.0,Svinninge,,,,,,,,,true
343222,Vejrup Syd Invest ApS,39065258.0,Hejrskovvej,16,,6670.0,Holsted,,,,,,,,,true
115706,Egeris Holding ApS,39159740.0,Kragelundvej,17,,8600.0,Silkeborg,31.1,2.0,Juletræer og pyntegrønt,583.0,Pomoxon Extra (disp. juletræer 01/05 - 01/08 -2022) ,347-58,1.586,4.0,false
133360,Egeris Holding ApS,39159740.0,Kragelundvej,17,,8600.0,Silkeborg,4.13,2.0,Juletræer og pyntegrønt,583.0,M-750,347-12,2.0,4.0,false
182951,Egeris Holding ApS,39159740.0,Kragelundvej,17,,8600.0,Silkeborg,9.54,2.0,Juletræer og pyntegrønt,583.0,Accurate Max,347-35,0.1598,2.0,false
213767,Egeris Holding ApS,39159740.0,Kragelundvej,17,,8600.0,Silkeborg,2.15,2.0,Juletræer og pyntegrønt,583.0,Logo,18-484,0.1478,2.0,false
243481,Egeris Holding ApS,39159740.0,Kragelundvej,17,,8600.0,Silkeborg,2.15,2.0,Juletræer og pyntegrønt,583.0,Stomp CS,19-205,1.7,4.0,false
275392,Egeris Holding ApS,39159740.0,Kragelundvej,17,,8600.0,Silkeborg,31.1,2.0,Juletræer og pyntegrønt,583.0,Mavrik,396-82,4.294,4.0,false
321180,Egeris Holding ApS,39159740.0,Kragelundvej,17,,8600.0,Silkeborg,49.6,2.0,Juletræer og pyntegrønt,583.0,Roundup Bio,48-16,141.719,4.0,false
16818,Skovselskabet af 13. december 2017 A/S,39193019.0,Stensbyvej,52A,,4773.0,Stensved,27.87,2.0,Anden skovdrift,580.0,"Axiendo 2,5 WG",1-252,40.0,2.0,false
21262,Skovselskabet af 13. december 2017 A/S,39193019.0,Stensbyvej,52A,,4773.0,Stensved,30.54,2.0,Anden skovdrift,580.0,Trico,706-1,71.0,4.0,false
220052,Skovselskabet af 13. december 2017 A/S,39193019.0,Stensbyvej,52A,,4773.0,Stensved,5.41,2.0,Anden skovdrift,580.0,Roundup Bio,48-16,13.6,4.0,false
30125,INGOLF P HENNINGSEN,39212617.0,Voldgade,13,,6430.0,Nordborg,5.87,2.0,Vinterhvede,11.0,Boxer,1-211,7.2201,4.0,false
146215,INGOLF P HENNINGSEN,39212617.0,Voldgade,13,,6430.0,Nordborg,5.87,2.0,Vinterhvede,11.0,DFF,18-416,0.55178,4.0,false
342543,Ninna Westphael,39255421.0,Vandkærvej,8,,9560.0,Hadsund,,,,,,,,,true
342545,Bækkeskov Gods A/S,39257335.0,Sydhavn,4,2,6200.0,Aabenraa,,,,,,,,,true
344886,Landmand Inger M Busk Christensen,39315181.0,Gøttrupvej,513,,9690.0,Fjerritslev,,,,,,,,,true
343568,CLAUS BISGAARD JENSEN,39424568.0,Hadrupvej,24,,8350.0,Hundslund,,,,,,,,,true
200788,Gårdejer Ulla Schüsler Nielsen,39605449.0,Fælledvej,29,,8585.0,Glesborg,2.0,2.0,Skovdrift med fjernelse af ved,581.0,Roundup Bio,48-16,1.5,4.0,false
290915,Gårdejer Ulla Schüsler Nielsen,39605449.0,Fælledvej,29,,8585.0,Glesborg,2.0,2.0,Skovdrift med fjernelse af ved,581.0,"Axiendo 2,5 WG",1-252,0.8,2.0,false
343314,Gelballehave I/S,39718421.0,Vranderupvej,122,,6000.0,Kolding,,,,,,,,,true
15257,GÅRDEJERE PETER JOHN SØRENSEN/LONE SØRENSEN,39777851.0,Brandstrupvej,123,,8840.0,Rødkærsbro,8.41,2.0,Juletræer og pyntegrønt,583.0,Roundup Bio,48-16,4.0,4.0,false
136779,GÅRDEJERE PETER JOHN SØRENSEN/LONE SØRENSEN,39777851.0,Brandstrupvej,123,,8840.0,Rødkærsbro,8.41,2.0,Juletræer og pyntegrønt,583.0,Metaxon,347-5,1.0,4.0,false
344075,LANDMAND LARS RAUFF HANSEN,39795655.0,Tastumvej,30,,7850.0,Stoholm Jyll,,,,,,,,,true
6203,Metha Marie Juhl,39867915.0,Køllesvinget,7,,6100.0,Haderslev,32.5,2.0,Anden skovdrift,580.0,U46 M,347-7,1.3,4.0,false
22416,Metha Marie Juhl,39867915.0,Køllesvinget,7,,6100.0,Haderslev,32.5,2.0,Anden skovdrift,580.0,Glyphomax 48 HL,756-7,2.8,4.0,false
343975,Nagbølskoven,39929716.0,Frederikslystvej,42,,8723.0,Løsning,,,,,,,,,true
29911,Ryom Skov ApS,39953439.0,Langelinieparken,15,5,8000.0,Aarhus C,1.06,2.0,Skovdrift med fjernelse af ved,581.0,Roundup Bio,48-16,2.0,4.0,false
343506,Mathias Falster-Hansen,40125035.0,Bavnehøjvej,15,,6851.0,Janderup Vestj,,,,,,,,,true
343827,Kisgaard Svineproduktion A/S,40183167.0,Nybrogaardsvej,59,,9560.0,Hadsund,,,,,,,,,true
343600,Søndergård Mark ApS,40285954.0,Gl. Præstegårdsvej,1,,6600.0,Vejen,,,,,,,,,true
344150,DK Agro A/S,40435050.0,Krarupvej,54,,7800.0,Skive,,,,,,,,,true
342891,Landbrug/vindmølle v/Knud Uhre Rahbek,40489819.0,Guldagervej,94,,6710.0,Esbjerg V,,,,,,,,,true
343084,Baunbjerg Plantage af 1897 ApS,40499644.0,Nørremarksvej,12D,,6880.0,Tarm,,,,,,,,,true
344473,Grønsagsgaarden ApS,40499652.0,Drammelstrupvej,12,,8961.0,Allingåbro,,,,,,,,,true
43060,Sjarp ApS,40598561.0,Hammergyden,57,,5270.0,Odense N,0.12,2.0,Krydderurter (undtagen persille og purløg),432.0,Spruzit Neu,364-67,1.2,4.0,false
230327,Sjarp ApS,40598561.0,Hammergyden,57,,5270.0,Odense N,0.6,2.0,Containerplads,564.0,Barclay Gallup Super 360,357-4,1.8,4.0,false
344751,Bigum Landbrug ApS,40611703.0,Binderupvej,17,,9600.0,Aars,,,,,,,,,true
209297,F. plantage af 2019 I/S,40619275.0,Multebærvej,16,,8410.0,Rønde,3.95,2.0,Anden skovdrift,580.0,"Karate 2,5 WG",1-163,5.999655,2.0,false
343583,MDW Drift A/S,40623027.0,Refshøjvej,7,,7200.0,Grindsted,,,,,,,,,true
59819,DanTree Enterprise ApS,40647430.0,Hovedvejen,115,,8723.0,Løsning,23.0,2.0,Juletræer og pyntegrønt,583.0,"Axiendo 2,5 WG",1-252,9.0,2.0,false
134445,DanTree Enterprise ApS,40647430.0,Hovedvejen,115,,8723.0,Løsning,15.0,2.0,Juletræer og pyntegrønt,583.0,Roundup Bio,48-16,62.0,4.0,false
191205,DanTree Enterprise ApS,40647430.0,Hovedvejen,115,,8723.0,Løsning,9.0,2.0,Juletræer og pyntegrønt,583.0,U46 M,347-7,9.0,4.0,false
230230,DanTree Enterprise ApS,40647430.0,Hovedvejen,115,,8723.0,Løsning,23.0,2.0,Juletræer og pyntegrønt,583.0,ND Sprøjtesvovl 80 WG,242-14,90.0,2.0,false
255815,Nørgaard,40671064.0,Klithusevej,1,,9460.0,Brovst,0.15,2.0,Anden skovdrift,580.0,Glypper,396-53,0.6,4.0,false
312267,Landbrugsejendommen Maja Krebs Brorsen,40710752.0,Blærevej,45A,,9600.0,Aars,5.0,2.0,Juletræer og pyntegrønt,583.0,Gallup Super 360,357-15,10.0,4.0,false
52790,Sandfeld Plantage/F J Hvass M Fl/ 205 05 80348,40910956.0,Klostermarken,12,,8800.0,Viborg,2.51,2.0,Anden skovdrift,580.0,"Axiendo 2,5 WG",1-252,2.008,2.0,false
244305,Sandfeld Plantage/F J Hvass M Fl/ 205 05 80348,40910956.0,Klostermarken,12,,8800.0,Viborg,2.51,2.0,Anden skovdrift,580.0,Trico,706-1,3.0,4.0,false
134402,Staldhøj Plantage v/ Jørn Kjær Iversen,40920153.0,Ravperlen,1,,7500.0,Holstebro,2.0,2.0,Anden skovdrift,580.0,"Axiendo 2,5 WG",1-252,1.0,2.0,false
344584,Meier Mark ApS,40991131.0,Sømosevej,40,,9610.0,Nørager,,,,,,,,,true
13775,Risagergaard I/S,41011963.0,Hastrupholmvej,2,,8981.0,Spentrup,16.39,2.0,Juletræer og pyntegrønt,583.0,Mospilan SG,561-3,1.2,2.0,false
85139,Risagergaard I/S,41011963.0,Hastrupholmvej,2,,8981.0,Spentrup,16.39,2.0,Juletræer og pyntegrønt,583.0,Roundup Bio,48-16,21.9,4.0,false
303307,Risagergaard I/S,41011963.0,Hastrupholmvej,2,,8981.0,Spentrup,16.39,2.0,Juletræer og pyntegrønt,583.0,Pomoxon Extra (disp. juletræer 01/05 - 01/08 -2022) ,347-58,0.525,4.0,false
344115,BRØNS SKOV 207-03-82064,41101253.0,Klostermarken,12,,8800.0,Viborg,,,,,,,,,true
127804,EGSMARK PLANTAGE DJURSLAND PLANTNINGSFORENING,41114258.0,Dagstrupvej,8,,8544.0,Mørke,0.4,2.0,Skovdrift med fjernelse af ved,581.0,Roundup Bio,48-16,2.0,4.0,false
327737,EGSMARK PLANTAGE DJURSLAND PLANTNINGSFORENING,41114258.0,Dagstrupvej,8,,8544.0,Mørke,0.13,2.0,Skovdrift med fjernelse af ved,581.0,"Axiendo 2,5 WG",1-252,0.4,2.0,false
343853,Kenneth Eg Jensen,41157992.0,Hedelundvej,8,,6840.0,Oksbøl,,,,,,,,,true
118016,Præstens Hede I/S,41184760.0,V Strandsbjerg,12A,,6950.0,Ringkøbing,6.56,2.0,Anden skovdrift,580.0,Roundup Bio,48-16,10.5616,4.0,false
272561,Præstens Hede I/S,41184760.0,V Strandsbjerg,12A,,6950.0,Ringkøbing,4.78,2.0,Anden skovdrift,580.0,"Axiendo 2,5 WG",1-252,9.9902,2.0,false
343597,Nørgaard Handel ApS,41258888.0,Trabjergvej,5,,7500.0,Holstebro,,,,,,,,,true
18846,MT Skovservice ApS,41321555.0,Mosegyden,9,,5250.0,Odense SV,9.0,2.0,Juletræer og pyntegrønt,583.0,Roundup Bio,48-16,28.0,4.0,false
205659,MT Skovservice ApS,41321555.0,Mosegyden,9,,5250.0,Odense SV,9.0,2.0,Juletræer og pyntegrønt,583.0,Pomoxon Extra (disp. æbler og pærer 20/4-8/7 og 1/8-9/9 2022),347-61,0.15,4.0,false
329343,MT Skovservice ApS,41321555.0,Mosegyden,9,,5250.0,Odense SV,9.0,2.0,Juletræer og pyntegrønt,583.0,ConShape,526-21,0.375,4.0,false
333699,MT Skovservice ApS,41321555.0,Mosegyden,9,,5250.0,Odense SV,9.0,2.0,Juletræer og pyntegrønt,583.0,Mospilan SG,561-3,1.5,4.0,false
195196,STØVRINGGAARD KLOSTERS SKOVDISTRIKT,41391111.0,Støvringgårdvej,73A,,8930.0,Randers NØ,13.56,2.0,Anden skovdrift,580.0,Glypper,396-53,37.04,4.0,false
101481,Højbo Gartneri ApS,41453338.0,Skolevej,68,,4622.0,Havdrup,0.0251,2.0,Potteplanter,545.0,Spruzit Neu,364-67,0.15,4.0,false
108689,Højbo Gartneri ApS,41453338.0,Skolevej,68,,4622.0,Havdrup,0.1027,2.0,Potteplanter,545.0,Movento SC 100,18-549,0.186,4.0,false
215760,Højbo Gartneri ApS,41453338.0,Skolevej,68,,4622.0,Havdrup,0.0438,2.0,Potteplanter,545.0,Mospilan SG,561-3,0.042,2.0,false
344374,SIEM A/S,41472332.0,Kirkehøjvej,12,,6893.0,Hemmet,,,,,,,,,true
343297,Fjordland,41503610.0,Resenvej,85,,7800.0,Skive,,,,,,,,,true
343414,Grethe Vera Dam,41524960.0,Skråstrupvej,2,,6973.0,Ørnhøj,,,,,,,,,true
343921,Remmergaard,41611995.0,Nupark,47,,7500.0,Holstebro,,,,,,,,,true
115622,Glade Groensager A/S,41743875.0,Søndergade,59,,5450.0,Otterup,7.0,2.0,Agurker,541.0,Previcur Energy,18-544,8.0,4.0,false
160111,Glade Groensager A/S,41743875.0,Søndergade,59,,5450.0,Otterup,2.0,2.0,Ikke støtteberettiget landbrugsareal,361.0,Barclay Gallup Super 360,357-4,40.0,4.0,false
87835,Thorsskov ApS,41791136.0,Esplanaden,50,,1263.0,København K,1.0,2.0,Anden skovdrift,580.0,"Axiendo 2,5 WG",1-252,0.8,2.0,false
15819,LiveTrends Design Group Europe ApS,41917253.0,Odensevej,32,,5620.0,Glamsbjerg,0.05,2.0,Potteplanter,545.0,Trianum-P,677-3,0.5,2.0,false
76308,LiveTrends Design Group Europe ApS,41917253.0,Odensevej,32,,5620.0,Glamsbjerg,2.495,2.0,Potteplanter,545.0,Milbeknock,632-5,0.2425,4.0,false
78112,LiveTrends Design Group Europe ApS,41917253.0,Odensevej,32,,5620.0,Glamsbjerg,0.07,2.0,Potteplanter,545.0,Gnatrol SC,526-14,1.75,4.0,false
81427,LiveTrends Design Group Europe ApS,41917253.0,Odensevej,32,,5620.0,Glamsbjerg,2.745,2.0,Potteplanter,545.0,Teppeki,352-5,0.378,2.0,false
101042,LiveTrends Design Group Europe ApS,41917253.0,Odensevej,32,,5620.0,Glamsbjerg,0.73,2.0,Potteplanter,545.0,Mospilan SG,561-3,0.73,2.0,false
134279,LiveTrends Design Group Europe ApS,41917253.0,Odensevej,32,,5620.0,Glamsbjerg,0.143,2.0,Potteplanter,545.0,Spruzit Neu,364-67,1.65,4.0,false
160352,LiveTrends Design Group Europe ApS,41917253.0,Odensevej,32,,5620.0,Glamsbjerg,0.25,2.0,Potteplanter,545.0,Bonzi,1-164,5.0,4.0,false
165102,LiveTrends Design Group Europe ApS,41917253.0,Odensevej,32,,5620.0,Glamsbjerg,5.52,2.0,Potteplanter,545.0,NeemAzal-T/S,643-1,11.93,4.0,false
192887,LiveTrends Design Group Europe ApS,41917253.0,Odensevej,32,,5620.0,Glamsbjerg,0.255,2.0,Potteplanter,545.0,Medax Top,19-201,0.3,4.0,false
215091,LiveTrends Design Group Europe ApS,41917253.0,Odensevej,32,,5620.0,Glamsbjerg,0.34,2.0,Potteplanter,545.0,Vertimec,1-192,0.4,4.0,false
236056,LiveTrends Design Group Europe ApS,41917253.0,Odensevej,32,,5620.0,Glamsbjerg,1.031,2.0,Potteplanter,545.0,Caryx,19-207,1.443,4.0,false
259664,LiveTrends Design Group Europe ApS,41917253.0,Odensevej,32,,5620.0,Glamsbjerg,0.28,2.0,Potteplanter,545.0,Floramite 240 SC,558-5,0.16,4.0,false
329840,LiveTrends Design Group Europe ApS,41917253.0,Odensevej,32,,5620.0,Glamsbjerg,1.28,2.0,Potteplanter,545.0,Conserve,64-51,0.96,4.0,false
332751,LiveTrends Design Group Europe ApS,41917253.0,Odensevej,32,,5620.0,Glamsbjerg,1.395,2.0,Potteplanter,545.0,Movento SC 100,18-549,1.3,4.0,false
343835,Kristian Kristensen,42188166.0,Bredgade,14A,,9670.0,Løgstør,,,,,,,,,true
284352,Hans Jørn Hansen/Kirsten Hansen,42216852.0,Skovballevej,8,,5700.0,Svendborg,1.3,2.0,Anden skovdrift,580.0,Roundup Bio,48-16,2.13,4.0,false
342808,Stendal Gulvbelægning,42331694.0,Stendalvej,7,,7330.0,Brande,,,,,,,,,true
35956,Gartneriet Skovbrynet Odense ApS,42478695.0,Skovhavevej,48,,5260.0,Odense S,0.89,2.0,Potteplanter,545.0,Cerone,18-414,0.22848,4.0,false
127929,Gartneriet Skovbrynet Odense ApS,42478695.0,Skovhavevej,48,,5260.0,Odense S,0.89,2.0,Potteplanter,545.0,Caryx,19-207,0.04368,4.0,false
223469,Gartneriet Skovbrynet Odense ApS,42478695.0,Skovhavevej,48,,5260.0,Odense S,0.89,2.0,Potteplanter,545.0,Teppeki,352-5,0.04542,2.0,false
257495,Klarskov Gartneri ApS,42505943.0,Byvej,62,,2650.0,Hvidovre,0.076,2.0,Agurker,541.0,Scala,19-159,1.064e-05,4.0,false
36353,Serridslevgaard ApS,42507261.0,Serridslevgårdvej,25,,8700.0,Horsens,2.6,2.0,Anden skovdrift,580.0,Roundup Bio,48-16,2.808,4.0,false
200875,Gårdejer Leif Skovgaard Knudsen,42610690.0,Haastrupvej,9,,5683.0,Haarby,1.0,2.0,Juletræer og pyntegrønt,583.0,Roundup Bio,48-16,1.0,4.0,false
212668,Egelund Plantage I/S,42737690.0,Kildebakken,51B,,6940.0,Lem St,1.4,2.0,Anden skovdrift,580.0,"Axiendo 2,5 WG",1-252,1.12,2.0,false
115424,Bente Kristiane Eybye,42753572.0,Højvangsvej,3,,7441.0,Bording,13.71,2.0,Vårbyg,1.0,DFF,18-416,0.5484,4.0,false
224158,Bente Kristiane Eybye,42753572.0,Højvangsvej,3,,7441.0,Bording,13.71,2.0,Vårbyg,1.0,Nuance Max 75 WG,347-36,0.02742,2.0,false
273982,Bente Kristiane Eybye,42753572.0,Højvangsvej,3,,7441.0,Bording,13.71,2.0,Vårbyg,1.0,Pixxaro EC,64-87,2.742,4.0,false
60845,Louisenborg,42764477.0,Lidemarksvej,85,,4632.0,Bjæverskov,20.34,2.0,Græs uden kløvergræs (omdrift),263.0,Primus XL,64-78,11.25,4.0,false
343807,Stutteri Y - Avl af Frederiksborgheste,42806625.0,Damgårdvej,11,,7620.0,Lemvig,,,,,,,,,true
344185,SØREN NIELSENS GARTNERI,42831417.0,Pilevej,2,,4490.0,Jerslev Sjælland,,,,,,,,,true
142166,Anlægsgartnerfirmaet K.J. Anlæg ApS,43016407.0,Fulbyvej,33,,4180.0,Sorø,2.5,2.0,Containerplads,564.0,Metaxon,347-5,1.8,4.0,false
142701,Anlægsgartnerfirmaet K.J. Anlæg ApS,43016407.0,Fulbyvej,33,,4180.0,Sorø,2.5,2.0,Containerplads,564.0,Roundup Bio,48-16,1.8,4.0,false
202234,Anlægsgartnerfirmaet K.J. Anlæg ApS,43016407.0,Fulbyvej,33,,4180.0,Sorø,2.5,2.0,Containerplads,564.0,Glypper,396-53,2.1,4.0,false
343007,VT Udlejning ApS,43060147.0,Egevej,7,,6800.0,Varde,,,,,,,,,true
73143,Gartner Johnny Larsen ApS,43133667.0,Elvedgårdsvej,27,,5474.0,Veflinge,0.103,2.0,Potteplanter,545.0,Spruzit Neu,364-67,0.9,4.0,false
98219,Gartner Johnny Larsen ApS,43133667.0,Elvedgårdsvej,27,,5474.0,Veflinge,0.1427,2.0,Ikke støtteberettiget landbrugsareal,361.0,Glypper,396-53,0.7,4.0,false
4799,Nørregaard v/A. Berg Hedemann,43195476.0,Sallingeskovvej,14,,5750.0,Ringe,10.0,2.0,"Efterafgrøder, pligtige, husdyr, målrettede",968.0,Glyphomax 48 HL,756-7,20.0,4.0,false
27217,Nørregaard v/A. Berg Hedemann,43195476.0,Sallingeskovvej,14,,5750.0,Ringe,33.73,2.0,Vinterhvede,11.0,Boxer,1-211,33.73,4.0,false
81711,Nørregaard v/A. Berg Hedemann,43195476.0,Sallingeskovvej,14,,5750.0,Ringe,33.73,2.0,Vinterhvede,11.0,Mateno Duo SC 600,18-631,23.611,4.0,false
58054,GARTNER NIELS KAAS PETERSEN,43217518.0,Hobrovej,396,,8900.0,Randers C,0.1,2.0,Øvrige afgrøder,900.0,Revus,1-195,0.5,2.0,false
111597,GARTNER NIELS KAAS PETERSEN,43217518.0,Hobrovej,396,,8900.0,Randers C,0.1,2.0,Øvrige afgrøder,900.0,Switch 62.5 WG,1-201,0.15,2.0,false
182757,GARTNER NIELS KAAS PETERSEN,43217518.0,Hobrovej,396,,8900.0,Randers C,0.1,2.0,Øvrige afgrøder,900.0,Kompakt 5 C,49-94,0.03,4.0,false
322301,GARTNER NIELS KAAS PETERSEN,43217518.0,Hobrovej,396,,8900.0,Randers C,0.1,2.0,Øvrige afgrøder,900.0,Proline EC 250,18-473,0.2,4.0,false
344846,Elleslettegård,43286617.0,Gøngehusvej,162,,2950.0,Vedbæk,,,,,,,,,true
343578,Feldballe Plantage,43292870.0,Store Torv,4,,8000.0,Aarhus C,,,,,,,,,true
141589,Planteskolen Ellebæk ApS,43298674.0,Kildeholmvej,4B,,5250.0,Odense SV,0.1,2.0,"Planteskolekulturer, vedplanter, til videresalg",497.0,Roundup 60,48-52,1.0,4.0,false
1313,Nordenskov Kartofler ApS,43354329.0,Øselundvej,3,,6800.0,Varde,111.86,2.0,"Kartofler, lægge- (certificerede)",149.0,Revus Top,1-218,10.272,4.0,false
4695,Nordenskov Kartofler ApS,43354329.0,Øselundvej,3,,6800.0,Varde,89.93,2.0,Vårbyg,1.0,Propulse SE 250,18-597,30.496,4.0,false
13902,Nordenskov Kartofler ApS,43354329.0,Øselundvej,3,,6800.0,Varde,3.89,2.0,"Kartofler, spise- (pakkeri, vejsalg)",152.0,Fenix,18-417,3.89,4.0,false
19817,Nordenskov Kartofler ApS,43354329.0,Øselundvej,3,,6800.0,Varde,111.86,2.0,"Kartofler, lægge- (certificerede)",149.0,Reglone (Dispensation 2022 til nedvisning af kartofler) ,1-288,145.024,4.0,false
46194,Nordenskov Kartofler ApS,43354329.0,Øselundvej,3,,6800.0,Varde,111.86,2.0,"Kartofler, lægge- (certificerede)",149.0,Teppeki,352-5,6.474,2.0,false
56041,Nordenskov Kartofler ApS,43354329.0,Øselundvej,3,,6800.0,Varde,89.93,2.0,Vårbyg,1.0,Express 50 SX,11-69,0.545,2.0,false
58100,Nordenskov Kartofler ApS,43354329.0,Øselundvej,3,,6800.0,Varde,3.89,2.0,"Kartofler, spise- (pakkeri, vejsalg)",152.0,Mospilan SG,561-3,0.6224,2.0,false
59994,Nordenskov Kartofler ApS,43354329.0,Øselundvej,3,,6800.0,Varde,111.86,2.0,"Kartofler, lægge- (certificerede)",149.0,Zorvec Enicade,64-128,8.214,4.0,false
62698,Nordenskov Kartofler ApS,43354329.0,Øselundvej,3,,6800.0,Varde,111.86,2.0,"Kartofler, lægge- (certificerede)",149.0,Cymbal 45,632-4,6.5505,2.0,false
82281,Nordenskov Kartofler ApS,43354329.0,Øselundvej,3,,6800.0,Varde,111.86,2.0,"Kartofler, lægge- (certificerede)",149.0,Centium 36 CS,421-2,17.6105,4.0,false
88544,Nordenskov Kartofler ApS,43354329.0,Øselundvej,3,,6800.0,Varde,6.3,2.0,"Kartofler, stivelses-",151.0,Zorvec Enicade,64-128,1.65,4.0,false
89984,Nordenskov Kartofler ApS,43354329.0,Øselundvej,3,,6800.0,Varde,111.86,2.0,"Kartofler, lægge- (certificerede)",149.0,Lamdex,396-77,12.142,2.0,false
94727,Nordenskov Kartofler ApS,43354329.0,Øselundvej,3,,6800.0,Varde,111.86,2.0,"Kartofler, lægge- (certificerede)",149.0,Mospilan SG,561-3,7.0302,2.0,false
102941,Nordenskov Kartofler ApS,43354329.0,Øselundvej,3,,6800.0,Varde,6.3,2.0,"Kartofler, stivelses-",151.0,Lamdex,396-77,0.48,2.0,false
117297,Nordenskov Kartofler ApS,43354329.0,Øselundvej,3,,6800.0,Varde,17.64,2.0,Vårhavre,3.0,Comet Pro (tidl. Comet 200),19-184,5.701,4.0,false
123542,Nordenskov Kartofler ApS,43354329.0,Øselundvej,3,,6800.0,Varde,111.86,2.0,"Kartofler, lægge- (certificerede)",149.0,Boxer,1-211,6.97,4.0,false
124855,Nordenskov Kartofler ApS,43354329.0,Øselundvej,3,,6800.0,Varde,29.41,2.0,Vinterhybridrug,15.0,Rexade 440,64-100,0.003,2.0,false
125271,Nordenskov Kartofler ApS,43354329.0,Øselundvej,3,,6800.0,Varde,6.3,2.0,"Kartofler, stivelses-",151.0,Centium 36 CS,421-2,1.228,4.0,false
133031,Nordenskov Kartofler ApS,43354329.0,Øselundvej,3,,6800.0,Varde,29.41,2.0,Vinterhybridrug,15.0,Prosaro EC 250,18-527,8.823,4.0,false
137596,Nordenskov Kartofler ApS,43354329.0,Øselundvej,3,,6800.0,Varde,3.89,2.0,"Kartofler, spise- (pakkeri, vejsalg)",152.0,Propulse SE 250,18-597,1.556,4.0,false
137605,Nordenskov Kartofler ApS,43354329.0,Øselundvej,3,,6800.0,Varde,29.41,2.0,Vinterhybridrug,15.0,Lamdex,396-77,4.4115,2.0,false
137655,Nordenskov Kartofler ApS,43354329.0,Øselundvej,3,,6800.0,Varde,17.64,2.0,Vårhavre,3.0,Express 50 SX,11-69,0.1588,2.0,false
141629,Nordenskov Kartofler ApS,43354329.0,Øselundvej,3,,6800.0,Varde,6.3,2.0,"Kartofler, stivelses-",151.0,Revus Top,1-218,3.78,4.0,false
145804,Nordenskov Kartofler ApS,43354329.0,Øselundvej,3,,6800.0,Varde,111.86,2.0,"Kartofler, lægge- (certificerede)",149.0,Option,3-187,0.704,2.0,false
147488,Nordenskov Kartofler ApS,43354329.0,Øselundvej,3,,6800.0,Varde,89.93,2.0,Vårbyg,1.0,Prosaro EC 250,18-527,18.7205,4.0,false
148721,Nordenskov Kartofler ApS,43354329.0,Øselundvej,3,,6800.0,Varde,111.86,2.0,"Kartofler, lægge- (certificerede)",149.0,Mizuki (Dispensation  Kartofler 2022),604-34,363.64,4.0,false
150304,Nordenskov Kartofler ApS,43354329.0,Øselundvej,3,,6800.0,Varde,6.3,2.0,"Kartofler, stivelses-",151.0,Revus,1-195,17.235,4.0,false
153463,Nordenskov Kartofler ApS,43354329.0,Øselundvej,3,,6800.0,Varde,17.64,2.0,Vårhavre,3.0,Starane 333 HL,64-82,2.1168,4.0,false
159694,Nordenskov Kartofler ApS,43354329.0,Øselundvej,3,,6800.0,Varde,111.86,2.0,"Kartofler, lægge- (certificerede)",149.0,Maxim 100 FS,1-194,69.9125,4.0,false
164749,Nordenskov Kartofler ApS,43354329.0,Øselundvej,3,,6800.0,Varde,89.93,2.0,Vårbyg,1.0,Comet Pro (tidl. Comet 200),19-184,19.482,4.0,false
166455,Nordenskov Kartofler ApS,43354329.0,Øselundvej,3,,6800.0,Varde,89.93,2.0,Vårbyg,1.0,Pixxaro EC,64-87,13.488,4.0,false
175111,Nordenskov Kartofler ApS,43354329.0,Øselundvej,3,,6800.0,Varde,89.93,2.0,Vårbyg,1.0,Cerone,18-414,15.248,4.0,false
176911,Nordenskov Kartofler ApS,43354329.0,Øselundvej,3,,6800.0,Varde,3.89,2.0,"Kartofler, spise- (pakkeri, vejsalg)",152.0,Zorvec Enicade,64-128,0.5835,4.0,false
177795,Nordenskov Kartofler ApS,43354329.0,Øselundvej,3,,6800.0,Varde,111.86,2.0,"Kartofler, lægge- (certificerede)",149.0,Revus,1-195,221.1005,4.0,false
184922,Nordenskov Kartofler ApS,43354329.0,Øselundvej,3,,6800.0,Varde,29.41,2.0,Vinterhybridrug,15.0,Cossack OD,18-564,13.2075,4.0,false
196583,Nordenskov Kartofler ApS,43354329.0,Øselundvej,3,,6800.0,Varde,111.86,2.0,"Kartofler, lægge- (certificerede)",149.0,Zignal 500 SC (tidl. Zignal),11-35,8.678,4.0,false
199188,Nordenskov Kartofler ApS,43354329.0,Øselundvej,3,,6800.0,Varde,6.3,2.0,"Kartofler, stivelses-",151.0,Ranman Top,352-8,16.06,4.0,false
200070,Nordenskov Kartofler ApS,43354329.0,Øselundvej,3,,6800.0,Varde,3.89,2.0,"Kartofler, spise- (pakkeri, vejsalg)",152.0,Cymbal 45,632-4,0.9725,2.0,false
208558,Nordenskov Kartofler ApS,43354329.0,Øselundvej,3,,6800.0,Varde,29.41,2.0,Vinterhybridrug,15.0,Comet Pro (tidl. Comet 200),19-184,4.4115,4.0,false
208659,Nordenskov Kartofler ApS,43354329.0,Øselundvej,3,,6800.0,Varde,111.86,2.0,"Kartofler, lægge- (certificerede)",149.0,Roundup Bio,48-16,96.075,4.0,false
222838,Nordenskov Kartofler ApS,43354329.0,Øselundvej,3,,6800.0,Varde,111.86,2.0,"Kartofler, lægge- (certificerede)",149.0,Agil 100 EC,396-12,4.182,4.0,false
224788,Nordenskov Kartofler ApS,43354329.0,Øselundvej,3,,6800.0,Varde,3.89,2.0,"Kartofler, spise- (pakkeri, vejsalg)",152.0,Proxanil,361-15,29.953,4.0,false
239657,Nordenskov Kartofler ApS,43354329.0,Øselundvej,3,,6800.0,Varde,3.89,2.0,"Kartofler, spise- (pakkeri, vejsalg)",152.0,Maxim 100 FS,1-194,2.4313,4.0,false
250719,Nordenskov Kartofler ApS,43354329.0,Øselundvej,3,,6800.0,Varde,89.93,2.0,Vårbyg,1.0,DFF,18-416,1.6622,4.0,false
271543,Nordenskov Kartofler ApS,43354329.0,Øselundvej,3,,6800.0,Varde,6.3,2.0,"Kartofler, stivelses-",151.0,Propulse SE 250,18-597,2.52,4.0,false
276310,Nordenskov Kartofler ApS,43354329.0,Øselundvej,3,,6800.0,Varde,3.89,2.0,"Kartofler, spise- (pakkeri, vejsalg)",152.0,Centium 36 CS,421-2,0.778,4.0,false
283288,Nordenskov Kartofler ApS,43354329.0,Øselundvej,3,,6800.0,Varde,3.89,2.0,"Kartofler, spise- (pakkeri, vejsalg)",152.0,Zignal 500 SC (tidl. Zignal),11-35,2.723,4.0,false
288606,Nordenskov Kartofler ApS,43354329.0,Øselundvej,3,,6800.0,Varde,6.3,2.0,"Kartofler, stivelses-",151.0,Zignal 500 SC (tidl. Zignal),11-35,1.89,4.0,false
290202,Nordenskov Kartofler ApS,43354329.0,Øselundvej,3,,6800.0,Varde,3.89,2.0,"Kartofler, spise- (pakkeri, vejsalg)",152.0,Ranman Top,352-8,8.558,4.0,false
291040,Nordenskov Kartofler ApS,43354329.0,Øselundvej,3,,6800.0,Varde,3.89,2.0,"Kartofler, spise- (pakkeri, vejsalg)",152.0,Revus,1-195,5.446,4.0,false
301973,Nordenskov Kartofler ApS,43354329.0,Øselundvej,3,,6800.0,Varde,3.89,2.0,"Kartofler, spise- (pakkeri, vejsalg)",152.0,Option,3-187,0.778,2.0,false
302072,Nordenskov Kartofler ApS,43354329.0,Øselundvej,3,,6800.0,Varde,111.86,2.0,"Kartofler, lægge- (certificerede)",149.0,Propulse SE 250,18-597,7.852,4.0,false
304367,Nordenskov Kartofler ApS,43354329.0,Øselundvej,3,,6800.0,Varde,6.3,2.0,"Kartofler, stivelses-",151.0,Roundup Bio,48-16,9.21,4.0,false
304437,Nordenskov Kartofler ApS,43354329.0,Øselundvej,3,,6800.0,Varde,17.64,2.0,Vårhavre,3.0,Mavrik Vita,396-70,0.515,4.0,false
309078,Nordenskov Kartofler ApS,43354329.0,Øselundvej,3,,6800.0,Varde,6.3,2.0,"Kartofler, stivelses-",151.0,Cymbal 45,632-4,1.575,2.0,false
316346,Nordenskov Kartofler ApS,43354329.0,Øselundvej,3,,6800.0,Varde,17.64,2.0,Vårhavre,3.0,Prosaro EC 250,18-527,11.402,4.0,false
319678,Nordenskov Kartofler ApS,43354329.0,Øselundvej,3,,6800.0,Varde,111.86,2.0,"Kartofler, lægge- (certificerede)",149.0,Proxanil,361-15,80.66,4.0,false
326259,Nordenskov Kartofler ApS,43354329.0,Øselundvej,3,,6800.0,Varde,111.86,2.0,"Kartofler, lægge- (certificerede)",149.0,Ranman Top,352-8,160.822,4.0,false
333075,Nordenskov Kartofler ApS,43354329.0,Øselundvej,3,,6800.0,Varde,29.41,2.0,Vinterhybridrug,15.0,DFF,18-416,1.761,4.0,false
334200,Nordenskov Kartofler ApS,43354329.0,Øselundvej,3,,6800.0,Varde,111.86,2.0,"Kartofler, lægge- (certificerede)",149.0,Fenix,18-417,108.5775,4.0,false
340403,Nordenskov Kartofler ApS,43354329.0,Øselundvej,3,,6800.0,Varde,6.3,2.0,"Kartofler, stivelses-",151.0,Mospilan SG,561-3,1.965,2.0,false
341128,Nordenskov Kartofler ApS,43354329.0,Øselundvej,3,,6800.0,Varde,6.3,2.0,"Kartofler, stivelses-",151.0,Fenix,18-417,6.14,4.0,false
9711,Drossellund ApS,43355031.0,Havmarken,15,,8700.0,Horsens,62.12,2.0,Vårbyg,1.0,Folicur Xpert,18-575,5.035,4.0,false
13689,Drossellund ApS,43355031.0,Havmarken,15,,8700.0,Horsens,22.02,2.0,Vinterhybridrug,15.0,Mateno Duo SC 600,18-631,4.798,4.0,false
17140,Drossellund ApS,43355031.0,Havmarken,15,,8700.0,Horsens,62.12,2.0,Vårbyg,1.0,Cerone,18-414,8.877,4.0,false
25013,Drossellund ApS,43355031.0,Havmarken,15,,8700.0,Horsens,62.12,2.0,Vårbyg,1.0,Barclay Gallup Hi-Aktiv,357-3,5.449,4.0,false
32192,Drossellund ApS,43355031.0,Havmarken,15,,8700.0,Horsens,43.1,2.0,Vinterhvede,11.0,Mateno Duo SC 600,18-631,13.29,4.0,false
39430,Drossellund ApS,43355031.0,Havmarken,15,,8700.0,Horsens,16.69,2.0,"Rajgræsfrø, alm.",101.0,Entargo,19-246,4.172,4.0,false
42659,Drossellund ApS,43355031.0,Havmarken,15,,8700.0,Horsens,23.42,2.0,Vinterbyg,10.0,Hussar Plus OD,18-569,1.171,4.0,false
51419,Drossellund ApS,43355031.0,Havmarken,15,,8700.0,Horsens,43.1,2.0,Vinterhvede,11.0,Broadway (Tidl. Floramix Alpha),64-69,3.513,2.0,false
59799,Drossellund ApS,43355031.0,Havmarken,15,,8700.0,Horsens,62.12,2.0,Vårbyg,1.0,Propulse SE 250,18-597,15.61,4.0,false
69102,Drossellund ApS,43355031.0,Havmarken,15,,8700.0,Horsens,62.12,2.0,Vårbyg,1.0,Proline Xpert,18-578,3.421,4.0,false
70576,Drossellund ApS,43355031.0,Havmarken,15,,8700.0,Horsens,22.02,2.0,Vinterhybridrug,15.0,Trece 750,49-42,10.0,4.0,false
71006,Drossellund ApS,43355031.0,Havmarken,15,,8700.0,Horsens,22.02,2.0,Vinterhybridrug,15.0,Boxer,1-211,13.63,4.0,false
80883,Drossellund ApS,43355031.0,Havmarken,15,,8700.0,Horsens,22.02,2.0,Vinterhybridrug,15.0,Broadway (Tidl. Floramix Alpha),64-69,1.782,2.0,false
111075,Drossellund ApS,43355031.0,Havmarken,15,,8700.0,Horsens,16.69,2.0,"Rajgræsfrø, alm.",101.0,Trece 750,49-42,1.001,4.0,false
113214,Drossellund ApS,43355031.0,Havmarken,15,,8700.0,Horsens,43.1,2.0,Vinterhvede,11.0,Boxer,1-211,39.87,4.0,false
114771,Drossellund ApS,43355031.0,Havmarken,15,,8700.0,Horsens,23.42,2.0,Vinterbyg,10.0,Mateno Duo SC 600,18-631,5.092,4.0,false
121089,Drossellund ApS,43355031.0,Havmarken,15,,8700.0,Horsens,16.69,2.0,"Rajgræsfrø, alm.",101.0,Medax Top,19-201,15.021,4.0,false
127853,Drossellund ApS,43355031.0,Havmarken,15,,8700.0,Horsens,62.12,2.0,Vårbyg,1.0,Comet Pro (tidl. Comet 200),19-184,8.92,4.0,false
133279,Drossellund ApS,43355031.0,Havmarken,15,,8700.0,Horsens,23.42,2.0,Vinterbyg,10.0,Propulse SE 250,18-597,6.792,4.0,false
138403,Drossellund ApS,43355031.0,Havmarken,15,,8700.0,Horsens,16.69,2.0,"Rajgræsfrø, alm.",101.0,Folicur Xpert,18-575,2.504,4.0,false
155390,Drossellund ApS,43355031.0,Havmarken,15,,8700.0,Horsens,17.3,2.0,Vinterraps,22.0,Mavrik Vita,396-70,2.595,4.0,false
164748,Drossellund ApS,43355031.0,Havmarken,15,,8700.0,Horsens,23.42,2.0,Vinterbyg,10.0,Folicur Xpert,18-575,4.918,4.0,false
165116,Drossellund ApS,43355031.0,Havmarken,15,,8700.0,Horsens,16.69,2.0,"Rajgræsfrø, alm.",101.0,Boxer,1-211,8.1,4.0,false
168880,Drossellund ApS,43355031.0,Havmarken,15,,8700.0,Horsens,17.3,2.0,Vinterraps,22.0,Folicur Xpert,18-575,6.92,4.0,false
170383,Drossellund ApS,43355031.0,Havmarken,15,,8700.0,Horsens,17.3,2.0,Vinterraps,22.0,Propulse SE 250,18-597,12.11,4.0,false
174717,Drossellund ApS,43355031.0,Havmarken,15,,8700.0,Horsens,23.42,2.0,Vinterbyg,10.0,DFF,18-416,1.964,4.0,false
181148,Drossellund ApS,43355031.0,Havmarken,15,,8700.0,Horsens,62.12,2.0,Vårbyg,1.0,Foxtrot,11-31,10.136,4.0,false
187549,Drossellund ApS,43355031.0,Havmarken,15,,8700.0,Horsens,62.12,2.0,Vårbyg,1.0,Nuance Max 75 WG,347-36,0.088,2.0,false
190848,Drossellund ApS,43355031.0,Havmarken,15,,8700.0,Horsens,23.42,2.0,Vinterbyg,10.0,Barclay Gallup Hi-Aktiv,357-3,39.814,4.0,false
191894,Drossellund ApS,43355031.0,Havmarken,15,,8700.0,Horsens,16.69,2.0,"Rajgræsfrø, alm.",101.0,Zypar,64-88,16.69,4.0,false
201297,Drossellund ApS,43355031.0,Havmarken,15,,8700.0,Horsens,43.1,2.0,Vinterhvede,11.0,Comet Pro (tidl. Comet 200),19-184,4.14,4.0,false
205218,Drossellund ApS,43355031.0,Havmarken,15,,8700.0,Horsens,16.69,2.0,"Rajgræsfrø, alm.",101.0,Comet Pro (tidl. Comet 200),19-184,5.007,4.0,false
211008,Drossellund ApS,43355031.0,Havmarken,15,,8700.0,Horsens,62.12,2.0,Vårbyg,1.0,MUSTANG Forte (tidl. CathForte/JunctionForte),64-70,7.519,4.0,false
217912,Drossellund ApS,43355031.0,Havmarken,15,,8700.0,Horsens,16.69,2.0,"Rajgræsfrø, alm.",101.0,Stomp CS,19-205,8.345,4.0,false
219014,Drossellund ApS,43355031.0,Havmarken,15,,8700.0,Horsens,17.3,2.0,Vinterraps,22.0,Orius Max 200 EW,347-39,0.519,4.0,false
226021,Drossellund ApS,43355031.0,Havmarken,15,,8700.0,Horsens,17.3,2.0,Vinterraps,22.0,Caryx,19-207,10.034,4.0,false
235679,Drossellund ApS,43355031.0,Havmarken,15,,8700.0,Horsens,62.12,2.0,Vårbyg,1.0,Hussar Plus OD,18-569,2.933,4.0,false
251561,Drossellund ApS,43355031.0,Havmarken,15,,8700.0,Horsens,62.12,2.0,Vårbyg,1.0,DFF,18-416,3.26,4.0,false
252554,Drossellund ApS,43355031.0,Havmarken,15,,8700.0,Horsens,22.02,2.0,Vinterhybridrug,15.0,Cossack OD,18-564,5.484,4.0,false
255350,Drossellund ApS,43355031.0,Havmarken,15,,8700.0,Horsens,16.69,2.0,"Rajgræsfrø, alm.",101.0,Cuadro NT,11-59,4.339,4.0,false
257791,Drossellund ApS,43355031.0,Havmarken,15,,8700.0,Horsens,43.1,2.0,Vinterhvede,11.0,Folicur Xpert,18-575,4.14,4.0,false
262703,Drossellund ApS,43355031.0,Havmarken,15,,8700.0,Horsens,43.1,2.0,Vinterhvede,11.0,Cossack OD,18-564,10.808,4.0,false
265249,Drossellund ApS,43355031.0,Havmarken,15,,8700.0,Horsens,16.69,2.0,"Rajgræsfrø, alm.",101.0,DFF,18-416,2.003,4.0,false
276491,Drossellund ApS,43355031.0,Havmarken,15,,8700.0,Horsens,62.12,2.0,Vårbyg,1.0,Orius Max 200 EW,347-39,1.75,4.0,false
285692,Drossellund ApS,43355031.0,Havmarken,15,,8700.0,Horsens,17.3,2.0,Vinterraps,22.0,Belkar,64-91,4.325,4.0,false
287153,Drossellund ApS,43355031.0,Havmarken,15,,8700.0,Horsens,17.3,2.0,Vinterraps,22.0,Mavrik,396-82,6.92,4.0,false
287658,Drossellund ApS,43355031.0,Havmarken,15,,8700.0,Horsens,16.69,2.0,"Rajgræsfrø, alm.",101.0,Orius Max 200 EW,347-39,2.504,4.0,false
289488,Drossellund ApS,43355031.0,Havmarken,15,,8700.0,Horsens,23.42,2.0,Vinterbyg,10.0,Boxer,1-211,23.19,4.0,false
296849,Drossellund ApS,43355031.0,Havmarken,15,,8700.0,Horsens,62.12,2.0,Vårbyg,1.0,Barclay Gallup Super 360,357-4,13.8,4.0,false
305102,Drossellund ApS,43355031.0,Havmarken,15,,8700.0,Horsens,43.1,2.0,Vinterhvede,11.0,Balaya,19-240,13.51,4.0,false
306928,Drossellund ApS,43355031.0,Havmarken,15,,8700.0,Horsens,16.69,2.0,"Rajgræsfrø, alm.",101.0,Express 50 SX,11-69,0.065,2.0,false
318160,Drossellund ApS,43355031.0,Havmarken,15,,8700.0,Horsens,23.42,2.0,Vinterbyg,10.0,Comet Pro (tidl. Comet 200),19-184,7.026,4.0,false
321873,Drossellund ApS,43355031.0,Havmarken,15,,8700.0,Horsens,17.3,2.0,Vinterraps,22.0,Focus Ultra,19-93,25.085,4.0,false
324449,Drossellund ApS,43355031.0,Havmarken,15,,8700.0,Horsens,62.12,2.0,Vårbyg,1.0,Pixxaro EC,64-87,8.542,4.0,false
335249,Drossellund ApS,43355031.0,Havmarken,15,,8700.0,Horsens,22.02,2.0,Vinterhybridrug,15.0,Cuadro NT,11-59,1.1,4.0,false
342936,Kristinelyst I/S,43396978.0,Langelinievej,10,,3600.0,Frederikssund,,,,,,,,,true
343263,Thorsbjerggaard,43627090.0,Kanehøj-Møllevej,231,,4230.0,Skælskør,,,,,,,,,true
344560,Lyngsø Agro v/ Søren Henningsen,43746723.0,Lyngsøvej,40,,9240.0,Nibe,,,,,,,,,true
344703,Glade Æg,43992554.0,Holstensvej,3B,,4780.0,Stege,,,,,,,,,true
33534,Vestbjerg Handelsgartneri v/P Andersen,44531011.0,Hjørring Landevej,62,,9380.0,Vestbjerg,0.78,2.0,Potteplanter,545.0,Alar 85 SG,558-7,9.6e-05,2.0,false
38555,Vestbjerg Handelsgartneri v/P Andersen,44531011.0,Hjørring Landevej,62,,9380.0,Vestbjerg,0.57,2.0,Potteplanter,545.0,Bonzi,1-164,7.95e-05,4.0,false
154777,Vestbjerg Handelsgartneri v/P Andersen,44531011.0,Hjørring Landevej,62,,9380.0,Vestbjerg,0.42,2.0,Potteplanter,545.0,Teppeki,352-5,5.88e-06,2.0,false
164874,Vestbjerg Handelsgartneri v/P Andersen,44531011.0,Hjørring Landevej,62,,9380.0,Vestbjerg,0.48,2.0,Potteplanter,545.0,Switch 62.5 WG,1-201,4.1e-05,2.0,false
325982,Vestbjerg Handelsgartneri v/P Andersen,44531011.0,Hjørring Landevej,62,,9380.0,Vestbjerg,0.73,2.0,Potteplanter,545.0,Kompakt 5 C,49-94,0.0001325,4.0,false
343582,PETER BAYMLER,44809818.0,Bjerrevej,459,,7130.0,Juelsminde,,,,,,,,,true
343253,MOGENS HILARIUS KALKAU,45408116.0,Alstedvej,4,,4173.0,Fjenneslev,,,,,,,,,true
255842,DYREHAVESKOVEN V/ C J BOAS,45816214.0,Knøsevej,9,,5892.0,Gudbjerg Sydfyn,24.89,2.0,Juletræer og pyntegrønt,583.0,Glyphomax HL,756-2,24.0,4.0,false
344480,MARTINUS PEDERSEN,46085418.0,Vestergårdvej,7,,6900.0,Skjern,,,,,,,,,true
36639,SKOVENTREPRENØR PREBEN FREDERIK PEDERSEN,47082358.0,Lundehusvej,10,,9530.0,Støvring,94.98,2.0,Juletræer og pyntegrønt,583.0,U46 M,347-7,30.43,4.0,false
82343,SKOVENTREPRENØR PREBEN FREDERIK PEDERSEN,47082358.0,Lundehusvej,10,,9530.0,Støvring,94.98,2.0,Juletræer og pyntegrønt,583.0,Lamdex,396-77,17.7,4.0,false
150963,SKOVENTREPRENØR PREBEN FREDERIK PEDERSEN,47082358.0,Lundehusvej,10,,9530.0,Støvring,94.98,2.0,Juletræer og pyntegrønt,583.0,Roundup Bio,48-16,96.88,4.0,false
343820,ELVIG HANSEN,47474612.0,Egernvej,20,,6870.0,Ølgod,,,,,,,,,true
40111,OLE NØRSKOV,48242154.0,Møllegade,17,,7080.0,Børkop,10.0,2.0,Juletræer og pyntegrønt,583.0,Barclay Gallup Hi-Aktiv,357-3,12.0,4.0,false
54964,OLE NØRSKOV,48242154.0,Møllegade,17,,7080.0,Børkop,3.0,2.0,Juletræer og pyntegrønt,583.0,Boxer,1-211,5.0,4.0,false
55479,OLE NØRSKOV,48242154.0,Møllegade,17,,7080.0,Børkop,12.0,2.0,Juletræer og pyntegrønt,583.0,Glypper,396-53,18.0,4.0,false
169322,OLE NØRSKOV,48242154.0,Møllegade,17,,7080.0,Børkop,25.0,2.0,Juletræer og pyntegrønt,583.0,Mavrik Vita,396-70,5.0,4.0,false
251398,OLE NØRSKOV,48242154.0,Møllegade,17,,7080.0,Børkop,19.0,2.0,Juletræer og pyntegrønt,583.0,U46 M,347-7,18.0,4.0,false
343254,GARTNER JØRN HANSEN,49400551.0,Århusvej,208,,8464.0,Galten,,,,,,,,,true
106010,VISTOFT SOGNS PLANTNINGSSELSKAB ApS,49691912.0,Bytoften,2,,8420.0,Knebel,1.4,2.0,Anden skovdrift,580.0,"Axiendo 2,5 WG",1-252,1.12,2.0,false
343061,LANDMAND EJNAR JENSEN/KARIN JENSEN,50000532.0,Ottersbølvej,6,,6780.0,Skærbæk,,,,,,,,,true
155362,SKÅREMOSEGÅRD/JYTTE HANSEN,50360350.0,Helsingevej,57,,3230.0,Græsted,10.0,2.0,Vårbyg,1.0,Roundup Flex (tidl. MON 79351 (Zanussi)),48-43,25.0,4.0,false
250506,SKÅREMOSEGÅRD/JYTTE HANSEN,50360350.0,Helsingevej,57,,3230.0,Græsted,11.24,2.0,Vinterhvede,11.0,Roundup Flex (tidl. MON 79351 (Zanussi)),48-43,28.1,4.0,false
344413,Landmand Per Kirketerp,50719618.0,Hørmestedvej,130,,9870.0,Sindal,,,,,,,,,true
85351,SITAS ApS,50751015.0,Skovvej,56,,2750.0,Ballerup,2.0,2.0,"Skovlandbrug, ikke støtteberettiget",487.0,Barclay Gallup Super 360,357-4,1.0,4.0,false
252604,Ib Laursen ApS,50942813.0,Øster Vedsted Vej,12,,6760.0,Ribe,2.67,2.0,"Skovrejsning i projektområde, som ikke er omfattet af tilsagn",585.0,Barclay Gallup Hi-Aktiv,357-3,3.7,4.0,false
10121,VESTER VEDSTED BJERGPLANTAGE,51551214.0,V Vedsted Vej,100,,6760.0,Ribe,2.11,2.0,Anden skovdrift,580.0,"Axiendo 2,5 WG",1-252,1.688,2.0,false
37872,GÅRDEJER IB BØRGE INGERSLEV NIELSEN,51636651.0,Moltkes Alle,7,,9330.0,Dronninglund,60.12,2.0,Vinterhvede,11.0,Mateno Duo SC 600,18-631,24.706,4.0,false
146361,GÅRDEJER IB BØRGE INGERSLEV NIELSEN,51636651.0,Moltkes Alle,7,,9330.0,Dronninglund,19.69,2.0,Vinterraps,22.0,Kaiso Sorbie,347-25,2.954,2.0,false
155398,GÅRDEJER IB BØRGE INGERSLEV NIELSEN,51636651.0,Moltkes Alle,7,,9330.0,Dronninglund,19.69,2.0,Vinterraps,22.0,Kerb 400 SC,64-72,20.0,4.0,false
156811,GÅRDEJER IB BØRGE INGERSLEV NIELSEN,51636651.0,Moltkes Alle,7,,9330.0,Dronninglund,19.69,2.0,Vinterraps,22.0,Belkar,64-91,9.0,4.0,false
216816,GÅRDEJER IB BØRGE INGERSLEV NIELSEN,51636651.0,Moltkes Alle,7,,9330.0,Dronninglund,60.12,2.0,Vinterhvede,11.0,Boxer,1-211,39.137,4.0,false
233394,GÅRDEJER IB BØRGE INGERSLEV NIELSEN,51636651.0,Moltkes Alle,7,,9330.0,Dronninglund,19.69,2.0,Vinterraps,22.0,Lamdex,396-77,1.0,2.0,false
237980,GÅRDEJER IB BØRGE INGERSLEV NIELSEN,51636651.0,Moltkes Alle,7,,9330.0,Dronninglund,19.69,2.0,Vinterraps,22.0,Caryx,19-207,5.0,4.0,false
243446,GÅRDEJER IB BØRGE INGERSLEV NIELSEN,51636651.0,Moltkes Alle,7,,9330.0,Dronninglund,19.69,2.0,Vinterraps,22.0,Agil 100 EC,396-12,5.0,4.0,false
246967,GÅRDEJER IB BØRGE INGERSLEV NIELSEN,51636651.0,Moltkes Alle,7,,9330.0,Dronninglund,19.69,2.0,Vinterraps,22.0,Clomate,756-1,4.0,4.0,false
304861,GÅRDEJER IB BØRGE INGERSLEV NIELSEN,51636651.0,Moltkes Alle,7,,9330.0,Dronninglund,60.12,2.0,Vinterhvede,11.0,DFF,18-416,6.142,4.0,false
17319,H TOFT NIELSENS PLANTESKOLE,51869818.0,Tevringvej,22,,6780.0,Skærbæk,2.67,2.0,Juletræer og pyntegrønt,583.0,Glypper,396-53,4.0,4.0,false
104824,H TOFT NIELSENS PLANTESKOLE,51869818.0,Tevringvej,22,,6780.0,Skærbæk,10.7,2.0,Juletræer og pyntegrønt,583.0,U46 M,347-7,5.35,4.0,false
250491,H TOFT NIELSENS PLANTESKOLE,51869818.0,Tevringvej,22,,6780.0,Skærbæk,10.7,2.0,Juletræer og pyntegrønt,583.0,Barclay Gallup Super 360,357-4,16.05,4.0,false
344857,LANDMAND HENNING MANØ,52021650.0,Hesteløkken,4,,6340.0,Kruså,,,,,,,,,true
55030,Gartner Rasmus Henning Nielsen,52094917.0,Gårdrækken,19,,4600.0,Køge,0.2,2.0,Potteplanter,545.0,Movento SC 100,18-549,0.15,4.0,false
124845,Gartner Rasmus Henning Nielsen,52094917.0,Gårdrækken,19,,4600.0,Køge,0.12,2.0,Potteplanter,545.0,Floramite 240 SC,558-5,0.06,4.0,false
166637,Gartner Rasmus Henning Nielsen,52094917.0,Gårdrækken,19,,4600.0,Køge,0.175,2.0,Potteplanter,545.0,Flexity,19-166,0.105,4.0,false
199085,Gartner Rasmus Henning Nielsen,52094917.0,Gårdrækken,19,,4600.0,Køge,0.3,2.0,Potteplanter,545.0,Caryx,19-207,0.42,4.0,false
318684,Gartner Rasmus Henning Nielsen,52094917.0,Gårdrækken,19,,4600.0,Køge,0.16,2.0,Potteplanter,545.0,Amistar,1-172,0.144,4.0,false
80847,ORCHIDE-GARTNERIET V/CHRISTIANSEN,52552915.0,Hillerødvejen,25,,3480.0,Fredensborg,0.3,2.0,Potteplanter,545.0,Milbeknock,632-5,0.03,4.0,false
209333,ORCHIDE-GARTNERIET V/CHRISTIANSEN,52552915.0,Hillerødvejen,25,,3480.0,Fredensborg,0.1,2.0,Potteplanter,545.0,Teppeki,352-5,0.07,2.0,false
226219,ORCHIDE-GARTNERIET V/CHRISTIANSEN,52552915.0,Hillerødvejen,25,,3480.0,Fredensborg,0.2,2.0,Potteplanter,545.0,Cyperb 100,579-2,0.2,4.0,false
240276,ORCHIDE-GARTNERIET V/CHRISTIANSEN,52552915.0,Hillerødvejen,25,,3480.0,Fredensborg,0.1,2.0,Potteplanter,545.0,Movento SC 100,18-549,0.005,4.0,false
343785,SØVANG V/P THYSSEN ERIKSEN,52576318.0,Tandrupvej,8,,7755.0,Bedsted Thy,,,,,,,,,true
23148,NYBO PLANTESKOLE V/J PETERSEN,52667216.0,Vejenbrødvej,20,,2980.0,Kokkedal,6.0,2.0,"Planteskolekulturer, vedplanter, til videresalg",497.0,Roundup 60,48-52,15.0,4.0,false
52665,NYBO PLANTESKOLE V/J PETERSEN,52667216.0,Vejenbrødvej,20,,2980.0,Kokkedal,0.2,2.0,"Planteskolekulturer, vedplanter, til videresalg",497.0,Floramite 240,558-12,0.5,4.0,false
342796,GROSSERER L. HAMMERICH OG HUSTRU ELLEN F. LIISBERGS LEGAT,53518117.0,Svanemøllevej,25,,2100.0,København Ø,,,,,,,,,true
72315,T. H. THOMSEN. INTERNATIONAL HANDELSAKTIESELSKAB,56347615.0,Hærvejen,56A,,6330.0,Padborg,6.5,2.0,Juletræer og pyntegrønt,583.0,ConShape,526-21,1.5,4.0,false
138854,T. H. THOMSEN. INTERNATIONAL HANDELSAKTIESELSKAB,56347615.0,Hærvejen,56A,,6330.0,Padborg,35.0,2.0,Juletræer og pyntegrønt,583.0,Glypper,396-53,60.0,4.0,false
222481,T. H. THOMSEN. INTERNATIONAL HANDELSAKTIESELSKAB,56347615.0,Hærvejen,56A,,6330.0,Padborg,40.0,2.0,Juletræer og pyntegrønt,583.0,U46 M,347-7,30.0,4.0,false
282252,T. H. THOMSEN. INTERNATIONAL HANDELSAKTIESELSKAB,56347615.0,Hærvejen,56A,,6330.0,Padborg,30.0,2.0,"Jordskokker, konsum",429.0,"Axiendo 2,5 WG",1-252,10.0,2.0,false
76368,PLANTNINGSSELSKABET SUNDEVED,56363912.0,Stenderup,39,,6400.0,Sønderborg,0.03,2.0,Anden skovdrift,580.0,Glyphomax 48 HL,756-7,0.5,4.0,false
342323,HELGE LARSEN,56631518.0,Dejbjergvej,9,,6900.0,Skjern,,,,,,,,,true
187708,GARTNER NIELS NIELSEN,57755814.0,Skee Huse,9,,4100.0,Ringsted,0.3,2.0,Potteplanter,545.0,Teppeki,352-5,0.012,2.0,false
343170,GÅRDEJER POUL SONNE JENSEN,58325511.0,Gammel Lyngdrupvej,15,,9310.0,Vodskov,,,,,,,,,true
342630,POUL HELLE,58338915.0,Jedstedvej,17,,6771.0,Gredstedbro,,,,,,,,,true
343271,KAJ ALLAN JENSEN,58565717.0,Klintevej,300,,4791.0,Borre,,,,,,,,,true
343009,GARTNER SØREN PEDERSEN,59826417.0,Bruun Alle,8,,4990.0,Sakskøbing,,,,,,,,,true
7340,ENTREPRENØR CHRISTIAN DUELUND PEDERSEN,60057850.0,Stestrupvej,144,,4360.0,Kirke Eskilstrup,0.25,2.0,Juletræer og pyntegrønt,583.0,Matrigon 72,64-136,0.02,2.0,false
42170,ENTREPRENØR CHRISTIAN DUELUND PEDERSEN,60057850.0,Stestrupvej,144,,4360.0,Kirke Eskilstrup,3.75,2.0,Vårbyg,1.0,Foxtrot,11-31,3.75,4.0,false
88474,ENTREPRENØR CHRISTIAN DUELUND PEDERSEN,60057850.0,Stestrupvej,144,,4360.0,Kirke Eskilstrup,3.75,2.0,Vårbyg,1.0,Balaya,19-240,3.75,4.0,false
121566,ENTREPRENØR CHRISTIAN DUELUND PEDERSEN,60057850.0,Stestrupvej,144,,4360.0,Kirke Eskilstrup,3.75,2.0,Vårbyg,1.0,Accurate Max,347-35,0.075,2.0,false
141670,ENTREPRENØR CHRISTIAN DUELUND PEDERSEN,60057850.0,Stestrupvej,144,,4360.0,Kirke Eskilstrup,1.25,2.0,Vårbyg,1.0,Cerone,18-414,0.375,4.0,false
150537,ENTREPRENØR CHRISTIAN DUELUND PEDERSEN,60057850.0,Stestrupvej,144,,4360.0,Kirke Eskilstrup,2.25,2.0,Juletræer og pyntegrønt,583.0,Mavrik,396-82,0.45,4.0,false
259923,ENTREPRENØR CHRISTIAN DUELUND PEDERSEN,60057850.0,Stestrupvej,144,,4360.0,Kirke Eskilstrup,2.25,2.0,Juletræer og pyntegrønt,583.0,Logo,18-484,0.337,2.0,false
313990,ENTREPRENØR CHRISTIAN DUELUND PEDERSEN,60057850.0,Stestrupvej,144,,4360.0,Kirke Eskilstrup,3.75,2.0,Vårbyg,1.0,Lamdex,396-77,0.75,2.0,false
344852,LANDBRUGSEJENDOMMEN FORRIDERGÅRD C/O ARNE VIERØ,60278350.0,Nordkrog,20,,2900.0,Hellerup,,,,,,,,,true
342870,PETER KIEL,61298819.0,Hovedvejen,75,,6052.0,Viuf,,,,,,,,,true
344910,FLEMMING ANDERSEN,61515828.0,Øster Rærupvej,40,,6830.0,Nørre Nebel,,,,,,,,,true
342387,Patriotisk Selskab f.m.b.a,61676228.0,Ørbækvej,276,,5220.0,Odense SØ,,,,,,,,,true
344208,HØJAGERGÅRD V/KLAUS NIELSEN,62099410.0,Skolevej,7,,5854.0,Gislev,,,,,,,,,true
342862,HEMMING KRISTENSEN,63118516.0,Fyrrelunden,25,,6800.0,Varde,,,,,,,,,true
305560,Annexgården v/Palle C Andersen,63257613.0,Kirkevej,120,,9870.0,Sindal,0.9,2.0,Anden skovdrift,580.0,"Axiendo 2,5 WG",1-252,0.5,2.0,false
342640,JEP FINK PLANTAGE ApS,63490210.0,Sønder Hostrup Østergade,34,,6200.0,Aabenraa,,,,,,,,,true
16949,LANDMAND MARTIN GRARUP,63622656.0,Elmegårdsvej,20,,9760.0,Vrå,10.57,2.0,Vinterhvede,11.0,DFF,18-416,1.0,4.0,false
154272,LANDMAND MARTIN GRARUP,63622656.0,Elmegårdsvej,20,,9760.0,Vrå,10.57,2.0,Vinterhvede,11.0,Boxer,1-211,9.0,4.0,false
86975,NIELS FRUEKILDE,64076728.0,Kathrinevej,7,,9610.0,Nørager,0.005,2.0,Potteplanter,545.0,Mospilan SG,561-3,0.0225,2.0,false
98948,NIELS FRUEKILDE,64076728.0,Kathrinevej,7,,9610.0,Nørager,0.0045,2.0,Potteplanter,545.0,CCC 750 (tidl. CCC 700),49-8,0.07,4.0,false
99023,NIELS FRUEKILDE,64076728.0,Kathrinevej,7,,9610.0,Nørager,0.0045,2.0,Potteplanter,545.0,Teppeki,352-5,0.0012,4.0,false
254896,NIELS FRUEKILDE,64076728.0,Kathrinevej,7,,9610.0,Nørager,0.001,2.0,Potteplanter,545.0,Bonzi,1-164,0.0015,4.0,false
343388,GDR ERIK THOMSEN,64190415.0,Nakkebjergvej,197,,9700.0,Brønderslev,,,,,,,,,true
344487,NILS HEDERMANN PEDERSEN,64222228.0,Storskovvej,80,,9330.0,Dronninglund,,,,,,,,,true
343276,Sparekassen Danmark,64806815.0,Østergade,15,,9760.0,Vrå,,,,,,,,,true
220301,GÅRDEJER JENS AAGE KNUDE NIELSEN,64944657.0,Bruhnsmindevej,16,,6070.0,Christiansfeld,32.71,2.0,Vinterhvede,11.0,Roundup PowerMax (tid. MON 79991),48-47,15.66,2.0,false
269817,GÅRDEJER JENS AAGE KNUDE NIELSEN,64944657.0,Bruhnsmindevej,16,,6070.0,Christiansfeld,33.76,2.0,Vårbyg,1.0,Roundup PowerMax (tid. MON 79991),48-47,17.205,2.0,false
331917,GÅRDEJER JENS AAGE KNUDE NIELSEN,64944657.0,Bruhnsmindevej,16,,6070.0,Christiansfeld,17.05,2.0,Vårhavre,3.0,Roundup PowerMax (tid. MON 79991),48-47,12.0,2.0,false
344367,LAUST BENDIX JENSEN,65021412.0,Markskelvej,2,,6840.0,Oksbøl,,,,,,,,,true
344087,LANDMAND JOHN HARDER,65116812.0,Anebjergvej,22,,8600.0,Silkeborg,,,,,,,,,true
343086,HANS JØRGEN LARSEN,65381117.0,Bøgvadvej,3,,6040.0,Egtved,,,,,,,,,true
342680,ERSHOLT V/MARTIN BRØGGER,65591510.0,Ersholtvej,15,,8670.0,Låsby,,,,,,,,,true
344366,AP Maskiner v/Allan Pedersen,66591352.0,Nissetvej,58,,8600.0,Silkeborg,,,,,,,,,true
6160,GARTNER STIG EBBESEN,67556313.0,Østergade,28,,4100.0,Ringsted,0.0375,2.0,En- og to-årige planter,503.0,Kompakt 5 C,49-94,0.195,4.0,false
55312,GARTNER STIG EBBESEN,67556313.0,Østergade,28,,4100.0,Ringsted,0.02,2.0,En- og to-årige planter,503.0,Movento SC 100,18-549,0.015,4.0,false
116676,GARTNER STIG EBBESEN,67556313.0,Østergade,28,,4100.0,Ringsted,0.05,2.0,Potteplanter,545.0,Movento SC 100,18-549,0.375,4.0,false
117908,GARTNER STIG EBBESEN,67556313.0,Østergade,28,,4100.0,Ringsted,0.0375,2.0,En- og to-årige planter,503.0,Dazide Enhance,544-6,0.225,2.0,false
124771,GARTNER STIG EBBESEN,67556313.0,Østergade,28,,4100.0,Ringsted,0.01,2.0,"Småplanter, en-årige",548.0,Kompakt 5 C,49-94,0.05,4.0,false
149178,GARTNER STIG EBBESEN,67556313.0,Østergade,28,,4100.0,Ringsted,0.15,2.0,"Planteskolekulturer, vedplanter, til videresalg",497.0,Milbeknock,632-5,0.075,4.0,false
191664,GARTNER STIG EBBESEN,67556313.0,Østergade,28,,4100.0,Ringsted,0.01,2.0,"Planteskolekulturer, vedplanter, til videresalg",497.0,Floramite 240 SC,558-5,0.008,4.0,false
192215,GARTNER STIG EBBESEN,67556313.0,Østergade,28,,4100.0,Ringsted,0.15,2.0,"Planteskolekulturer, vedplanter, til videresalg",497.0,Movento SC 100,18-549,0.0375,4.0,false
259876,GARTNER STIG EBBESEN,67556313.0,Østergade,28,,4100.0,Ringsted,0.15,2.0,En- og to-årige planter,503.0,Teppeki,352-5,0.021,2.0,false
269026,GARTNER STIG EBBESEN,67556313.0,Østergade,28,,4100.0,Ringsted,0.0375,2.0,En- og to-årige planter,503.0,Flexity,19-166,0.02,4.0,false
343761,SØREN JENSEN,67757017.0,Skavenvej,28,,6880.0,Tarm,,,,,,,,,true
101597,CHRISTIAN MØLLER-NIELSEN,67938518.0,Landsbækvej,90A,,8450.0,Hammel,4.5,2.0,Juletræer og pyntegrønt,583.0,Roundup Bio,48-16,1.4,4.0,false
344812,HANS DALGAARD,68518512.0,Rusengvej,13,,7870.0,Roslev,,,,,,,,,true
17873,SØRUP AVLSGÅRD A/S,68641519.0,Hjelmsømaglevej,99,,4100.0,Ringsted,5.38,2.0,Anden skovdrift,580.0,Gallup Hi-Aktiv,357-14,3.48,4.0,false
126668,SØRUP AVLSGÅRD A/S,68641519.0,Hjelmsømaglevej,99,,4100.0,Ringsted,5.38,2.0,Anden skovdrift,580.0,Roundup Bio,48-16,9.0,4.0,false
342602,LANDMAND/LÆRER JENS NEVE CHRISTIANSEN,69111068.0,Kalhavevej,41,,7171.0,Uldum,,,,,,,,,true
342761,HELMER JENSEN,69210414.0,Ramskovvej,2,,7550.0,Sørvad,,,,,,,,,true
343389,MOSELY PLANTESKOLE KNUD RANDRUP JENSEN,69392555.0,Rustrupvej,20,,8653.0,Them,,,,,,,,,true
135847,GARTNER HENRIK ANDRESEN,69512917.0,Gadegårdsvej,2,,8620.0,Kjellerup,23.2,2.0,Juletræer og pyntegrønt,583.0,Metaxon,347-5,8.2,4.0,false
260088,GARTNER HENRIK ANDRESEN,69512917.0,Gadegårdsvej,2,,8620.0,Kjellerup,23.2,2.0,Juletræer og pyntegrønt,583.0,Roundup Bio,48-16,70.0,4.0,false
315130,GARTNER HENRIK ANDRESEN,69512917.0,Gadegårdsvej,2,,8620.0,Kjellerup,12.0,2.0,Juletræer og pyntegrønt,583.0,Legacy 500 SC,396-26,6.2,4.0,false
344923,TAGE KELD JENSEN,69809014.0,Adelers Alle,190,,4540.0,Fårevejle,,,,,,,,,true
23550,K.Thodes Planter Engros,70130815.0,Skarre Strandvej,18,,6091.0,Bjert,0.533,2.0,Containerplads,564.0,Aliette WG 80,18-407,2.132,2.0,false
30177,K.Thodes Planter Engros,70130815.0,Skarre Strandvej,18,,6091.0,Bjert,0.403,2.0,Containerplads,564.0,Serenade ASO,18-581,1.612,4.0,false
37319,K.Thodes Planter Engros,70130815.0,Skarre Strandvej,18,,6091.0,Bjert,0.00405,2.0,Containerplads,564.0,Floramite 240 SC,558-5,0.009,4.0,false
45499,K.Thodes Planter Engros,70130815.0,Skarre Strandvej,18,,6091.0,Bjert,0.05,2.0,Containerplads,564.0,DiPel DF,526-13,0.05,2.0,false
68680,K.Thodes Planter Engros,70130815.0,Skarre Strandvej,18,,6091.0,Bjert,0.18,2.0,Containerplads,564.0,Teppeki,352-5,0.025,2.0,false
71934,K.Thodes Planter Engros,70130815.0,Skarre Strandvej,18,,6091.0,Bjert,7.0,2.0,Juletræer og pyntegrønt,583.0,Metaxon,347-5,7.0,4.0,false
74647,K.Thodes Planter Engros,70130815.0,Skarre Strandvej,18,,6091.0,Bjert,0.99,2.0,Containerplads,564.0,Milbeknock,632-5,1.287,4.0,false
97319,K.Thodes Planter Engros,70130815.0,Skarre Strandvej,18,,6091.0,Bjert,16.0,2.0,Juletræer og pyntegrønt,583.0,Roundup Bio,48-16,24.0,4.0,false
117578,K.Thodes Planter Engros,70130815.0,Skarre Strandvej,18,,6091.0,Bjert,0.83,2.0,Containerplads,564.0,"Axiendo 2,5 WG",1-252,0.244,2.0,false
135595,K.Thodes Planter Engros,70130815.0,Skarre Strandvej,18,,6091.0,Bjert,1.096,2.0,Containerplads,564.0,Mospilan SG,561-3,0.35,2.0,false
150999,K.Thodes Planter Engros,70130815.0,Skarre Strandvej,18,,6091.0,Bjert,0.75,2.0,Containerplads,564.0,Spruzit Neu,364-67,4.5,4.0,false
192206,K.Thodes Planter Engros,70130815.0,Skarre Strandvej,18,,6091.0,Bjert,0.663,2.0,Containerplads,564.0,Scala,19-159,1.49,4.0,false
194526,K.Thodes Planter Engros,70130815.0,Skarre Strandvej,18,,6091.0,Bjert,0.33,2.0,Containerplads,564.0,Movento SC 100,18-549,0.2475,4.0,false
242837,K.Thodes Planter Engros,70130815.0,Skarre Strandvej,18,,6091.0,Bjert,1.14,2.0,Containerplads,564.0,Flexity,19-166,0.57,4.0,false
254274,K.Thodes Planter Engros,70130815.0,Skarre Strandvej,18,,6091.0,Bjert,0.526,2.0,Containerplads,564.0,Signum,19-151,0.526,2.0,false
308654,K.Thodes Planter Engros,70130815.0,Skarre Strandvej,18,,6091.0,Bjert,16.0,2.0,Containerplads,564.0,Roundup Bio,48-16,24.0,4.0,false
238389,Dorthea Lysemose,70253313.0,Heslevej,23,,5610.0,Assens,0.6,2.0,Jordbær,513.0,Stomp CS,19-205,1.0,4.0,false
314741,Dorthea Lysemose,70253313.0,Heslevej,23,,5610.0,Assens,0.6,2.0,Jordbær,513.0,Signum,19-151,1.0,2.0,false
343526,VIGGO ØLGAARD BLOCH,71599914.0,Knoldeflodvej,44,,6800.0,Varde,,,,,,,,,true
344173,HENRIK ABRAHAMSEN,71923517.0,Skamlingvejen,130,,6093.0,Sjølund,,,,,,,,,true
344826,KRISTIAN KJÆRGAARD,72056310.0,Røddingvej,13,,8800.0,Viborg,,,,,,,,,true
343704,GÅRDEJER OLE KIRK CHRISTIANSEN,72080556.0,Skibdrætvej,47,,6000.0,Kolding,,,,,,,,,true
343937,Gammelgaard v/Peter Eeg,72166914.0,Eegsvej,7,,6091.0,Bjert,,,,,,,,,true
343147,GÅRDEJER KURT JENSEN,72487214.0,Lundgaard Hedevej,36,,9510.0,Arden,,,,,,,,,true
344159,PEDER NIELSEN PEDERSEN,72489314.0,Voermøllevej,6,,8370.0,Hadsten,,,,,,,,,true
342815,IB OUDAL RASMUSSEN,72565614.0,Oksevejen,9,,8680.0,Ry,,,,,,,,,true
343529,GÅRDEJER PEDER KIRK IVERSEN,73750415.0,Grovebakkevej,3,,8920.0,Randers NV,,,,,,,,,true
343179,Gete's Blomster v/Jørgen Nielsen Bjæverskov Butikscenter,73765854.0,Ejbovej,61D,,4632.0,Bjæverskov,,,,,,,,,true
344455,RENDEBJERGGÅRD V/N FOLMER PETERSEN,74117511.0,Villershøjvej,22,,4030.0,Tune,,,,,,,,,true
344321,Nygaards Afrika,74257216.0,Nr. Lydumvej,110,,6830.0,Nørre Nebel,,,,,,,,,true
343143,ERLING OVERGAARD,74392318.0,Torshøjvej,11,,7700.0,Thisted,,,,,,,,,true
343120,GDR BENT ANDERSEN,74658717.0,Vester Hedevej,210,,9800.0,Hjørring,,,,,,,,,true
75786,HOLGER RENDBÆK,74780512.0,Slusevej,161,,9440.0,Aabybro,1.0,2.0,Ikke støtteberettiget landbrugsareal,361.0,Pistol ukrudtsmiddel,19-241,1.0,4.0,false
113680,HOLGER RENDBÆK,74780512.0,Slusevej,161,,9440.0,Aabybro,0.8,2.0,Ikke støtteberettiget landbrugsareal,361.0,Glypper,396-53,3.0,4.0,false
2108,J.H. PLANTER ApS,75091818.0,Ingersvej,4,,2640.0,Hedehusene,35.0,2.0,"Grøntsager, andre (drivhus)",543.0,Conserve,64-51,257.2,4.0,false
126197,J.H. PLANTER ApS,75091818.0,Ingersvej,4,,2640.0,Hedehusene,2.0,2.0,"Grøntsager, andre (drivhus)",543.0,Movento SC 100,18-549,1.0,4.0,false
168330,J.H. PLANTER ApS,75091818.0,Ingersvej,4,,2640.0,Hedehusene,2.0,2.0,Løg,411.0,Propulse SE 250,18-597,1.2,4.0,false
187908,J.H. PLANTER ApS,75091818.0,Ingersvej,4,,2640.0,Hedehusene,22.0,2.0,Agurker,541.0,Vertimec,1-192,20.4,4.0,false
342500,Gårdejer Bjarne Rasmussen,75138253.0,Bymarken,9,,4891.0,Toreby L,,,,,,,,,true
343068,GÅRDEJER ARNE PEDERSEN,75260350.0,Harpelundevej,76,,4912.0,Harpelunde,,,,,,,,,true
343437,EJVIND SØRENSEN,75400713.0,Konemadevej,15,,4942.0,Askø,,,,,,,,,true
342762,GÅRDEJER SVEND ERIK LAURIDSEN,75524455.0,Terningvej,2,,6900.0,Skjern,,,,,,,,,true
344492,GÅRDEJER GUNNAR ØRSKOV THOMSEN,75546068.0,Smedegårdvej,16,,7400.0,Herning,,,,,,,,,true
344782,SKIDENVAD MADS CHR. KVIST,75709013.0,Nejrupvej,65,,7620.0,Lemvig,,,,,,,,,true
344785,Entreprenør  Martin Poulsen,75853513.0,Charlottenlundvej,26,,8600.0,Silkeborg,,,,,,,,,true
68648,Gårdejer Palle Andersen / Palles Øko Landbrug,76021511.0,Tokkerupvej,3,,4892.0,Kettinge,6.9,2.0,Vårbyg,1.0,Gallup Super 360,357-15,17.25,4.0,false
191727,Gårdejer Palle Andersen / Palles Øko Landbrug,76021511.0,Tokkerupvej,3,,4892.0,Kettinge,0.8,2.0,Grønkål,406.0,Mavrik Vita,396-70,0.16,4.0,false
244831,Gårdejer Palle Andersen / Palles Øko Landbrug,76021511.0,Tokkerupvej,3,,4892.0,Kettinge,1.67,2.0,Jordbær,513.0,Stomp CS,19-205,2.1,4.0,false
275812,Gårdejer Palle Andersen / Palles Øko Landbrug,76021511.0,Tokkerupvej,3,,4892.0,Kettinge,1.67,2.0,Jordbær,513.0,Kerb 400 SC,64-72,1.67,4.0,false
319690,Gårdejer Palle Andersen / Palles Øko Landbrug,76021511.0,Tokkerupvej,3,,4892.0,Kettinge,0.7,2.0,Grønkål,406.0,Movento SC 100,18-549,0.7,4.0,false
342846,Gdr Carl E Baastrup.,76070016.0,Østerskovvej,20,,8670.0,Låsby,,,,,,,,,true
342772,Barkholt,76420718.0,Hejsager Strandvej,71,,6100.0,Haderslev,,,,,,,,,true
325251,Birkely Vækst & Anlæg,76756813.0,Østergårdsvej,11,,4660.0,Store Heddinge,11.0,2.0,Juletræer og pyntegrønt,583.0,Mospilan SG,561-3,0.5,2.0,false
343424,FORPAGTER ANDERS JAKOB NIELSEN,77455353.0,Kertinge Bygade,13,,5300.0,Kerteminde,,,,,,,,,true
344832,ULRIK SANDER,77469028.0,Hennetvedvej,15,,5900.0,Rudkøbing,,,,,,,,,true
342834,EJVIND JENSEN,77810013.0,Ørslevklostervej,78,,7840.0,Højslev,,,,,,,,,true
344059,HEINZ DAVID,77902414.0,Gammel Bajstrupvej,13,,6360.0,Tinglev,,,,,,,,,true
343111,OLE JENSEN,78120118.0,Gennervej,9,,6500.0,Vojens,,,,,,,,,true
179229,LARS STEN PEDERSEN,78122412.0,Fornebyvej,4,,4930.0,Maribo,0.25,2.0,Jordbær,513.0,Signum,19-151,0.2,2.0,false
342797,LARS HASSERIIS GORMSEN,78151617.0,Skovvænget,6,,7100.0,Vejle,,,,,,,,,true
343523,GÅRDEJER ERIK JANTZEN,78291311.0,Karlslundvej,14,,8330.0,Beder,,,,,,,,,true
343119,GARTNER EVALD ANDERSEN,78353511.0,Grænge Skovvej,132,,4891.0,Toreby L,,,,,,,,,true
49772,Flemming Holm,79414417.0,Lyngbakkevej,2B,,2840.0,Holte,6.92,2.0,Vårrug,55.0,Othello OD,18-520,0.25,4.0,false
211196,Flemming Holm,79414417.0,Lyngbakkevej,2B,,2840.0,Holte,6.92,2.0,"Vinterrug, helsæd",222.0,Mavrik,396-82,0.1,4.0,false
250232,Flemming Holm,79414417.0,Lyngbakkevej,2B,,2840.0,Holte,6.92,2.0,"Vinterrug, helsæd",222.0,DFF,18-416,0.025,4.0,false
308651,Flemming Holm,79414417.0,Lyngbakkevej,2B,,2840.0,Holte,6.92,2.0,"Vinterrug, helsæd",222.0,Boxer,1-211,0.5,4.0,false
340186,Flemming Holm,79414417.0,Lyngbakkevej,2B,,2840.0,Holte,7.56,2.0,Vinterraps,22.0,Kaiso Sorbie,347-25,0.075,2.0,false
344238,GÅRDEJER ANDERS RASMUSSEN ANDERSEN,80330758.0,Søkærvej,6,,8970.0,Havndal,,,,,,,,,true
274991,LANDMAND KIM SCHRØDER JEPPESEN,80448457.0,Eskerodvej,84,,8543.0,Hornslet,10.12,2.0,Juletræer og pyntegrønt,583.0,Roundup Bio,48-16,34.52,4.0,false
307041,LANDMAND KIM SCHRØDER JEPPESEN,80448457.0,Eskerodvej,84,,8543.0,Hornslet,10.12,2.0,Juletræer og pyntegrønt,583.0,ConShape,526-21,0.5,4.0,false
216783,Hviids Planteskole/Hviids Design v/O Hviid Jensen,80619618.0,Orholmvej,1,,8850.0,Bjerringbro,2.0,2.0,Containerplads,564.0,Glypper,396-53,6.0,4.0,false
343343,Bjorholmsminde v/C Zachariassen,80650612.0,Bevtoftvej,22,,6520.0,Toftlund,,,,,,,,,true
343757,GARTNER BJARNE O LINDKVIST,80952155.0,Svanekevej,46,,3700.0,Rønne,,,,,,,,,true
343492,FREDE PEDERSEN,81223319.0,Padkærvej,81,,9670.0,Løgstør,,,,,,,,,true
145275,GARTNER PETER KORUP,81332010.0,Trinnerupvej,17,,9575.0,Terndrup,0.004,2.0,Potteplanter,545.0,Pirimor 500 WG,396-78,0.05,2.0,false
231538,GARTNER PETER KORUP,81332010.0,Trinnerupvej,17,,9575.0,Terndrup,0.003,2.0,Potteplanter,545.0,Alar 85 SG,558-7,0.06,2.0,false
265519,GARTNER PETER KORUP,81332010.0,Trinnerupvej,17,,9575.0,Terndrup,0.004,2.0,Potteplanter,545.0,Previcur Energy,18-544,0.02,4.0,false
343464,JØRGEN JENSEN VASEGAARD,81506213.0,Anneksvej,24,,9640.0,Farsø,,,,,,,,,true
158523,POUL RASMUSSEN HOLDING A/S,81710813.0,Elevvej,66,,8200.0,Aarhus N,2.0,2.0,Anden skovdrift,580.0,"Axiendo 2,5 WG",1-252,1.6,2.0,false
207841,HALDBJERG PLANTAGE ApS,81857717.0,Tingvejen,297,,7200.0,Grindsted,2.5,2.0,Skovdrift med fjernelse af ved,581.0,"Axiendo 2,5 WG",1-252,1.5,2.0,false
343468,GÅRDEJER HANS SØRENSEN,82095012.0,Kirkevej,15,,8700.0,Horsens,,,,,,,,,true
342419,GDR FREDE HØNGAARD,82254811.0,Algade,49,,9300.0,Sæby,,,,,,,,,true
344510,JAN NØRGAARD NIELSEN,82378359.0,Trabjergvej,5,,7500.0,Holstebro,,,,,,,,,true
32727,GÅRDEJER FINN OGSTRUP,82427554.0,Bavnevej,51,,8831.0,Løgstrup,10.52,2.0,Juletræer og pyntegrønt,583.0,Roundup Bio,48-16,18.0,4.0,false
114524,GÅRDEJER FINN OGSTRUP,82427554.0,Bavnevej,51,,8831.0,Løgstrup,6.57,2.0,Juletræer og pyntegrønt,583.0,ConShape,526-21,1.8,4.0,false
207937,GÅRDEJER FINN OGSTRUP,82427554.0,Bavnevej,51,,8831.0,Løgstrup,4.4,2.0,Juletræer og pyntegrønt,583.0,Mospilan SG,561-3,0.07,2.0,false
279303,GÅRDEJER FINN OGSTRUP,82427554.0,Bavnevej,51,,8831.0,Løgstrup,8.0,2.0,Juletræer og pyntegrønt,583.0,Trico,706-1,13.18,4.0,false
335142,GÅRDEJER FINN OGSTRUP,82427554.0,Bavnevej,51,,8831.0,Løgstrup,5.9,2.0,Juletræer og pyntegrønt,583.0,Ronstar Expert (tidl. Valdor),18-567,1.94,2.0,false
344348,JENS JØRGEN POULSEN,82788212.0,Vorupørvej,253,,7700.0,Thisted,,,,,,,,,true
344322,Bøgeskovgård v/O K Thiel Nielsen,82860819.0,Skovhavevej,62,,6091.0,Bjert,,,,,,,,,true
342495,HANS SKOVGAARD HANSEN,82872914.0,Slumstrupvej,15,,6900.0,Skjern,,,,,,,,,true
342625,MORTEN CHRISTENSEN,82995811.0,Sølbækvej,4,,6780.0,Skærbæk,,,,,,,,,true
343619,UFFE OTTE,83298812.0,Svoldrupvej,147,,9600.0,Aars,,,,,,,,,true
344264,ERLING GRAM,83334517.0,Holtvej,6,,6510.0,Gram,,,,,,,,,true
497,PLANTESKOLEN OLE RASMUSSEN ApS,83339713.0,Store Lyngbyvej,18,,3320.0,Skævinge,3.0,2.0,"Planteskolekulturer, vedplanter, til videresalg",497.0,Roundup Bio,48-16,2580.0,4.0,false
15,EBBE RUD TOFTGAARD,83342412.0,Lindtorpvej,6,,7600.0,Struer,11.5,2.0,Vinterhybridrug,15.0,Glypper,396-53,4.475,4.0,false
13467,EBBE RUD TOFTGAARD,83342412.0,Lindtorpvej,6,,7600.0,Struer,28.55,2.0,Vårbyg,1.0,Glyphomax HL,756-2,19.55,4.0,false
17380,EBBE RUD TOFTGAARD,83342412.0,Lindtorpvej,6,,7600.0,Struer,28.55,2.0,Vårbyg,1.0,Glypper,396-53,15.09,4.0,false
17468,EBBE RUD TOFTGAARD,83342412.0,Lindtorpvej,6,,7600.0,Struer,25.0,2.0,Vinterhvede,11.0,Glypper,396-53,6.525,4.0,false
237394,EBBE RUD TOFTGAARD,83342412.0,Lindtorpvej,6,,7600.0,Struer,25.0,2.0,Vinterhvede,11.0,DFF,18-416,1.26,4.0,false
250342,EBBE RUD TOFTGAARD,83342412.0,Lindtorpvej,6,,7600.0,Struer,25.0,2.0,Vinterhvede,11.0,Boxer,1-211,16.202,4.0,false
128301,INGENIØR HANS THEUT OG HUSTRU BIRTHA THEUTS FAMILIEFOND,83432713.0,Norgesvej,28,,5500.0,Middelfart,4.2,2.0,Anden skovdrift,580.0,"Axiendo 2,5 WG",1-252,3.36,2.0,false
344684,FP ApS,83529016.0,Grønløkkevej,10,,5000.0,Odense C,,,,,,,,,true
97081,ERIK TOFT PEDERSEN,83903015.0,Gartnervej,25,,4632.0,Bjæverskov,0.43,2.0,Potteplanter,545.0,Movento SC 100,18-549,0.5,4.0,false
343189,BIRKEMOSEGÅRD V/KARL J THOMASEN,84295418.0,Pøllegårdsvej,16,,4160.0,Herlufmagle,,,,,,,,,true
344692,PALLE BRUSHØJ,84533610.0,Toftegårdsvej,1,,4700.0,Næstved,,,,,,,,,true
34192,Biler + trailer v/Carsten Bundgaard,84546313.0,Jægersprisvej,4,,7441.0,Bording,66.0,2.0,"Blanding bredbladet afgrøde, frø/kerne",51.0,Glyphomax HL,756-2,2.0,4.0,false
343801,AXEL FRIMANN LARSEN,84919314.0,Langesøvej,9,,4953.0,Vesterborg,,,,,,,,,true
343960,KAJ KJÆR ØSTERGAARD,85037412.0,Ørnhøjvej,4,,9240.0,Nibe,,,,,,,,,true
7336,HANS CHRISTIAN CHRISTOFFERSEN,85336916.0,Keldbjergvej,7,,6340.0,Kruså,6.0,2.0,Juletræer og pyntegrønt,583.0,Quartz,18-514,0.2,4.0,false
37277,HANS CHRISTIAN CHRISTOFFERSEN,85336916.0,Keldbjergvej,7,,6340.0,Kruså,6.0,2.0,Juletræer og pyntegrønt,583.0,Accurate Delta,11-43,0.8,2.0,false
135169,HANS CHRISTIAN CHRISTOFFERSEN,85336916.0,Keldbjergvej,7,,6340.0,Kruså,6.0,2.0,Juletræer og pyntegrønt,583.0,Metaxon,347-5,0.3,4.0,false
344072,GÅRDEJER ARNE KRUSBORG NØRTOFT,85354728.0,Krohaven,4,,7323.0,Give,,,,,,,,,true
343586,LANDMAND MOGENS JOHANSEN,86054957.0,Toftumvej,9,,7760.0,Hurup Thy,,,,,,,,,true
184560,OVERDAM PLANTESKOLE V/POUL PETERSEN,86072211.0,Agiltevej,11,,2970.0,Hørsholm,1.5,2.0,"Planteskolekulturer, stauder",547.0,Metaxon,347-5,0.24,4.0,false
219211,OVERDAM PLANTESKOLE V/POUL PETERSEN,86072211.0,Agiltevej,11,,2970.0,Hørsholm,1.5,2.0,"Planteskolekulturer, stauder",547.0,Barclay Gallup Super 360,357-4,3.6,4.0,false
129159,GARTNERIEJER VAGN LARSEN,86141752.0,Gartnervej,29,,4632.0,Bjæverskov,0.455,2.0,Potteplanter,545.0,Teldor WG 50,18-343,0.45,2.0,false
132284,GARTNERIEJER VAGN LARSEN,86141752.0,Gartnervej,29,,4632.0,Bjæverskov,0.75,2.0,Potteplanter,545.0,Spruzit Neu,364-67,5.95,4.0,false
141452,GARTNERIEJER VAGN LARSEN,86141752.0,Gartnervej,29,,4632.0,Bjæverskov,0.15,2.0,Potteplanter,545.0,Pirimor G,1-168,0.1,2.0,false
147115,GARTNERIEJER VAGN LARSEN,86141752.0,Gartnervej,29,,4632.0,Bjæverskov,0.36,2.0,Potteplanter,545.0,Flexity,19-166,0.115,4.0,false
165642,GARTNERIEJER VAGN LARSEN,86141752.0,Gartnervej,29,,4632.0,Bjæverskov,0.12,2.0,Potteplanter,545.0,Teppeki,352-5,0.02,2.0,false
343515,KIBÆK MASKINSTATION ApS,86195119.0,Østerbro,7,,6933.0,Kibæk,,,,,,,,,true
90449,LANDMAND PETER BIE,86788357.0,Skovdallundvej,6,,7300.0,Jelling,18.0,2.0,Juletræer og pyntegrønt,583.0,Glypper,396-53,2.0,4.0,false
344252,CHARLES BRUNSGAARD FIHL,86798212.0,Bøgevej,8,,7830.0,Vinderup,,,,,,,,,true
343518,Frans Pedersen,86888718.0,Skolevej,28,,9490.0,Pandrup,,,,,,,,,true
4463,GÅRDEJER KAJ LAURS THOSTRUP,87207153.0,Borgervej,34,,9500.0,Hobro,7.39,2.0,Vinterraps,22.0,Lamdex,396-77,4.434,2.0,false
5070,GÅRDEJER KAJ LAURS THOSTRUP,87207153.0,Borgervej,34,,9500.0,Hobro,7.39,2.0,Vinterraps,22.0,Propulse SE 250,18-597,4.434,4.0,false
13348,GÅRDEJER KAJ LAURS THOSTRUP,87207153.0,Borgervej,34,,9500.0,Hobro,7.39,2.0,Vinterraps,22.0,Kerb 400 SC,64-72,9.237,4.0,false
91091,GÅRDEJER KAJ LAURS THOSTRUP,87207153.0,Borgervej,34,,9500.0,Hobro,7.39,2.0,Vinterraps,22.0,Agil 100 EC,396-12,2.217,4.0,false
112250,GÅRDEJER KAJ LAURS THOSTRUP,87207153.0,Borgervej,34,,9500.0,Hobro,8.28,2.0,Vårbyg,1.0,Express 50 SX,11-69,0.034,2.0,false
126751,GÅRDEJER KAJ LAURS THOSTRUP,87207153.0,Borgervej,34,,9500.0,Hobro,8.28,2.0,Vårbyg,1.0,Moddus M,1-154,1.145,4.0,false
138904,GÅRDEJER KAJ LAURS THOSTRUP,87207153.0,Borgervej,34,,9500.0,Hobro,7.39,2.0,Vinterraps,22.0,Caryx,19-207,3.695,4.0,false
139273,GÅRDEJER KAJ LAURS THOSTRUP,87207153.0,Borgervej,34,,9500.0,Hobro,8.28,2.0,Vårbyg,1.0,Prosaro EC 250,18-527,1.145,4.0,false
153265,GÅRDEJER KAJ LAURS THOSTRUP,87207153.0,Borgervej,34,,9500.0,Hobro,8.28,2.0,Vårbyg,1.0,Lamdex,396-77,0.916,2.0,false
162066,GÅRDEJER KAJ LAURS THOSTRUP,87207153.0,Borgervej,34,,9500.0,Hobro,8.02,2.0,"Rajgræsfrø, alm.",101.0,Comet Pro (tidl. Comet 200),19-184,4.812,4.0,false
175368,GÅRDEJER KAJ LAURS THOSTRUP,87207153.0,Borgervej,34,,9500.0,Hobro,7.39,2.0,Vinterraps,22.0,Kalif 360 CS,396-57,1.478,4.0,false
176684,GÅRDEJER KAJ LAURS THOSTRUP,87207153.0,Borgervej,34,,9500.0,Hobro,8.28,2.0,Vårbyg,1.0,Cerone,18-414,0.916,4.0,false
194441,GÅRDEJER KAJ LAURS THOSTRUP,87207153.0,Borgervej,34,,9500.0,Hobro,8.02,2.0,"Rajgræsfrø, alm.",101.0,Cuadro NT,11-59,6.416,4.0,false
206726,GÅRDEJER KAJ LAURS THOSTRUP,87207153.0,Borgervej,34,,9500.0,Hobro,8.28,2.0,Vårbyg,1.0,Propulse SE 250,18-597,1.374,4.0,false
217782,GÅRDEJER KAJ LAURS THOSTRUP,87207153.0,Borgervej,34,,9500.0,Hobro,8.02,2.0,"Rajgræsfrø, alm.",101.0,Orius Max 200 EW,347-39,4.812,4.0,false
253527,GÅRDEJER KAJ LAURS THOSTRUP,87207153.0,Borgervej,34,,9500.0,Hobro,8.28,2.0,Vårbyg,1.0,Comet Pro (tidl. Comet 200),19-184,0.916,4.0,false
276215,GÅRDEJER KAJ LAURS THOSTRUP,87207153.0,Borgervej,34,,9500.0,Hobro,8.28,2.0,Vårbyg,1.0,Starane XL,64-68,1.603,4.0,false
281377,GÅRDEJER KAJ LAURS THOSTRUP,87207153.0,Borgervej,34,,9500.0,Hobro,7.39,2.0,Vinterraps,22.0,Belkar,64-91,2.956,4.0,false
342860,KASTHØJ HOLDING ApS,87224414.0,Kasthøjvej,2,,6862.0,Tistrup,,,,,,,,,true
10048,JØRGEN HANSEN,88168313.0,Hundslevvej,123,,5300.0,Kerteminde,0.5,2.0,Lukket system,499.0,Pirouette,544-3,9.1,4.0,false
25932,JØRGEN HANSEN,88168313.0,Hundslevvej,123,,5300.0,Kerteminde,0.5,2.0,Lukket system,499.0,"Axiendo 2,5 WG",1-252,0.04,2.0,false
40225,JØRGEN HANSEN,88168313.0,Hundslevvej,123,,5300.0,Kerteminde,0.5,2.0,Lukket system,499.0,Teppeki,352-5,0.13,2.0,false
78165,JØRGEN HANSEN,88168313.0,Hundslevvej,123,,5300.0,Kerteminde,0.5,2.0,Lukket system,499.0,Movento SC 100,18-549,0.87,4.0,false
96183,JØRGEN HANSEN,88168313.0,Hundslevvej,123,,5300.0,Kerteminde,0.5,2.0,Lukket system,499.0,Aliette WG 80,18-407,0.53,2.0,false
99688,JØRGEN HANSEN,88168313.0,Hundslevvej,123,,5300.0,Kerteminde,0.5,2.0,Lukket system,499.0,Pediment,1-253,0.475,2.0,false
120393,JØRGEN HANSEN,88168313.0,Hundslevvej,123,,5300.0,Kerteminde,0.5,2.0,Lukket system,499.0,NeemAzal-T/S,643-1,0.7,4.0,false
256039,JØRGEN HANSEN,88168313.0,Hundslevvej,123,,5300.0,Kerteminde,0.5,2.0,Lukket system,499.0,Rizolex 50 FW,526-3,0.105,4.0,false
269065,JØRGEN HANSEN,88168313.0,Hundslevvej,123,,5300.0,Kerteminde,0.5,2.0,Lukket system,499.0,Switch 62.5 WG,1-201,0.18,2.0,false
343172,Grøndalsgård v/Jørgen Pedersen,88247019.0,Rønne Allé,75,,8600.0,Silkeborg,,,,,,,,,true
344714,KRISTIAN NICOLAISEN,88340310.0,Futtrupvej,7,,7760.0,Hurup Thy,,,,,,,,,true
342691,FIND JEPPESEN,88472519.0,Stokholtsvej,9,,4173.0,Fjenneslev,,,,,,,,,true
38087,Gårdejer Jens H Pedersen,88897919.0,Vesterbæk,21,,9310.0,Vodskov,49.62,2.0,Vinterraps,22.0,Agil 100 EC,396-12,2.42,4.0,false
51191,Gårdejer Jens H Pedersen,88897919.0,Vesterbæk,21,,9310.0,Vodskov,49.62,2.0,Vinterraps,22.0,Kerb 400 SC,64-72,62.025,4.0,false
59908,Gårdejer Jens H Pedersen,88897919.0,Vesterbæk,21,,9310.0,Vodskov,74.27,2.0,Vinterhybridrug,15.0,Boxer,1-211,28.51,4.0,false
61468,Gårdejer Jens H Pedersen,88897919.0,Vesterbæk,21,,9310.0,Vodskov,109.71,2.0,Vinterhvede,11.0,Atlantis OD,18-505,5.922,4.0,false
72654,Gårdejer Jens H Pedersen,88897919.0,Vesterbæk,21,,9310.0,Vodskov,49.62,2.0,Vinterraps,22.0,Kalif 360 CS,396-57,2.42,4.0,false
90043,Gårdejer Jens H Pedersen,88897919.0,Vesterbæk,21,,9310.0,Vodskov,74.27,2.0,Vinterhybridrug,15.0,Roundup Flex (tidl. MON 79351 (Zanussi)),48-43,66.142,4.0,false
90451,Gårdejer Jens H Pedersen,88897919.0,Vesterbæk,21,,9310.0,Vodskov,109.71,2.0,Vinterhvede,11.0,Lamdex,396-77,4.187,2.0,false
100230,Gårdejer Jens H Pedersen,88897919.0,Vesterbæk,21,,9310.0,Vodskov,49.62,2.0,Vinterraps,22.0,Mavrik Vita,396-70,9.924,4.0,false
135892,Gårdejer Jens H Pedersen,88897919.0,Vesterbæk,21,,9310.0,Vodskov,109.71,2.0,Vinterhvede,11.0,Legacy 500 SC,396-26,21.942,4.0,false
171676,Gårdejer Jens H Pedersen,88897919.0,Vesterbæk,21,,9310.0,Vodskov,74.27,2.0,Vinterhybridrug,15.0,Legacy 500 SC,396-26,8.912,4.0,false
177819,Gårdejer Jens H Pedersen,88897919.0,Vesterbæk,21,,9310.0,Vodskov,109.71,2.0,Vinterhvede,11.0,Roundup Flex (tidl. MON 79351 (Zanussi)),48-43,69.595,4.0,false
181021,Gårdejer Jens H Pedersen,88897919.0,Vesterbæk,21,,9310.0,Vodskov,74.27,2.0,Vinterhybridrug,15.0,Lamdex,396-77,2.851,2.0,false
253827,Gårdejer Jens H Pedersen,88897919.0,Vesterbæk,21,,9310.0,Vodskov,49.62,2.0,Vinterraps,22.0,Belkar,64-91,17.863,4.0,false
278260,Gårdejer Jens H Pedersen,88897919.0,Vesterbæk,21,,9310.0,Vodskov,49.62,2.0,Vinterraps,22.0,Roundup Flex (tidl. MON 79351 (Zanussi)),48-43,47.2,4.0,false
46616,Skovbrug v/ Lars Søndergaard,89969158.0,Hedevej,14,,8860.0,Ulstrup,75.8,2.0,Juletræer og pyntegrønt,583.0,Metaxon,347-5,4.16,4.0,false
75659,Skovbrug v/ Lars Søndergaard,89969158.0,Hedevej,14,,8860.0,Ulstrup,75.8,2.0,Juletræer og pyntegrønt,583.0,Roundup Bio,48-16,82.3,4.0,false
301457,Skovbrug v/ Lars Søndergaard,89969158.0,Hedevej,14,,8860.0,Ulstrup,75.8,2.0,Juletræer og pyntegrønt,583.0,Matrigon 72 SG,64-74,0.83,2.0,false
343822,GÅRDEJER SVEND K NIELSEN,91454068.0,Hulhøjvej,13,,4640.0,Faxe,,,,,,,,,true
342836,LANDMAND ERIK RASMUSSEN,91657457.0,Hovedvejen,18,,5750.0,Ringe,,,,,,,,,true
344410,GÅRDEJER KURT BALLEBY JENSEN,92099954.0,Hostrupvej,48,,6710.0,Esbjerg V,,,,,,,,,true
343371,LANDMAND PETER STORM KRISTENSEN,92216152.0,Tingvej,10,,6650.0,Brørup,,,,,,,,,true
167057,GUNNER JØRGENSENS EFTERFØLGER IB HELLBRANDT JØRGENSEN,95526454.0,Søndergårdsvej,15,,4640.0,Faxe,1.0,2.0,Øvrige afgrøder,900.0,Roundup Bio,48-16,1.0,4.0,false
6137,Kongsdal Gods v/Hans Estrup,96055951.0,Kongsdalvej,5A,,4440.0,Mørkøv,75.29,2.0,Vinterraps,22.0,Lamdex,396-77,11.37,2.0,false
25181,Kongsdal Gods v/Hans Estrup,96055951.0,Kongsdalvej,5A,,4440.0,Mørkøv,75.29,2.0,Vinterraps,22.0,Kerb 400 SC,64-72,71.0625,4.0,false
34772,Kongsdal Gods v/Hans Estrup,96055951.0,Kongsdalvej,5A,,4440.0,Mørkøv,214.08,2.0,Vinterhvede,11.0,Orius Max 200 EW,347-39,71.0284,4.0,false
34908,Kongsdal Gods v/Hans Estrup,96055951.0,Kongsdalvej,5A,,4440.0,Mørkøv,75.29,2.0,Vinterraps,22.0,Mavrik,396-82,10.0,4.0,false
43097,Kongsdal Gods v/Hans Estrup,96055951.0,Kongsdalvej,5A,,4440.0,Mørkøv,127.4,2.0,Vårbyg,1.0,Propulse SE 250,18-597,30.0,2.0,false
51720,Kongsdal Gods v/Hans Estrup,96055951.0,Kongsdalvej,5A,,4440.0,Mørkøv,127.4,2.0,Vårbyg,1.0,Comet Pro (tidl. Comet 200),19-184,15.0,4.0,false
59688,Kongsdal Gods v/Hans Estrup,96055951.0,Kongsdalvej,5A,,4440.0,Mørkøv,127.4,2.0,Vårbyg,1.0,Legacy 500 SC,396-26,12.0,4.0,false
64183,Kongsdal Gods v/Hans Estrup,96055951.0,Kongsdalvej,5A,,4440.0,Mørkøv,97.63,2.0,"Rajgræsfrø, alm.",101.0,Medax Top,19-201,120.0,4.0,false
66644,Kongsdal Gods v/Hans Estrup,96055951.0,Kongsdalvej,5A,,4440.0,Mørkøv,75.29,2.0,Vinterraps,22.0,Propulse SE 250,18-597,39.9997,4.0,false
71107,Kongsdal Gods v/Hans Estrup,96055951.0,Kongsdalvej,5A,,4440.0,Mørkøv,97.63,2.0,"Rajgræsfrø, alm.",101.0,Mirador 250 SC,396-41,20.0,4.0,false
95676,Kongsdal Gods v/Hans Estrup,96055951.0,Kongsdalvej,5A,,4440.0,Mørkøv,75.29,2.0,Vinterraps,22.0,Belkar,64-91,22.74,4.0,false
96270,Kongsdal Gods v/Hans Estrup,96055951.0,Kongsdalvej,5A,,4440.0,Mørkøv,127.4,2.0,Vårbyg,1.0,Lamdex,396-77,11.5611,2.0,false
115811,Kongsdal Gods v/Hans Estrup,96055951.0,Kongsdalvej,5A,,4440.0,Mørkøv,214.08,2.0,Vinterhvede,11.0,Sonis,1-251,40.0054,4.0,false
118322,Kongsdal Gods v/Hans Estrup,96055951.0,Kongsdalvej,5A,,4440.0,Mørkøv,127.4,2.0,Vårbyg,1.0,Orius Max 200 EW,347-39,10.4924,4.0,false
143445,Kongsdal Gods v/Hans Estrup,96055951.0,Kongsdalvej,5A,,4440.0,Mørkøv,97.63,2.0,"Rajgræsfrø, alm.",101.0,Comet Pro (tidl. Comet 200),19-184,15.0,4.0,false
146566,Kongsdal Gods v/Hans Estrup,96055951.0,Kongsdalvej,5A,,4440.0,Mørkøv,214.08,2.0,Vinterhvede,11.0,Lamdex,396-77,31.1981,2.0,false
175102,Kongsdal Gods v/Hans Estrup,96055951.0,Kongsdalvej,5A,,4440.0,Mørkøv,97.63,2.0,"Rajgræsfrø, alm.",101.0,Sonis,1-251,74.9156,4.0,false
206311,Kongsdal Gods v/Hans Estrup,96055951.0,Kongsdalvej,5A,,4440.0,Mørkøv,97.63,2.0,"Rajgræsfrø, alm.",101.0,MUSTANG Forte (tidl. CathForte/JunctionForte),64-70,0.73,4.0,false
207284,Kongsdal Gods v/Hans Estrup,96055951.0,Kongsdalvej,5A,,4440.0,Mørkøv,127.4,2.0,Vårbyg,1.0,MUSTANG Forte (tidl. CathForte/JunctionForte),64-70,74.2725,4.0,false
216239,Kongsdal Gods v/Hans Estrup,96055951.0,Kongsdalvej,5A,,4440.0,Mørkøv,127.4,2.0,Vårbyg,1.0,Cerone,18-414,20.0,4.0,false
231898,Kongsdal Gods v/Hans Estrup,96055951.0,Kongsdalvej,5A,,4440.0,Mørkøv,214.08,2.0,Vinterhvede,11.0,Propulse SE 250,18-597,30.0001,4.0,false
232764,Kongsdal Gods v/Hans Estrup,96055951.0,Kongsdalvej,5A,,4440.0,Mørkøv,214.08,2.0,Vinterhvede,11.0,Broadway (Tidl. Floramix Alpha),64-69,35.0878,2.0,false
235895,Kongsdal Gods v/Hans Estrup,96055951.0,Kongsdalvej,5A,,4440.0,Mørkøv,214.08,2.0,Vinterhvede,11.0,Boxer,1-211,159.49,4.0,false
238894,Kongsdal Gods v/Hans Estrup,96055951.0,Kongsdalvej,5A,,4440.0,Mørkøv,214.08,2.0,Vinterhvede,11.0,Mateno Duo SC 600,18-631,55.8215,4.0,false
260143,Kongsdal Gods v/Hans Estrup,96055951.0,Kongsdalvej,5A,,4440.0,Mørkøv,214.08,2.0,Vinterhvede,11.0,Atlantis OD,18-505,5.025,4.0,false
291425,Kongsdal Gods v/Hans Estrup,96055951.0,Kongsdalvej,5A,,4440.0,Mørkøv,127.4,2.0,Vårbyg,1.0,Sonis,1-251,35.079,4.0,false
302224,Kongsdal Gods v/Hans Estrup,96055951.0,Kongsdalvej,5A,,4440.0,Mørkøv,214.08,2.0,Vinterhvede,11.0,Trece 750,49-42,40.0,4.0,false
306461,Kongsdal Gods v/Hans Estrup,96055951.0,Kongsdalvej,5A,,4440.0,Mørkøv,97.63,2.0,"Rajgræsfrø, alm.",101.0,Orius Max 200 EW,347-39,43.4792,4.0,false
332959,Kongsdal Gods v/Hans Estrup,96055951.0,Kongsdalvej,5A,,4440.0,Mørkøv,214.08,2.0,Vinterhvede,11.0,Balaya,19-240,130.0,4.0,false
334099,Kongsdal Gods v/Hans Estrup,96055951.0,Kongsdalvej,5A,,4440.0,Mørkøv,97.63,2.0,"Rajgræsfrø, alm.",101.0,Zypar,64-88,70.0,4.0,false
343675,JULETRÆER/BENT OLESEN,98072950.0,Alsbjergvej,23,,9460.0,Brovst,,,,,,,,,true
40683,LANDMAND FINN LUNDE HOLMGÅRD,98228950.0,Korsholmvej,73,,9690.0,Fjerritslev,16.24,2.0,Juletræer og pyntegrønt,583.0,Legacy 500 SC,396-26,2.178,4.0,false
43305,LANDMAND FINN LUNDE HOLMGÅRD,98228950.0,Korsholmvej,73,,9690.0,Fjerritslev,16.24,2.0,Juletræer og pyntegrønt,583.0,Pomoxon Extra (disp. juletræer 01/05 - 01/08 -2022) ,347-58,0.3,4.0,false
83420,LANDMAND FINN LUNDE HOLMGÅRD,98228950.0,Korsholmvej,73,,9690.0,Fjerritslev,7.68,2.0,Vårbyg,1.0,MUSTANG Forte (tidl. CathForte/JunctionForte),64-70,5.376,4.0,false
86300,LANDMAND FINN LUNDE HOLMGÅRD,98228950.0,Korsholmvej,73,,9690.0,Fjerritslev,7.68,2.0,Vårbyg,1.0,Propulse SE 250,18-597,2.304,4.0,false
135716,LANDMAND FINN LUNDE HOLMGÅRD,98228950.0,Korsholmvej,73,,9690.0,Fjerritslev,16.24,2.0,Juletræer og pyntegrønt,583.0,ConShape,526-21,0.668,4.0,false
139892,LANDMAND FINN LUNDE HOLMGÅRD,98228950.0,Korsholmvej,73,,9690.0,Fjerritslev,16.24,2.0,Juletræer og pyntegrønt,583.0,SweDane MCPA-750,347-11,1.0,4.0,false
245835,LANDMAND FINN LUNDE HOLMGÅRD,98228950.0,Korsholmvej,73,,9690.0,Fjerritslev,16.24,2.0,Juletræer og pyntegrønt,583.0,Roundup Bio,48-16,18.482,4.0,false
34002,Peder Iversen,99327057.0,Kongshedevej,11,,8600.0,Silkeborg,13.0,2.0,Juletræer og pyntegrønt,583.0,Roundup 60,48-52,36.4,4.0,false
65262,Peder Iversen,99327057.0,Kongshedevej,11,,8600.0,Silkeborg,7.2,2.0,Juletræer og pyntegrønt,583.0,"Axiendo 2,5 WG",1-252,3.024,2.0,false
114956,Peder Iversen,99327057.0,Kongshedevej,11,,8600.0,Silkeborg,7.2,2.0,Juletræer og pyntegrønt,583.0,TopGun Finalsan Koncentrat,364-12,199.44,4.0,false
