CVR,CropCode,AcreageSize,MatchedSum,Diff,PctDiff,TotalMarkerArea,TotalGKEAArea,RatioToTotal,Subset,Source
10065089,1,4.2,4.2,0.0,0.0,7.24,,58.011049723756905,"[('Marker_2022.229581', 4.2)]",Marker_Direct_Unique
10039819,108,13.16,13.14,-0.019999999999999574,-0.15197568389057428,13.620000000000001,,96.47577092511013,"[('Marker_2022.208973', 5.95), ('Marker_2022.208970', 7.19)]",Marker_Direct_Unique
10021499,583,18.2,18.2,0.0,0.0,24.07,,75.61279601163274,"[('Marker_2022.437526', 0.37), ('Marker_2022.437525', 0.52), ('Marker_2022.488547', 1.64), ('Marker_2022.488553', 3.47), ('Marker_2022.488551', 4.99), ('Marker_2022.488549', 7.21)]",Marker_Tie_Break
10127874,583,3.56,3.56,0.0,0.0,6.13,,58.07504078303426,"[('Marker_2022.68927', 0.21), ('Marker_2022.77357', 0.29), ('Marker_2022.77356', 0.89), ('Marker_2022.30988', 2.17)]",Marker_Tie_Break
10117976,15,11.56,11.57,0.009999999999999787,0.08650519031141683,25.15,,46.00397614314116,"[('Marker_2022.353536', 1.46), ('Marker_2022.353540', 10.11)]",Marker_Direct_Unique
10127874,1,14.09,14.1,0.009999999999999787,0.07097232079488848,18.36,,76.79738562091504,"[('Marker_2022.54460', 0.68), ('Marker_2022.53849', 1.28), ('Marker_2022.54458', 1.28), ('Marker_2022.53848', 2.24), ('Marker_2022.53846', 2.52), ('Marker_2022.58829', 2.93), ('Marker_2022.53844', 3.17)]",Marker_Tie_Break
10127874,1,17.82,17.68,-0.14000000000000057,-0.7856341189674555,18.36,,96.2962962962963,"[('Marker_2022.54461', 0.8), ('Marker_2022.54459', 1.0), ('Marker_2022.53849', 1.28), ('Marker_2022.54458', 1.28), ('Marker_2022.53848', 2.24), ('Marker_2022.53847', 2.46), ('Marker_2022.53846', 2.52), ('Marker_2022.58829', 2.93), ('Marker_2022.53844', 3.17)]",Marker_Tie_Break
10117976,1,37.06,36.989999999999995,-0.07000000000000739,-0.18888289260660385,50.489999999999995,,73.26203208556149,"[('Marker_2022.407034', 2.52), ('Marker_2022.353537', 3.3), ('Marker_2022.336323', 4.5), ('Marker_2022.353539', 9.43), ('Marker_2022.407035', 17.24)]",Marker_Tie_Break
10117976,1,44.3,44.26,-0.03999999999999915,-0.09029345372460305,50.489999999999995,,87.6609229550406,"[('Marker_2022.353534', 0.78), ('Marker_2022.407034', 2.52), ('Marker_2022.353537', 3.3), ('Marker_2022.353539', 9.43), ('Marker_2022.407032', 10.99), ('Marker_2022.407035', 17.24)]",Marker_Tie_Break
10179483,1,12.04,12.04,0.0,0.0,,12.85,93.6964980544747,"[('12', 1.25), ('13', 10.79)]",GKEA_Direct_Unique
10179483,22,5.58,5.58,0.0,0.0,8.96,,62.27678571428571,"[('Marker_2022.185285', 5.58)]",Marker_Direct_Unique
10200903,160,5.6,5.6,0.0,0.0,13.129999999999999,,42.65041888804265,"[('Marker_2022.511637', 5.6)]",Marker_Direct_Unique
10202833,1,7.12,7.12,0.0,0.0,9.3,,76.55913978494623,"[('Marker_2022.54856', 1.1), ('Marker_2022.54857', 1.15), ('Marker_2022.55402', 1.4), ('Marker_2022.55403', 3.47)]",Marker_Tie_Break
10200903,11,9.89,9.89,0.0,0.0,22.68,,43.60670194003527,"[('Marker_2022.517204', 4.51), ('Marker_2022.517199', 5.38)]",Marker_Tie_Break
10200903,11,11.26,11.26,0.0,0.0,22.68,,49.64726631393298,"[('Marker_2022.461544', 1.37), ('Marker_2022.517204', 4.51), ('Marker_2022.517199', 5.38)]",Marker_Tie_Break
10315581,583,34.0,34.01,0.00999999999999801,0.0294117647058765,34.78,,97.78608395629671,"[('Marker_2022.18760', 1.32), ('Marker_2022.41473', 1.38), ('Marker_2022.18761', 1.55), ('Marker_2022.41474', 1.91), ('Marker_2022.18758', 1.97), ('Marker_2022.18762', 2.36), ('Marker_2022.41472', 2.44), ('Marker_2022.18765', 3.18), ('Marker_2022.41470', 3.18), ('Marker_2022.18766', 3.22), ('Marker_2022.18764', 3.36), ('Marker_2022.41471', 3.68), ('Marker_2022.18763', 4.46)]",Marker_Tie_Break
10420040,1,0.97,0.97,0.0,0.0,2.37,,40.92827004219409,"[('Marker_2022.226517', 0.97)]",Marker_Direct_Unique
10420040,14,1.8,1.8,0.0,0.0,4.81,,37.42203742203743,"[('Marker_2022.176441', 1.8)]",Marker_Direct_Unique
10485037,263,6.09,6.2,0.11000000000000032,1.8062397372742254,6.390000000000001,,97.02660406885758,"[('Marker_2022.90945', 0.49), ('Marker_2022.60404', 1.01), ('Marker_2022.131242', 4.7)]",Marker_Direct_Unique
10430348,1,73.45,73.45,0.0,0.0,89.52,,82.04870420017873,"[('Marker_2022.357341', 3.35), ('Marker_2022.330730', 4.54), ('Marker_2022.330729', 4.85), ('Marker_2022.330731', 4.86), ('Marker_2022.330728', 4.87), ('Marker_2022.330732', 7.04), ('Marker_2022.314271', 20.06), ('Marker_2022.314272', 23.88)]",Marker_Tie_Break
10594707,255,11.0,10.969999999999999,-0.030000000000001137,-0.2727272727272831,11.959999999999999,,91.72240802675586,"[('Marker_2022.210310', 0.55), ('Marker_2022.210309', 0.66), ('Marker_2022.210311', 1.4), ('Marker_2022.198646', 1.49), ('Marker_2022.259686', 2.21), ('Marker_2022.210312', 2.3), ('Marker_2022.210313', 2.36)]",Marker_Direct_Unique
10744377,1,40.58,40.58,0.0,0.0,51.09,,79.42845958113132,"[('Marker_2022.474626', 11.69), ('Marker_2022.355759', 14.32), ('Marker_2022.410303', 14.57)]",Marker_Direct_Unique
10803608,1,16.58,16.91,0.33000000000000185,1.9903498190591187,18.06,,93.63233665559247,"[('Marker_2022.418014', 0.75), ('Marker_2022.418011', 2.78), ('Marker_2022.506745', 3.39), ('Marker_2022.418013', 3.9), ('Marker_2022.469336', 6.09)]",Marker_Direct_Unique
10916399,1,17.84,17.82,-0.019999999999999574,-0.11210762331838327,19.830000000000002,,89.86384266263236,"[('Marker_2022.327423', 5.38), ('Marker_2022.312382', 5.7), ('Marker_2022.327421', 6.74)]",Marker_Direct_Unique
10986303,1,8.2,8.14,-0.05999999999999872,-0.7317073170731552,8.47,,96.1038961038961,"[('Marker_2022.393089', 8.14)]",Marker_Direct_Unique
10991536,528,7.0,6.97,-0.03000000000000025,-0.42857142857143216,8.12,,85.83743842364532,"[('Marker_2022.145918', 0.69), ('Marker_2022.101897', 1.34), ('Marker_2022.101898', 1.37), ('Marker_2022.101899', 1.65), ('Marker_2022.101903', 1.92)]",Marker_Direct_Unique
11049982,583,4.54,4.53,-0.009999999999999787,-0.22026431718061204,,4.7299999999999995,95.77167019027486,"[('10-2', 0.9), ('10-1', 1.67), ('10-3', 1.96)]",GKEA_Direct_Unique
11099599,1,13.17,13.23,0.0600000000000005,0.45558086560364847,19.53,,67.74193548387096,"[('Marker_2022.350155', 6.06), ('Marker_2022.340006', 7.17)]",Marker_Direct_Unique
11099599,108,8.55,8.55,0.0,0.0,16.6,,51.50602409638554,"[('Marker_2022.350156', 8.55)]",Marker_Direct_Unique
11106978,1,9.33,9.33,0.0,0.0,9.85,,94.72081218274113,"[('Marker_2022.562724', 2.5), ('Marker_2022.565774', 3.15), ('Marker_2022.565773', 3.68)]",Marker_Direct_Unique
11106978,1,10.98,10.98,0.0,0.0,,11.5,95.47826086956522,"[('4', 1.65), ('5', 2.5), ('2', 3.15), ('1', 3.68)]",GKEA_Direct_Unique
11168485,1,5.58,5.5200000000000005,-0.05999999999999961,-1.0752688172042941,5.7700000000000005,,95.66724436741768,"[('Marker_2022.123366', 0.38), ('Marker_2022.121299', 1.6), ('Marker_2022.123365', 3.54)]",Marker_Direct_Unique
11146694,583,7.1,7.07,-0.02999999999999936,-0.42253521126759663,,11.09,63.751127141568986,"[('7b', 0.98), ('10a10b', 1.53), ('6a', 1.72), ('1a1b1c', 2.84)]",GKEA_Tie_Break
11146694,583,7.9,7.88,-0.020000000000000462,-0.2531645569620311,,11.09,71.05500450856627,"[('7b', 0.98), ('6a', 1.72), ('11a12a', 2.34), ('1a1b1c', 2.84)]",GKEA_Tie_Break
11168485,152,13.98,14.0,0.019999999999999574,0.14306151645207132,16.36,,85.57457212713938,"[('Marker_2022.108348', 0.65), ('Marker_2022.108341', 1.0), ('Marker_2022.99251', 1.28), ('Marker_2022.123364', 1.3), ('Marker_2022.99252', 1.77), ('Marker_2022.123362', 1.94), ('Marker_2022.123363', 2.68), ('Marker_2022.123361', 3.38)]",Marker_Tie_Break
11171192,124,15.84,15.84,0.0,0.0,23.37,,67.77920410783055,"[('Marker_2022.527327', 15.84)]",Marker_Direct_Unique
11219004,10,6.14,6.14,0.0,0.0,18.529999999999998,,33.13545601726929,"[('Marker_2022.139515', 6.14)]",Marker_Tie_Break
11219004,10,8.92,8.92,0.0,0.0,18.529999999999998,,48.138154344306535,"[('Marker_2022.139510', 0.7), ('Marker_2022.184640', 2.08), ('Marker_2022.139515', 6.14)]",Marker_Direct_Unique
11219004,2,14.21,14.21,0.0,0.0,15.35,,92.57328990228014,"[('Marker_2022.110726', 0.46), ('Marker_2022.139512', 1.34), ('Marker_2022.103829', 1.55), ('Marker_2022.139509', 4.48), ('Marker_2022.90581', 6.38)]",Marker_Tie_Break
11219004,11,12.0,12.0,0.0,0.0,14.959999999999999,,80.21390374331551,"[('Marker_2022.139513', 12.0)]",Marker_Direct_Unique
11219004,22,6.29,6.29,0.0,0.0,11.74,,53.57751277683135,"[('Marker_2022.139514', 6.29)]",Marker_Direct_Unique
11300685,11,6.12,6.12,0.0,0.0,7.62,,80.31496062992126,"[('Marker_2022.300107', 2.93), ('Marker_2022.300680', 3.19)]",Marker_Direct_Unique
11304672,11,14.48,14.48,0.0,0.0,15.18,,95.38866930171278,"[('Marker_2022.280641', 6.8), ('Marker_2022.280640', 7.68)]",Marker_Direct_Unique
11354998,1,12.62,12.62,0.0,0.0,23.52,,53.656462585034014,"[('Marker_2022.354200', 12.62)]",Marker_Direct_Unique
11372538,1,5.0,5.07,0.07000000000000028,1.4000000000000057,8.66,,58.545034642032334,"[('Marker_2022.82888', 1.58), ('Marker_2022.80576', 3.49)]",Marker_Direct_Unique
11372538,497,2.33,2.33,0.0,0.0,2.77,,84.11552346570397,"[('Marker_2022.82889', 2.33)]",Marker_Direct_Unique
11433103,11,7.49,7.49,0.0,0.0,21.67,,34.56391324411629,"[('Marker_2022.26745', 7.49)]",Marker_Tie_Break
11433103,11,10.54,10.54,0.0,0.0,21.67,,48.63867097369635,"[('Marker_2022.26744', 3.05), ('Marker_2022.26745', 7.49)]",Marker_Direct_Unique
11433103,11,17.12,17.12,0.0,0.0,21.67,,79.0032302722658,"[('Marker_2022.26743', 1.34), ('Marker_2022.26744', 3.05), ('Marker_2022.106942', 5.24), ('Marker_2022.26745', 7.49)]",Marker_Tie_Break
11433103,1,15.02,15.02,0.0,0.0,16.79,,89.45801072066708,"[('Marker_2022.106943', 3.56), ('Marker_2022.24391', 4.96), ('Marker_2022.24392', 6.5)]",Marker_Direct_Unique
11486932,1,106.66,106.55,-0.10999999999999943,-0.10313144571535666,127.04,,83.87122166246851,"[('Marker_2022.516799', 3.57), ('Marker_2022.516798', 3.88), ('Marker_2022.460625', 7.33), ('Marker_2022.516499', 9.3), ('Marker_2022.516500', 10.84), ('Marker_2022.460624', 27.98), ('Marker_2022.411094', 43.65)]",Marker_Tie_Break
11552943,528,10.0,9.98,-0.019999999999999574,-0.19999999999999576,,10.43,95.68552253116012,"[('113-1', 0.01), ('7-2', 0.24), ('103-0', 0.39), ('105-1', 0.46), ('113-0', 0.65), ('1-0', 0.71), ('110-2', 0.77), ('7-1', 1.5), ('106-0', 1.55), ('111-0', 1.67), ('3-0', 2.03)]",GKEA_Tie_Break
11741002,1,2.0,2.0,0.0,0.0,2.9699999999999998,,67.34006734006735,"[('Marker_2022.219617', 2.0)]",Marker_Direct_Unique
11757278,499,9.93,9.790000000000001,-0.1399999999999988,-1.4098690835850836,11.63,,84.17884780739467,"[('Marker_2022.97364', 0.66), ('Marker_2022.97366', 0.81), ('Marker_2022.97362', 2.24), ('Marker_2022.97363', 2.38), ('Marker_2022.97361', 3.7)]",Marker_Direct_Unique
11807232,1,4.34,4.34,0.0,0.0,6.9399999999999995,,62.53602305475504,"[('Marker_2022.373331', 4.34)]",Marker_Direct_Unique
11811280,1,13.6,13.62,0.019999999999999574,0.14705882352940863,13.99,,97.35525375268048,"[('Marker_2022.353667', 1.84), ('Marker_2022.353668', 11.78)]",Marker_Direct_Unique
11811280,11,12.2,12.21,0.010000000000001563,0.08196721311476692,17.05,,71.61290322580646,"[('Marker_2022.353671', 0.63), ('Marker_2022.353665', 2.34), ('Marker_2022.305915', 2.95), ('Marker_2022.353670', 6.29)]",Marker_Tie_Break
11815642,1,15.37,15.360000000000001,-0.00999999999999801,-0.06506180871826943,33.36,,46.043165467625904,"[('Marker_2022.261226', 1.48), ('Marker_2022.253587', 2.49), ('Marker_2022.251883', 11.39)]",Marker_Tie_Break
11815642,1,18.97,18.96,-0.00999999999999801,-0.052714812862403856,33.36,,56.83453237410072,"[('Marker_2022.253585', 2.18), ('Marker_2022.251887', 5.39), ('Marker_2022.251883', 11.39)]",Marker_Tie_Break
11879187,1,6.06,6.06,0.0,0.0,8.59,,70.54714784633295,"[('Marker_2022.15506', 6.06)]",Marker_Direct_Unique
11879187,15,2.55,2.55,0.0,0.0,3.84,,66.40625,"[('Marker_2022.15504', 2.55)]",Marker_Direct_Unique
11908438,11,3.43,3.43,0.0,0.0,7.48,,45.855614973262036,"[('Marker_2022.1689', 3.43)]",Marker_Direct_Unique
11908438,11,6.61,6.61,0.0,0.0,7.48,,88.36898395721924,"[('Marker_2022.1688', 3.18), ('Marker_2022.1689', 3.43)]",Marker_Direct_Unique
11867510,1,13.0,13.0,0.0,0.0,14.06,,92.46088193456615,"[('Marker_2022.70684', 0.35), ('Marker_2022.70688', 0.56), ('Marker_2022.70692', 0.61), ('Marker_2022.107999', 0.65), ('Marker_2022.107998', 0.79), ('Marker_2022.108555', 0.82), ('Marker_2022.108003', 0.91), ('Marker_2022.56403', 0.95), ('Marker_2022.56987', 1.01), ('Marker_2022.70685', 1.03), ('Marker_2022.108554', 1.61), ('Marker_2022.56989', 1.79), ('Marker_2022.56986', 1.92)]",Marker_Tie_Break
11910742,2,11.34,11.34,0.0,0.0,11.59,,97.84296807592753,"[('Marker_2022.438171', 11.34)]",Marker_Direct_Unique
12059884,1,4.01,4.01,0.0,0.0,9.61,,41.72736732570239,"[('Marker_2022.21933', 4.01)]",Marker_Tie_Break
12059884,1,5.75,5.75,0.0,0.0,9.61,,59.833506763787724,"[('Marker_2022.21932', 1.74), ('Marker_2022.21933', 4.01)]",Marker_Tie_Break
12059884,1,9.39,9.39,0.0,0.0,9.61,,97.71071800208118,"[('Marker_2022.21932', 1.74), ('Marker_2022.21930', 1.75), ('Marker_2022.21931', 1.89), ('Marker_2022.21933', 4.01)]",Marker_Tie_Break
12156405,10,5.86,5.86,0.0,0.0,6.67,,87.856071964018,"[('Marker_2022.286752', 1.05), ('Marker_2022.286757', 1.29), ('Marker_2022.286753', 3.52)]",Marker_Direct_Unique
12168578,2,4.62,4.62,0.0,0.0,8.71,,53.04247990815154,"[('Marker_2022.83900', 4.62)]",Marker_Direct_Unique
12168578,11,5.82,5.81,-0.010000000000000675,-0.171821305841936,8.04,,72.2636815920398,"[('Marker_2022.115743', 5.81)]",Marker_Direct_Unique
12192231,531,0.85,0.85,0.0,0.0,1.74,,48.85057471264368,"[('Marker_2022.94006', 0.85)]",Marker_Direct_Unique
12192231,519,1.02,1.02,0.0,0.0,1.4300000000000002,,71.32867132867132,"[('Marker_2022.101425', 0.49), ('Marker_2022.101426', 0.53)]",Marker_Direct_Unique
12219148,1,3.42,3.43,0.010000000000000231,0.2923976608187202,3.56,,96.34831460674158,"[('Marker_2022.20590', 3.43)]",Marker_Direct_Unique
12219148,15,8.32,8.32,0.0,0.0,16.59,,50.15069318866787,"[('Marker_2022.83209', 8.32)]",Marker_Tie_Break
12219148,15,9.49,9.49,0.0,0.0,16.59,,57.2031344183243,"[('Marker_2022.20564', 0.35), ('Marker_2022.21101', 0.82), ('Marker_2022.83209', 8.32)]",Marker_Direct_Unique
12226993,1,39.05,39.050000000000004,7.105427357601002e-15,1.81957166647913e-14,102.88,,37.95684292379472,"[('Marker_2022.479811', 2.5), ('Marker_2022.497422', 2.98), ('Marker_2022.450451', 4.18), ('Marker_2022.440113', 6.95), ('Marker_2022.412317', 22.44)]",Marker_Tie_Break
12226993,1,63.31,63.33,0.01999999999999602,0.031590586005364116,102.88,,61.55715396578538,"[('Marker_2022.450451', 4.18), ('Marker_2022.479810', 6.06), ('Marker_2022.440114', 8.54), ('Marker_2022.450448', 22.11), ('Marker_2022.412317', 22.44)]",Marker_Tie_Break
12226993,1,99.57,99.9,0.3300000000000125,0.33142512805063024,102.88,,97.10342146189737,"[('Marker_2022.479811', 2.5), ('Marker_2022.450451', 4.18), ('Marker_2022.479810', 6.06), ('Marker_2022.440113', 6.95), ('Marker_2022.440114', 8.54), ('Marker_2022.393928', 13.17), ('Marker_2022.397212', 13.95), ('Marker_2022.450448', 22.11), ('Marker_2022.412317', 22.44)]",Marker_Tie_Break
12205597,583,32.66,32.66,0.0,0.0,60.25,,54.20746887966804,"[('Marker_2022.350978', 0.66), ('Marker_2022.404566', 0.81), ('Marker_2022.350976', 0.88), ('Marker_2022.404565', 1.03), ('Marker_2022.350974', 1.3), ('Marker_2022.295384', 1.35), ('Marker_2022.295383', 1.4), ('Marker_2022.350982', 1.7), ('Marker_2022.404562', 1.97), ('Marker_2022.295387', 2.46), ('Marker_2022.350981', 2.68), ('Marker_2022.350977', 2.75), ('Marker_2022.350975', 3.18), ('Marker_2022.350979', 3.32), ('Marker_2022.350973', 3.38), ('Marker_2022.295385', 3.79)]",Marker_Tie_Break
12226993,11,67.04,67.03,-0.010000000000005116,-0.014916467780437224,121.57,,55.13695813111787,"[('Marker_2022.479809', 1.51), ('Marker_2022.440115', 1.58), ('Marker_2022.393927', 3.8), ('Marker_2022.411770', 9.02), ('Marker_2022.412318', 10.45), ('Marker_2022.479813', 11.62), ('Marker_2022.440112', 29.05)]",Marker_Tie_Break
12232993,11,43.36,43.36,0.0,0.0,44.910000000000004,,96.5486528612781,"[('Marker_2022.269283', 0.55), ('Marker_2022.264465', 2.91), ('Marker_2022.269281', 5.63), ('Marker_2022.189372', 6.53), ('Marker_2022.189373', 7.93), ('Marker_2022.269286', 9.13), ('Marker_2022.269282', 10.68)]",Marker_Tie_Break
12233396,1,2.6,2.56,-0.040000000000000036,-1.5384615384615397,4.11,,62.28710462287105,"[('Marker_2022.283003', 0.37), ('Marker_2022.283001', 2.19)]",Marker_Direct_Unique
12238533,1,6.13,6.13,0.0,0.0,6.79,,90.279823269514,"[('Marker_2022.39238', 6.13)]",Marker_Direct_Unique
12313675,1,17.06,17.16,0.10000000000000142,0.5861664712778514,22.24,,77.15827338129498,"[('Marker_2022.206949', 4.22), ('Marker_2022.195601', 12.94)]",Marker_Direct_Unique
12313675,1,17.92,18.02,0.09999999999999787,0.5580357142857023,22.24,,81.02517985611512,"[('Marker_2022.195603', 1.91), ('Marker_2022.195602', 3.17), ('Marker_2022.195601', 12.94)]",Marker_Direct_Unique
12313675,101,6.0,6.0,0.0,0.0,11.07,,54.20054200542005,"[('Marker_2022.194992', 6.0)]",Marker_Direct_Unique
12366736,11,26.74,26.740000000000002,3.552713678800501e-15,1.3286139412118553e-14,32.77,,81.59902349710102,"[('Marker_2022.98394', 2.49), ('Marker_2022.52505', 2.7), ('Marker_2022.52502', 4.55), ('Marker_2022.52504', 6.92), ('Marker_2022.52503', 10.08)]",Marker_Tie_Break
12441940,1,14.18,14.18,0.0,0.0,17.2,,82.44186046511628,"[('Marker_2022.42498', 4.2), ('Marker_2022.41936', 4.35), ('Marker_2022.43084', 5.63)]",Marker_Direct_Unique
12509987,499,0.64,0.64,0.0,0.0,,1.0,64.0,"[('N-3', 0.19), ('N-4', 0.45)]",GKEA_Direct_Unique
12452691,1,24.67,24.71,0.03999999999999915,0.16214025131738607,30.47,,81.09616015753201,"[('Marker_2022.1074', 1.24), ('Marker_2022.483', 3.59), ('Marker_2022.1072', 3.78), ('Marker_2022.1073', 7.35), ('Marker_2022.485', 8.75)]",Marker_Direct_Unique
12526407,11,11.94,11.86,-0.08000000000000007,-0.6700167504187611,14.62,,81.1217510259918,"[('Marker_2022.72775', 11.86)]",Marker_Direct_Unique
12520808,1,11.06,11.06,0.0,0.0,16.68,,66.30695443645085,"[('Marker_2022.256830', 11.06)]",Marker_Direct_Unique
12572247,149,52.68,52.68,0.0,0.0,64.44,,81.75046554934823,"[('Marker_2022.336105', 4.41), ('Marker_2022.355450', 4.97), ('Marker_2022.456971', 10.12), ('Marker_2022.390618', 12.83), ('Marker_2022.355446', 20.35)]",Marker_Direct_Unique
12572247,101,34.0,34.0,0.0,0.0,36.06,,94.28729894620076,"[('Marker_2022.390622', 3.01), ('Marker_2022.390621', 5.73), ('Marker_2022.456972', 11.95), ('Marker_2022.450175', 13.31)]",Marker_Direct_Unique
12633505,1,15.16,15.16,0.0,0.0,35.52,,42.68018018018018,"[('Marker_2022.12563', 15.16)]",Marker_Tie_Break
12734034,1,22.45,22.45,0.0,0.0,27.240000000000002,,82.41556534508075,"[('Marker_2022.375693', 1.99), ('Marker_2022.395962', 6.16), ('Marker_2022.375690', 14.3)]",Marker_Tie_Break
12751788,160,70.26,70.25999999999999,-1.4210854715202004e-14,-2.0226095524056366e-14,131.59,,53.39311497834181,"[('Marker_2022.337996', 23.57), ('Marker_2022.337994', 46.69)]",Marker_Tie_Break
12759681,528,35.19,35.13,-0.05999999999999517,-0.1705029838022028,37.480000000000004,,93.7299893276414,"[('Marker_2022.251501', 0.92), ('Marker_2022.246413', 1.13), ('Marker_2022.251504', 1.29), ('Marker_2022.262497', 1.62), ('Marker_2022.262495', 1.86), ('Marker_2022.246412', 2.04), ('Marker_2022.262496', 2.95), ('Marker_2022.246411', 11.59), ('Marker_2022.246409', 11.73)]",Marker_Tie_Break
12833334,14,5.1,5.1000000000000005,8.881784197001252e-16,1.7415263131375006e-14,9.85,,51.7766497461929,"[('Marker_2022.361880', 0.7), ('Marker_2022.361881', 4.4)]",Marker_Direct_Unique
12873603,903,1.21,1.21,0.0,0.0,2.23,,54.26008968609865,"[('Marker_2022.450354', 1.21)]",Marker_Direct_Unique
12897634,11,2.14,2.14,0.0,0.0,3.91,,54.73145780051151,"[('Marker_2022.16204', 2.14)]",Marker_Direct_Unique
12897634,1,1.93,1.93,0.0,0.0,3.08,,62.66233766233766,"[('Marker_2022.16206', 1.93)]",Marker_Direct_Unique
12924240,11,25.51,25.15,-0.360000000000003,-1.411211289690329,,26.25,95.8095238095238,"[('8-0', 2.51), ('10-1', 3.05), ('10-3', 4.87), ('20-0', 7.24), ('10-2', 7.48)]",GKEA_Direct_Unique
12924240,216,7.84,7.970000000000001,0.13000000000000078,1.6581632653061327,11.73,,67.94543904518329,"[('Marker_2022.178', 1.55), ('Marker_2022.49398', 1.89), ('Marker_2022.104206', 4.53)]",Marker_Direct_Unique
12958706,15,28.98,28.490000000000002,-0.48999999999999844,-1.690821256038642,31.54,,90.32974001268231,"[('Marker_2022.204057', 4.41), ('Marker_2022.204059', 6.47), ('Marker_2022.204058', 7.88), ('Marker_2022.230532', 9.73)]",Marker_Direct_Unique
13004390,2,9.73,9.81,0.08000000000000007,0.8221993833504632,11.65,,84.20600858369099,"[('Marker_2022.336547', 1.31), ('Marker_2022.336545', 8.5)]",Marker_Direct_Unique
13012180,11,6.39,6.39,0.0,0.0,9.0,,71.0,"[('Marker_2022.315040', 1.55), ('Marker_2022.315042', 4.84)]",Marker_Direct_Unique
13032580,1,45.64,45.69,0.04999999999999716,0.1095530236634469,49.63,,92.06125327422929,"[('Marker_2022.311827', 4.76), ('Marker_2022.311825', 7.03), ('Marker_2022.311828', 7.7), ('Marker_2022.477175', 7.97), ('Marker_2022.477178', 8.39), ('Marker_2022.311824', 9.84)]",Marker_Tie_Break
13050198,1,7.48,7.4799999999999995,-8.881784197001252e-16,-1.187404304411932e-14,22.24,,33.63309352517986,"[('Marker_2022.332844', 1.39), ('Marker_2022.304076', 6.09)]",Marker_Tie_Break
13050198,22,9.81,9.81,0.0,0.0,10.43,,94.05560882070951,"[('Marker_2022.283259', 0.42), ('Marker_2022.283260', 0.73), ('Marker_2022.283261', 2.1), ('Marker_2022.332340', 2.85), ('Marker_2022.332341', 3.71)]",Marker_Tie_Break
13055173,252,68.16,68.15,-0.009999999999990905,-0.014671361502334074,73.65,,92.53224711473183,"[('Marker_2022.226777', 1.4), ('Marker_2022.227325', 1.81), ('Marker_2022.231903', 2.77), ('Marker_2022.231907', 3.41), ('Marker_2022.231905', 5.66), ('Marker_2022.226778', 6.1), ('Marker_2022.257953', 6.67), ('Marker_2022.257952', 7.67), ('Marker_2022.226779', 11.74), ('Marker_2022.257951', 20.92)]",Marker_Tie_Break
13087849,3,10.2,10.200000000000001,1.7763568394002505e-15,1.7415263131375006e-14,14.64,,69.67213114754098,"[('Marker_2022.238844', 1.4), ('Marker_2022.161811', 8.8)]",Marker_Direct_Unique
13141002,11,12.05,12.05,0.0,0.0,35.29,,34.14565032587135,"[('Marker_2022.160672', 12.05)]",Marker_Direct_Unique
13141002,11,23.83,23.830000000000002,3.552713678800501e-15,1.4908576075537143e-14,35.29,,67.526211391329,"[('Marker_2022.196068', 4.55), ('Marker_2022.160668', 7.23), ('Marker_2022.160672', 12.05)]",Marker_Tie_Break
13136904,216,79.22,79.22,0.0,0.0,89.13,,88.88140917760575,"[('Marker_2022.405829', 0.81), ('Marker_2022.449056', 1.96), ('Marker_2022.449059', 3.56), ('Marker_2022.410405', 3.67), ('Marker_2022.443321', 4.08), ('Marker_2022.443319', 5.42), ('Marker_2022.564344', 5.9), ('Marker_2022.359730', 8.57), ('Marker_2022.486256', 9.96), ('Marker_2022.486257', 10.12), ('Marker_2022.567252', 10.3), ('Marker_2022.405828', 14.87)]",Marker_Tie_Break
13141002,1,13.2,13.2,0.0,0.0,35.839999999999996,,36.830357142857146,"[('Marker_2022.223088', 0.42), ('Marker_2022.223087', 0.66), ('Marker_2022.196069', 12.12)]",Marker_Tie_Break
13168881,1,8.71,8.71,0.0,0.0,20.92,,41.634799235181646,"[('Marker_2022.21296', 2.48), ('Marker_2022.41598', 6.23)]",Marker_Tie_Break
13194149,450,1.55,1.55,0.0,0.0,1.75,,88.57142857142858,"[('Marker_2022.551811', 1.55)]",Marker_Direct_Unique
13242240,260,6.61,6.529999999999999,-0.08000000000000096,-1.2102874432677906,6.779999999999999,,96.3126843657817,"[('Marker_2022.307319', 0.59), ('Marker_2022.283090', 0.87), ('Marker_2022.315577', 2.06), ('Marker_2022.315575', 3.01)]",Marker_Direct_Unique
13260680,1,38.8,38.61,-0.18999999999999773,-0.48969072164947874,39.99,,96.54913728432108,"[('Marker_2022.462947', 1.77), ('Marker_2022.390222', 6.62), ('Marker_2022.390226', 13.46), ('Marker_2022.362538', 16.76)]",Marker_Tie_Break
13287597,263,5.15,5.13,-0.020000000000000462,-0.3883495145631158,10.72,,47.8544776119403,"[('Marker_2022.310896', 1.85), ('Marker_2022.350442', 3.28)]",Marker_Direct_Unique
13334099,1,111.89,111.9,0.010000000000005116,0.008937349182237122,125.54,,89.1349370718496,"[('Marker_2022.82991', 0.67), ('Marker_2022.35413', 1.32), ('Marker_2022.58628', 3.22), ('Marker_2022.35412', 4.88), ('Marker_2022.84331', 7.58), ('Marker_2022.105957', 9.33), ('Marker_2022.59308', 11.54), ('Marker_2022.34821', 17.92), ('Marker_2022.82993', 24.09), ('Marker_2022.57895', 31.35)]",Marker_Tie_Break
13345287,3,8.64,8.71,0.07000000000000028,0.8101851851851885,10.71,,81.32586367880485,"[('Marker_2022.310150', 1.09), ('Marker_2022.325169', 3.41), ('Marker_2022.310153', 4.21)]",Marker_Direct_Unique
13350884,11,112.4,112.4,0.0,0.0,122.61,,91.67278362286928,"[('Marker_2022.302309', 1.23), ('Marker_2022.302305', 2.26), ('Marker_2022.302307', 2.63), ('Marker_2022.294601', 2.75), ('Marker_2022.252981', 3.2), ('Marker_2022.325469', 3.61), ('Marker_2022.325468', 3.82), ('Marker_2022.332335', 4.69), ('Marker_2022.372176', 5.38), ('Marker_2022.332336', 5.84), ('Marker_2022.325466', 6.83), ('Marker_2022.325467', 8.07), ('Marker_2022.304075', 9.73), ('Marker_2022.279609', 10.1), ('Marker_2022.303498', 10.93), ('Marker_2022.304074', 15.05), ('Marker_2022.279608', 16.28)]",Marker_Tie_Break
13352143,1,4.49,4.49,0.0,0.0,7.67,,58.53976531942634,"[('Marker_2022.301480', 0.6), ('Marker_2022.301479', 0.67), ('Marker_2022.301482', 3.22)]",Marker_Tie_Break
13352143,1,6.4,6.4,0.0,0.0,7.67,,83.44198174706649,"[('Marker_2022.301477', 3.18), ('Marker_2022.301482', 3.22)]",Marker_Direct_Unique
13395977,151,73.57,73.59,0.020000000000010232,0.02718499388339029,83.76,,87.85816618911174,"[('Marker_2022.330619', 3.2), ('Marker_2022.295712', 4.7), ('Marker_2022.302349', 6.76), ('Marker_2022.294317', 6.87), ('Marker_2022.291187', 8.22), ('Marker_2022.290632', 8.44), ('Marker_2022.277823', 10.16), ('Marker_2022.294320', 11.14), ('Marker_2022.371087', 14.1)]",Marker_Tie_Break
13404976,11,3.64,3.64,0.0,0.0,5.800000000000001,,62.75862068965517,"[('Marker_2022.98640', 3.64)]",Marker_Direct_Unique
13436770,15,17.85,18.080000000000002,0.23000000000000043,1.2885154061624673,21.55,,83.89791183294663,"[('Marker_2022.279684', 0.85), ('Marker_2022.249147', 1.87), ('Marker_2022.254157', 5.89), ('Marker_2022.279686', 9.47)]",Marker_Direct_Unique
13439206,1,4.64,4.64,0.0,0.0,21.39,,21.69237961664329,"[('Marker_2022.566605', 4.64)]",Marker_Tie_Break
13439206,1,10.13,10.13,0.0,0.0,21.39,,47.35857877512857,"[('Marker_2022.540393', 0.15), ('Marker_2022.566603', 2.49), ('Marker_2022.540390', 2.85), ('Marker_2022.566605', 4.64)]",Marker_Tie_Break
13439206,1,18.44,18.44,0.0,0.0,21.39,,86.20850864890136,"[('Marker_2022.568714', 2.15), ('Marker_2022.566603', 2.49), ('Marker_2022.540390', 2.85), ('Marker_2022.568715', 3.0), ('Marker_2022.540389', 3.31), ('Marker_2022.566605', 4.64)]",Marker_Tie_Break
13451176,1,6.88,6.88,0.0,0.0,19.17,,35.889410537297856,"[('Marker_2022.476318', 6.88)]",Marker_Direct_Unique
13451176,1,13.29,13.29,0.0,0.0,19.17,,69.32707355242566,"[('Marker_2022.481428', 6.41), ('Marker_2022.476318', 6.88)]",Marker_Direct_Unique
13439206,11,9.98,9.98,0.0,0.0,33.2,,30.06024096385542,"[('Marker_2022.566602', 9.98)]",Marker_Tie_Break
13439206,11,10.67,10.67,0.0,0.0,33.2,,32.13855421686746,"[('Marker_2022.566604', 0.69), ('Marker_2022.566602', 9.98)]",Marker_Tie_Break
13451176,14,9.76,9.76,0.0,0.0,22.12,,44.12296564195298,"[('Marker_2022.480906', 9.76)]",Marker_Tie_Break
13451176,14,15.04,15.04,0.0,0.0,22.12,,67.99276672694393,"[('Marker_2022.481420', 2.46), ('Marker_2022.481418', 2.82), ('Marker_2022.480906', 9.76)]",Marker_Direct_Unique
13477884,1,9.0,9.0,0.0,0.0,17.85,,50.42016806722689,"[('Marker_2022.287808', 9.0)]",Marker_Tie_Break
13498792,260,32.37,32.39,0.020000000000003126,0.061785603954288316,,34.42,94.10226612434631,"[('51-9', 1.08), ('121-4', 2.3), ('13-0', 3.34), ('10-0', 6.62), ('101-2', 9.33), ('121-1', 9.72)]",GKEA_Tie_Break
13548331,1,22.0,22.0,0.0,0.0,27.01,,81.45131432802664,"[('Marker_2022.267008', 0.51), ('Marker_2022.275569', 3.26), ('Marker_2022.275570', 4.12), ('Marker_2022.239505', 5.96), ('Marker_2022.239506', 8.15)]",Marker_Tie_Break
13548684,1,13.2,13.28,0.08000000000000007,0.6060606060606066,17.98,,73.85984427141268,"[('Marker_2022.248093', 6.6), ('Marker_2022.264818', 6.68)]",Marker_Direct_Unique
13553742,22,41.63,41.17,-0.46000000000000085,-1.1049723756906098,45.24,,91.00353669319186,"[('Marker_2022.509661', 1.97), ('Marker_2022.406444', 2.74), ('Marker_2022.548590', 7.54), ('Marker_2022.385122', 11.18), ('Marker_2022.548080', 17.74)]",Marker_Direct_Unique
13577234,1,8.33,8.33,0.0,0.0,11.41,,73.00613496932516,"[('Marker_2022.287712', 1.84), ('Marker_2022.287711', 2.49), ('Marker_2022.287714', 4.0)]",Marker_Direct_Unique
13587477,1,27.58,27.619999999999997,0.03999999999999915,0.14503263234227393,29.83,,92.59135098893731,"[('Marker_2022.206660', 2.13), ('Marker_2022.236030', 3.24), ('Marker_2022.206658', 3.55), ('Marker_2022.206661', 5.1), ('Marker_2022.236031', 6.08), ('Marker_2022.236027', 7.52)]",Marker_Tie_Break
13670145,151,13.44,13.44,0.0,0.0,18.33,,73.32242225859248,"[('Marker_2022.124109', 6.43), ('Marker_2022.162679', 7.01)]",Marker_Direct_Unique
13725586,1,7.37,7.359999999999999,-0.010000000000000675,-0.13568521031208514,8.67,,84.89042675893886,"[('Marker_2022.275323', 0.69), ('Marker_2022.242949', 1.86), ('Marker_2022.275324', 4.81)]",Marker_Direct_Unique
13803838,264,3.5,3.5,0.0,0.0,4.71,,74.3099787685775,"[('Marker_2022.57973', 1.25), ('Marker_2022.57972', 2.25)]",Marker_Tie_Break
13928185,216,69.78,70.21,0.4299999999999926,0.6162224132989289,,72.01,97.5003471740036,"[('336-1', 5.3), ('331-0', 5.67), ('331-1', 6.86), ('309-0', 12.52), ('338-0', 15.84), ('336-0', 24.02)]",GKEA_Direct_Unique
14008640,3,2.99,2.99,0.0,0.0,3.76,,79.5212765957447,"[('Marker_2022.363330', 1.22), ('Marker_2022.411542', 1.77)]",Marker_Direct_Unique
14020896,1,9.9,9.9,0.0,0.0,13.39,,73.93577296489919,"[('Marker_2022.419951', 0.33), ('Marker_2022.419952', 9.57)]",Marker_Direct_Unique
14022791,11,16.71,16.69,-0.019999999999999574,-0.11968880909634692,27.29,,61.15793330890437,"[('Marker_2022.186607', 1.3), ('Marker_2022.216478', 1.85), ('Marker_2022.186605', 3.15), ('Marker_2022.216566', 10.39)]",Marker_Tie_Break
14022791,11,25.87,25.87,0.0,0.0,27.29,,94.7966288017589,"[('Marker_2022.186608', 1.15), ('Marker_2022.186607', 1.3), ('Marker_2022.186606', 1.45), ('Marker_2022.216478', 1.85), ('Marker_2022.216565', 2.79), ('Marker_2022.186605', 3.15), ('Marker_2022.186610', 3.79), ('Marker_2022.216566', 10.39)]",Marker_Tie_Break
14070702,1,12.26,12.19,-0.07000000000000028,-0.5709624796084851,19.54,,62.384851586489255,"[('Marker_2022.218146', 0.26), ('Marker_2022.218145', 4.35), ('Marker_2022.113073', 7.58)]",Marker_Direct_Unique
14098534,1,4.51,4.51,0.0,0.0,7.609999999999999,,59.264126149802884,"[('Marker_2022.62540', 4.51)]",Marker_Direct_Unique
14098534,11,5.38,5.37,-0.009999999999999787,-0.18587360594795144,8.45,,63.55029585798817,"[('Marker_2022.62538', 2.0), ('Marker_2022.62536', 3.37)]",Marker_Direct_Unique
14110593,15,9.81,9.81,0.0,0.0,19.94,,49.197592778335,"[('Marker_2022.151563', 9.81)]",Marker_Direct_Unique
14257640,11,16.07,16.16,0.08999999999999986,0.5600497822028616,19.36,,83.47107438016529,"[('Marker_2022.445796', 1.28), ('Marker_2022.445798', 3.43), ('Marker_2022.525086', 3.6), ('Marker_2022.449550', 7.85)]",Marker_Tie_Break
14315799,1,4.38,4.38,0.0,0.0,8.28,,52.89855072463768,"[('Marker_2022.381790', 4.38)]",Marker_Direct_Unique
14354174,499,2.06,2.07,0.009999999999999787,0.4854368932038731,,2.39,86.61087866108785,"[('2-3', 0.05), ('2-4', 0.05), ('1-3', 0.12), ('1-4', 0.19), ('1-2', 0.41), ('1-1', 0.55), ('2-1', 0.7)]",GKEA_Tie_Break
14336400,583,4.65,4.65,0.0,0.0,6.24,,74.51923076923077,"[('Marker_2022.456693', 4.65)]",Marker_Direct_Unique
14366075,1,13.52,13.52,0.0,0.0,18.03,,74.9861342207432,"[('Marker_2022.248197', 3.45), ('Marker_2022.248195', 10.07)]",Marker_Direct_Unique
14366075,22,10.82,10.82,0.0,0.0,15.58,,69.44801026957637,"[('Marker_2022.238792', 2.94), ('Marker_2022.238793', 3.25), ('Marker_2022.248199', 4.63)]",Marker_Tie_Break
14381872,216,23.0,23.33,0.3299999999999983,1.4347826086956448,28.36,,82.26375176304654,"[('Marker_2022.394561', 6.26), ('Marker_2022.298131', 17.07)]",Marker_Direct_Unique
14476296,15,3.0,3.0,0.0,0.0,5.43,,55.24861878453039,"[('Marker_2022.411789', 3.0)]",Marker_Direct_Unique
14476296,11,4.17,4.17,0.0,0.0,6.32,,65.98101265822784,"[('Marker_2022.412120', 1.1), ('Marker_2022.340973', 3.07)]",Marker_Direct_Unique
14476296,11,5.63,5.63,0.0,0.0,6.32,,89.08227848101265,"[('Marker_2022.412120', 1.1), ('Marker_2022.412337', 1.46), ('Marker_2022.340973', 3.07)]",Marker_Direct_Unique
14488006,149,39.03,38.78,-0.25,-0.6405329233922624,64.5,,60.124031007751945,"[('Marker_2022.354213', 7.71), ('Marker_2022.470270', 31.07)]",Marker_Direct_Unique
14514503,216,19.25,19.27,0.019999999999999574,0.10389610389610168,20.86,,92.3777564717162,"[('Marker_2022.340636', 1.06), ('Marker_2022.340635', 1.12), ('Marker_2022.549959', 1.37), ('Marker_2022.407365', 4.02), ('Marker_2022.352196', 5.54), ('Marker_2022.354771', 6.16)]",Marker_Tie_Break
14577734,583,15.5,15.52,0.019999999999999574,0.12903225806451338,,18.419999999999998,84.25624321389795,"[('8', 0.42), ('5', 0.99), ('4', 1.05), ('2', 1.1), ('11', 1.72), ('9', 1.84), ('3', 2.57), ('1', 2.57), ('6', 3.26)]",GKEA_Tie_Break
14704043,420,3.0,3.0,0.0,0.0,5.15,,58.252427184466015,"[('Marker_2022.346501', 0.19), ('Marker_2022.346502', 0.19), ('Marker_2022.345984', 0.36), ('Marker_2022.346500', 0.36), ('Marker_2022.298497', 0.84), ('Marker_2022.298496', 1.06)]",Marker_Tie_Break
14670602,1,13.43,13.46,0.030000000000001137,0.2233804914370896,18.97,,70.9541381128097,"[('Marker_2022.197282', 1.61), ('Marker_2022.213771', 2.18), ('Marker_2022.197285', 4.03), ('Marker_2022.213767', 5.64)]",Marker_Tie_Break
14714278,11,12.14,12.139999999999999,-1.7763568394002505e-15,-1.4632263915982293e-14,16.99,,71.45379635079459,"[('Marker_2022.142118', 2.27), ('Marker_2022.179507', 9.87)]",Marker_Direct_Unique
14842209,583,18.61,18.61,0.0,0.0,,23.08,80.63258232235702,"[('7-0', 0.34), ('9-0', 0.87), ('6-0', 1.42), ('4-0', 1.7), ('12-0', 2.76), ('5-0', 2.93), ('3-0', 3.12), ('1-0', 5.47)]",GKEA_Tie_Break
14869484,11,5.9,5.9,0.0,0.0,9.530000000000001,,61.909758656873024,"[('Marker_2022.284318', 5.9)]",Marker_Direct_Unique
14907009,583,6.96,6.96,0.0,0.0,11.36,,61.26760563380282,"[('Marker_2022.289905', 2.21), ('Marker_2022.309679', 4.75)]",Marker_Direct_Unique
14939539,1,17.33,17.31,-0.019999999999999574,-0.11540680900172864,27.979999999999997,,61.86561829878485,"[('Marker_2022.458891', 8.62), ('Marker_2022.505323', 8.69)]",Marker_Direct_Unique
14946144,1,6.79,6.79,0.0,0.0,16.71,,40.63435068821065,"[('Marker_2022.247285', 6.79)]",Marker_Direct_Unique
15080493,13,81.19,81.18,-0.009999999999990905,-0.012316787781735318,89.16,,91.04979811574698,"[('Marker_2022.129052', 1.65), ('Marker_2022.129051', 3.32), ('Marker_2022.150786', 8.31), ('Marker_2022.152858', 8.31), ('Marker_2022.150783', 18.38), ('Marker_2022.176998', 41.21)]",Marker_Tie_Break
15156384,583,8.42,8.27,-0.15000000000000036,-1.7814726840855148,13.03,,63.4689178818112,"[('Marker_2022.309377', 0.77), ('Marker_2022.309376', 1.66), ('Marker_2022.232022', 1.8), ('Marker_2022.309375', 4.04)]",Marker_Tie_Break
15156384,583,11.02,11.23,0.21000000000000085,1.9056261343012784,13.03,,86.18572524942442,"[('Marker_2022.309377', 0.77), ('Marker_2022.232595', 1.65), ('Marker_2022.309376', 1.66), ('Marker_2022.232596', 3.11), ('Marker_2022.309375', 4.04)]",Marker_Direct_Unique
15231831,1,12.0,12.0,0.0,0.0,41.28,,29.069767441860467,"[('Marker_2022.388471', 2.78), ('Marker_2022.388472', 9.22)]",Marker_Tie_Break
15231831,1,30.12,30.11,-0.010000000000001563,-0.033200531208504525,41.28,,72.94089147286822,"[('Marker_2022.430316', 5.31), ('Marker_2022.445628', 6.66), ('Marker_2022.445625', 8.92), ('Marker_2022.388472', 9.22)]",Marker_Tie_Break
15231831,1,39.29,39.28,-0.00999999999999801,-0.025451768897933345,41.28,,95.15503875968993,"[('Marker_2022.492797', 2.39), ('Marker_2022.388471', 2.78), ('Marker_2022.445623', 4.0), ('Marker_2022.430316', 5.31), ('Marker_2022.445628', 6.66), ('Marker_2022.445625', 8.92), ('Marker_2022.388472', 9.22)]",Marker_Tie_Break
15231831,15,3.08,3.08,0.0,0.0,7.02,,43.87464387464387,"[('Marker_2022.430314', 3.08)]",Marker_Direct_Unique
15231831,15,4.95,4.95,0.0,0.0,7.02,,70.51282051282051,"[('Marker_2022.430312', 1.87), ('Marker_2022.430314', 3.08)]",Marker_Direct_Unique
15231831,22,5.25,5.25,0.0,0.0,8.48,,61.910377358490564,"[('Marker_2022.445627', 5.25)]",Marker_Direct_Unique
15258306,1,4.43,4.43,0.0,0.0,7.17,,61.785216178521615,"[('Marker_2022.281107', 1.26), ('Marker_2022.281108', 3.17)]",Marker_Direct_Unique
15262273,499,2.93,2.92,-0.010000000000000231,-0.3412969283276529,,3.35,87.16417910447761,"[('H3-4L', 0.33), ('H6-Å', 0.44), ('H7-15L', 2.15)]",GKEA_Tie_Break
15260270,152,30.3,30.29,-0.010000000000001563,-0.033003300330038156,39.65,,76.39344262295083,"[('Marker_2022.353330', 1.75), ('Marker_2022.482753', 2.76), ('Marker_2022.353329', 3.04), ('Marker_2022.331445', 3.16), ('Marker_2022.313505', 5.44), ('Marker_2022.314033', 6.64), ('Marker_2022.482752', 7.5)]",Marker_Tie_Break
15265205,11,7.12,7.12,0.0,0.0,7.5,,94.93333333333334,"[('Marker_2022.83871', 2.29), ('Marker_2022.83872', 4.83)]",Marker_Direct_Unique
15316047,11,61.22,61.22,0.0,0.0,67.26,,91.01992268807612,"[('Marker_2022.371948', 9.9), ('Marker_2022.449389', 16.9), ('Marker_2022.424517', 17.21), ('Marker_2022.426595', 17.21)]",Marker_Direct_Unique
15456140,1,1.36,1.38,0.019999999999999796,1.4705882352941024,1.8299999999999998,,75.40983606557377,"[('Marker_2022.274168', 1.38)]",Marker_Direct_Unique
15477245,11,34.22,34.22,0.0,0.0,39.82,,85.93671521848317,"[('Marker_2022.296473', 2.94), ('Marker_2022.332579', 3.02), ('Marker_2022.297906', 3.68), ('Marker_2022.255777', 3.81), ('Marker_2022.287210', 4.44), ('Marker_2022.255198', 4.89), ('Marker_2022.286654', 11.44)]",Marker_Tie_Break
15477245,11,38.27,38.54,0.269999999999996,0.7055134570159289,39.82,,96.78553490708185,"[('Marker_2022.287212', 1.99), ('Marker_2022.251675', 2.33), ('Marker_2022.296473', 2.94), ('Marker_2022.332579', 3.02), ('Marker_2022.297906', 3.68), ('Marker_2022.255777', 3.81), ('Marker_2022.287210', 4.44), ('Marker_2022.255198', 4.89), ('Marker_2022.286654', 11.44)]",Marker_Tie_Break
15477245,11,38.61,38.54,-0.07000000000000028,-0.18130018130018205,39.82,,96.78553490708185,"[('Marker_2022.287212', 1.99), ('Marker_2022.251675', 2.33), ('Marker_2022.296473', 2.94), ('Marker_2022.332579', 3.02), ('Marker_2022.297906', 3.68), ('Marker_2022.255777', 3.81), ('Marker_2022.287210', 4.44), ('Marker_2022.255198', 4.89), ('Marker_2022.286654', 11.44)]",Marker_Direct_Unique
15534249,216,59.28,59.29,0.00999999999999801,0.016869095816460882,63.99,,92.65510235974371,"[('Marker_2022.367418', 0.88), ('Marker_2022.367419', 1.75), ('Marker_2022.367420', 1.86), ('Marker_2022.383788', 2.26), ('Marker_2022.312255', 2.93), ('Marker_2022.430265', 3.13), ('Marker_2022.383789', 3.15), ('Marker_2022.441109', 4.68), ('Marker_2022.383786', 4.99), ('Marker_2022.426593', 6.48), ('Marker_2022.384328', 6.93), ('Marker_2022.430272', 8.1), ('Marker_2022.440600', 12.15)]",Marker_Tie_Break
15546581,1,39.3,39.3,0.0,0.0,41.46,,94.79015918958031,"[('Marker_2022.28103', 0.89), ('Marker_2022.28524', 2.69), ('Marker_2022.28525', 3.95), ('Marker_2022.28521', 31.77)]",Marker_Tie_Break
15543779,1,12.68,12.67,-0.009999999999999787,-0.07886435331230116,16.11,,78.64680322780882,"[('Marker_2022.31390', 3.17), ('Marker_2022.31391', 4.46), ('Marker_2022.31389', 5.04)]",Marker_Direct_Unique
15619309,583,6.5,6.46,-0.040000000000000036,-0.6153846153846159,7.39,,87.41542625169147,"[('Marker_2022.132165', 6.46)]",Marker_Direct_Unique
15619503,1,5.47,5.51,0.040000000000000036,0.7312614259597813,8.26,,66.70702179176754,"[('Marker_2022.473963', 0.59), ('Marker_2022.473962', 1.56), ('Marker_2022.520986', 3.36)]",Marker_Direct_Unique
15619503,1,7.72,7.67,-0.04999999999999982,-0.6476683937823812,8.26,,92.85714285714286,"[('Marker_2022.473962', 1.56), ('Marker_2022.520985', 2.75), ('Marker_2022.520986', 3.36)]",Marker_Direct_Unique
15662808,1,108.74,108.69,-0.04999999999999716,-0.045981239654218464,120.78999999999999,,89.98261445483898,"[('Marker_2022.42133', 1.38), ('Marker_2022.42132', 1.63), ('Marker_2022.67500', 4.13), ('Marker_2022.66957', 18.54), ('Marker_2022.43438', 39.35), ('Marker_2022.137533', 43.66)]",Marker_Tie_Break
15699973,11,9.9,9.9,0.0,0.0,12.47,,79.39053728949479,"[('Marker_2022.59098', 4.61), ('Marker_2022.59097', 5.29)]",Marker_Direct_Unique
15757140,1,10.17,10.17,0.0,0.0,10.76,,94.51672862453532,"[('Marker_2022.193124', 1.91), ('Marker_2022.204545', 8.26)]",Marker_Direct_Unique
15824832,1,5.25,5.25,0.0,0.0,15.14,,34.67635402906208,"[('Marker_2022.145279', 5.25)]",Marker_Direct_Unique
15824832,1,10.05,10.05,0.0,0.0,15.14,,66.38044914134743,"[('Marker_2022.71249', 1.89), ('Marker_2022.145274', 2.91), ('Marker_2022.145279', 5.25)]",Marker_Tie_Break
15824832,1,13.6,13.6,0.0,0.0,15.14,,89.82826948480846,"[('Marker_2022.71248', 1.5), ('Marker_2022.71249', 1.89), ('Marker_2022.71250', 2.05), ('Marker_2022.145274', 2.91), ('Marker_2022.145279', 5.25)]",Marker_Tie_Break
15790075,216,45.55,45.58,0.030000000000001137,0.06586169045005738,,48.69,93.61265146847401,"[('161-0', 2.7), ('168-0', 3.95), ('173-0', 8.0), ('171-0', 8.02), ('174-0', 8.3), ('162-0', 14.61)]",GKEA_Tie_Break
15804106,1,100.78,98.95,-1.8299999999999983,-1.8158364754911671,103.99,,95.15338013270508,"[('Marker_2022.471126', 7.97), ('Marker_2022.451606', 8.12), ('Marker_2022.321370', 8.26), ('Marker_2022.440725', 12.4), ('Marker_2022.321369', 15.51), ('Marker_2022.451607', 21.95), ('Marker_2022.471125', 24.74)]",Marker_Direct_Unique
15839252,22,77.03,77.03,0.0,0.0,80.54,,95.64191705984604,"[('Marker_2022.108527', 2.5), ('Marker_2022.108530', 5.74), ('Marker_2022.196334', 5.77), ('Marker_2022.108528', 13.65), ('Marker_2022.196333', 17.02), ('Marker_2022.108529', 32.35)]",Marker_Tie_Break
15827386,1,7.5,7.55,0.04999999999999982,0.6666666666666643,15.97,,47.276142767689414,"[('Marker_2022.322032', 7.55)]",Marker_Direct_Unique
15852488,1,37.27,37.27,0.0,0.0,,39.88,93.45536609829489,"[('54-0', 1.18), ('55-0', 1.57), ('51-0', 6.44), ('52-0', 6.92), ('53-0', 6.92), ('50-0', 14.24)]",GKEA_Tie_Break
15875305,15,13.85,13.91,0.0600000000000005,0.43321299638989536,15.85,,87.7602523659306,"[('Marker_2022.122002', 6.36), ('Marker_2022.128458', 7.55)]",Marker_Direct_Unique
15887990,11,39.93,39.94,0.00999999999999801,0.025043826696714275,41.5,,96.24096385542168,"[('Marker_2022.336055', 2.61), ('Marker_2022.314323', 2.64), ('Marker_2022.308682', 5.23), ('Marker_2022.302396', 8.23), ('Marker_2022.276422', 10.39), ('Marker_2022.314326', 10.84)]",Marker_Direct_Unique
15917296,1,48.3,48.51,0.21000000000000085,0.434782608695654,65.2,,74.40184049079754,"[('Marker_2022.374247', 0.96), ('Marker_2022.297606', 1.31), ('Marker_2022.297608', 1.53), ('Marker_2022.299543', 17.76), ('Marker_2022.299542', 26.95)]",Marker_Tie_Break
16086770,30,10.5,10.309999999999999,-0.19000000000000128,-1.8095238095238215,11.76,,87.67006802721087,"[('Marker_2022.76263', 0.81), ('Marker_2022.76260', 1.77), ('Marker_2022.75656', 3.59), ('Marker_2022.76261', 4.14)]",Marker_Direct_Unique
16049387,709,6.57,6.57,0.0,0.0,12.08,,54.38741721854304,"[('Marker_2022.78231', 1.78), ('Marker_2022.75942', 2.15), ('Marker_2022.75943', 2.64)]",Marker_Tie_Break
16117536,1,8.44,8.44,0.0,0.0,12.4,,68.06451612903224,"[('Marker_2022.103843', 4.18), ('Marker_2022.103844', 4.26)]",Marker_Direct_Unique
16117536,1,11.39,11.39,0.0,0.0,12.4,,91.85483870967742,"[('Marker_2022.103842', 2.95), ('Marker_2022.103843', 4.18), ('Marker_2022.103844', 4.26)]",Marker_Direct_Unique
16058300,15,5.0,4.96,-0.040000000000000036,-0.8000000000000007,8.67,,57.208765859284895,"[('Marker_2022.301031', 1.62), ('Marker_2022.268460', 1.67), ('Marker_2022.301030', 1.67)]",Marker_Direct_Unique
16122904,528,7.1,6.96,-0.13999999999999968,-1.9718309859154886,7.74,,89.92248062015503,"[('Marker_2022.262556', 1.53), ('Marker_2022.256087', 1.7), ('Marker_2022.256086', 1.84), ('Marker_2022.262557', 1.89)]",Marker_Direct_Unique
16131830,11,5.66,5.66,0.0,0.0,7.9399999999999995,,71.2846347607053,"[('Marker_2022.199918', 2.3), ('Marker_2022.226413', 3.36)]",Marker_Tie_Break
16159271,1,22.61,22.54,-0.07000000000000028,-0.30959752321981554,24.47,,92.11279117286473,"[('Marker_2022.75961', 0.41), ('Marker_2022.28912', 0.52), ('Marker_2022.75964', 2.68), ('Marker_2022.102961', 4.57), ('Marker_2022.75960', 6.97), ('Marker_2022.79081', 7.39)]",Marker_Tie_Break
16159271,1,24.98,25.08,0.09999999999999787,0.4003202562049554,,30.62,81.90725016329196,"[('6-0', 4.57), ('24-0', 6.15), ('40-0', 6.97), ('9-1', 7.39)]",GKEA_Tie_Break
16159271,1,25.43,25.44,0.010000000000001563,0.03932363350374189,,30.62,83.08295231874592,"[('13-0', 0.36), ('6-0', 4.57), ('24-0', 6.15), ('40-0', 6.97), ('9-1', 7.39)]",GKEA_Tie_Break
16159271,22,17.9,17.9,0.0,0.0,26.880000000000003,,66.5922619047619,"[('Marker_2022.102962', 7.48), ('Marker_2022.102960', 10.42)]",Marker_Direct_Unique
16159271,22,19.4,19.4,0.0,0.0,26.880000000000003,,72.17261904761904,"[('Marker_2022.76279', 8.98), ('Marker_2022.102960', 10.42)]",Marker_Direct_Unique
16159271,11,20.14,20.14,0.0,0.0,63.339999999999996,,31.796652983896433,"[('Marker_2022.53414', 0.67), ('Marker_2022.53413', 19.47)]",Marker_Tie_Break
16253243,3,39.73,39.85,0.12000000000000455,0.3020387616410887,46.25,,86.16216216216218,"[('Marker_2022.196878', 1.18), ('Marker_2022.148999', 38.67)]",Marker_Tie_Break
16260398,583,17.58,17.58,0.0,0.0,29.44,,59.71467391304347,"[('Marker_2022.549340', 0.24), ('Marker_2022.545810', 0.83), ('Marker_2022.545809', 1.01), ('Marker_2022.545811', 1.26), ('Marker_2022.556628', 1.83), ('Marker_2022.549343', 3.82), ('Marker_2022.549344', 4.18), ('Marker_2022.556631', 4.41)]",Marker_Tie_Break
16260398,583,28.67,28.73,0.05999999999999872,0.20927799093128258,29.44,,97.5883152173913,"[('Marker_2022.549340', 0.24), ('Marker_2022.545810', 0.83), ('Marker_2022.545809', 1.01), ('Marker_2022.545811', 1.26), ('Marker_2022.549346', 1.82), ('Marker_2022.556628', 1.83), ('Marker_2022.549345', 1.97), ('Marker_2022.556629', 3.49), ('Marker_2022.549343', 3.82), ('Marker_2022.549342', 3.87), ('Marker_2022.549344', 4.18), ('Marker_2022.556631', 4.41)]",Marker_Tie_Break
16315702,113,99.61,99.49,-0.12000000000000455,-0.12046983234615455,112.82,,88.18471902145009,"[('Marker_2022.453711', 7.77), ('Marker_2022.454238', 10.61), ('Marker_2022.439466', 14.97), ('Marker_2022.528571', 17.35), ('Marker_2022.554843', 22.2), ('Marker_2022.415225', 26.59)]",Marker_Tie_Break
16315702,160,200.92,201.41,0.4900000000000091,0.2438781604618799,212.4,,94.82580037664783,"[('Marker_2022.445140', 1.99), ('Marker_2022.519448', 3.58), ('Marker_2022.406062', 4.15), ('Marker_2022.574218', 12.31), ('Marker_2022.416067', 12.55), ('Marker_2022.571971', 13.9), ('Marker_2022.574216', 13.94), ('Marker_2022.453713', 16.91), ('Marker_2022.574219', 17.98), ('Marker_2022.571970', 18.3), ('Marker_2022.519447', 19.32), ('Marker_2022.517271', 19.8), ('Marker_2022.454240', 21.07), ('Marker_2022.406061', 25.61)]",Marker_Tie_Break
16345148,1,5.0,5.04,0.040000000000000036,0.8000000000000007,12.08,,41.72185430463576,"[('Marker_2022.82172', 5.04)]",Marker_Tie_Break
16381144,1,9.46,9.44,-0.02000000000000135,-0.21141649048627217,11.04,,85.5072463768116,"[('Marker_2022.475516', 0.21), ('Marker_2022.486746', 0.72), ('Marker_2022.475515', 0.76), ('Marker_2022.492810', 7.75)]",Marker_Tie_Break
16381144,10,4.02,4.02,0.0,0.0,6.02,,66.77740863787375,"[('Marker_2022.486750', 4.02)]",Marker_Direct_Unique
16447579,3,2.33,2.33,0.0,0.0,4.6,,50.652173913043484,"[('Marker_2022.4853', 2.33)]",Marker_Direct_Unique
16447579,1,11.59,11.59,0.0,0.0,18.3,,63.33333333333333,"[('Marker_2022.147161', 5.64), ('Marker_2022.147160', 5.95)]",Marker_Direct_Unique
16447579,1,16.5,16.5,0.0,0.0,18.3,,90.1639344262295,"[('Marker_2022.147162', 4.91), ('Marker_2022.147161', 5.64), ('Marker_2022.147160', 5.95)]",Marker_Direct_Unique
16447579,1,16.53,16.5,-0.030000000000001137,-0.18148820326679452,18.3,,90.1639344262295,"[('Marker_2022.147162', 4.91), ('Marker_2022.147161', 5.64), ('Marker_2022.147160', 5.95)]",Marker_Direct_Unique
16488399,11,80.0,80.43,0.4300000000000068,0.5375000000000085,96.92,,82.98596780850185,"[('Marker_2022.279565', 2.97), ('Marker_2022.259626', 4.44), ('Marker_2022.269188', 7.26), ('Marker_2022.278995', 8.39), ('Marker_2022.249002', 14.83), ('Marker_2022.259625', 17.66), ('Marker_2022.269187', 24.88)]",Marker_Tie_Break
16534390,1,111.85,111.87,0.020000000000010232,0.017881090746544686,,115.18,97.1262371939573,"[('39-0', 7.01), ('3-0', 7.58), ('85-0', 7.7), ('64-0', 9.48), ('107-0', 11.6), ('7-0', 12.05), ('108-0', 12.31), ('4-0', 14.93), ('8-0', 29.21)]",GKEA_Direct_Unique
16536601,1,13.1,13.15,0.05000000000000071,0.38167938931298256,18.11,,72.61181667586969,"[('Marker_2022.180868', 13.15)]",Marker_Direct_Unique
16556904,1,7.74,7.739999999999999,-8.881784197001252e-16,-1.1475173381138568e-14,10.85,,71.33640552995392,"[('Marker_2022.33189', 0.57), ('Marker_2022.33190', 2.03), ('Marker_2022.32663', 5.14)]",Marker_Tie_Break
16556904,1,8.79,8.79,0.0,0.0,10.85,,81.01382488479261,"[('Marker_2022.33188', 1.62), ('Marker_2022.33190', 2.03), ('Marker_2022.32663', 5.14)]",Marker_Tie_Break
16679194,1,198.82,198.84,0.020000000000010232,0.010059350165984424,208.91,,95.17974247283519,"[('Marker_2022.337453', 0.57), ('Marker_2022.347846', 0.84), ('Marker_2022.307823', 3.31), ('Marker_2022.347847', 3.34), ('Marker_2022.363036', 3.93), ('Marker_2022.337458', 4.45), ('Marker_2022.477453', 8.05), ('Marker_2022.307822', 8.3), ('Marker_2022.347848', 9.37), ('Marker_2022.477455', 9.68), ('Marker_2022.321348', 10.66), ('Marker_2022.392956', 12.85), ('Marker_2022.392957', 13.12), ('Marker_2022.307824', 18.9), ('Marker_2022.477456', 19.59), ('Marker_2022.392955', 20.0), ('Marker_2022.321346', 22.34), ('Marker_2022.321347', 29.54)]",Marker_Tie_Break
16683698,216,5.0,5.08,0.08000000000000007,1.6000000000000014,9.889999999999999,,51.36501516683519,"[('Marker_2022.572986', 0.56), ('Marker_2022.512468', 4.52)]",Marker_Direct_Unique
16759988,1,13.11,13.05,-0.05999999999999872,-0.4576659038901505,,13.87,94.08795962509014,"[('6-1', 0.56), ('9-0', 1.51), ('6-0', 1.6), ('2-0', 2.38), ('3-0', 2.62), ('1-0', 4.38)]",GKEA_Tie_Break
16916501,1,33.7,33.36,-0.3400000000000034,-1.0089020771513453,39.7,,84.03022670025189,"[('Marker_2022.127513', 9.95), ('Marker_2022.127514', 11.52), ('Marker_2022.127515', 11.89)]",Marker_Direct_Unique
16916986,1,37.18,37.449999999999996,0.269999999999996,0.7261968800430232,43.18,,86.7299675775822,"[('Marker_2022.104077', 0.73), ('Marker_2022.105216', 2.86), ('Marker_2022.105774', 4.03), ('Marker_2022.105218', 8.34), ('Marker_2022.104076', 8.95), ('Marker_2022.105214', 12.54)]",Marker_Tie_Break
16927007,11,7.4,7.4,0.0,0.0,7.800000000000001,,94.87179487179486,"[('Marker_2022.545732', 7.4)]",Marker_Direct_Unique
16927007,1,34.19,34.34,0.15000000000000568,0.43872477332555043,35.33,,97.19784885366546,"[('Marker_2022.555411', 0.47), ('Marker_2022.498027', 1.4), ('Marker_2022.555410', 4.11), ('Marker_2022.498028', 5.23), ('Marker_2022.480726', 5.64), ('Marker_2022.480727', 7.74), ('Marker_2022.430698', 9.75)]",Marker_Tie_Break
16927007,216,19.2,19.240000000000002,0.0400000000000027,0.20833333333334741,,20.64,93.2170542635659,"[('8-1', 2.84), ('20-0', 4.57), ('115-2', 5.84), ('15-1', 5.99)]",GKEA_Direct_Unique
17027476,1,2.56,2.56,0.0,0.0,3.1100000000000003,,82.31511254019291,"[('Marker_2022.352013', 2.56)]",Marker_Direct_Unique
17049348,1,15.96,15.969999999999999,0.00999999999999801,0.06265664160399756,30.23,,52.82831624214356,"[('Marker_2022.198662', 7.13), ('Marker_2022.198663', 8.84)]",Marker_Tie_Break
17066587,11,14.03,14.03,0.0,0.0,24.45,,57.38241308793456,"[('Marker_2022.387730', 14.03)]",Marker_Direct_Unique
17069594,1,5.96,5.970000000000001,0.010000000000000675,0.1677852348993402,14.25,,41.89473684210527,"[('Marker_2022.426314', 2.52), ('Marker_2022.426315', 3.45)]",Marker_Tie_Break
17069594,1,9.28,9.28,0.0,0.0,14.25,,65.12280701754386,"[('Marker_2022.426318', 1.4), ('Marker_2022.426319', 1.91), ('Marker_2022.426314', 2.52), ('Marker_2022.426315', 3.45)]",Marker_Tie_Break
17069594,1,9.81,9.81,0.0,0.0,14.25,,68.84210526315789,"[('Marker_2022.403652', 0.16), ('Marker_2022.403653', 0.16), ('Marker_2022.426318', 1.4), ('Marker_2022.426319', 1.91), ('Marker_2022.403651', 2.73), ('Marker_2022.426315', 3.45)]",Marker_Tie_Break
17069594,1,12.33,12.33,0.0,0.0,14.25,,86.52631578947368,"[('Marker_2022.403652', 0.16), ('Marker_2022.403653', 0.16), ('Marker_2022.426318', 1.4), ('Marker_2022.426319', 1.91), ('Marker_2022.426314', 2.52), ('Marker_2022.403651', 2.73), ('Marker_2022.426315', 3.45)]",Marker_Tie_Break
17066706,11,17.36,17.36,0.0,0.0,32.74,,53.02382406841784,"[('Marker_2022.189043', 17.36)]",Marker_Direct_Unique
17081489,1,6.62,6.62,0.0,0.0,11.16,,59.318996415770606,"[('Marker_2022.468390', 6.62)]",Marker_Direct_Unique
17069594,11,14.13,14.05,-0.08000000000000007,-0.56617126680821,18.64,,75.3755364806867,"[('Marker_2022.426317', 4.38), ('Marker_2022.387655', 9.67)]",Marker_Tie_Break
17109537,22,21.9,21.9,0.0,0.0,,23.21,94.35588108573889,"[('11-1', 1.9), ('11-0', 5.91), ('16-1', 14.09)]",GKEA_Direct_Unique
17128787,519,10.0,10.0,0.0,0.0,19.97,,50.07511266900351,"[('Marker_2022.183607', 1.17), ('Marker_2022.137895', 1.36), ('Marker_2022.137896', 1.51), ('Marker_2022.137894', 2.87), ('Marker_2022.183605', 3.09)]",Marker_Tie_Break
17128787,519,19.0,18.8,-0.1999999999999993,-1.0526315789473648,19.97,,94.1412118177266,"[('Marker_2022.137895', 1.36), ('Marker_2022.137896', 1.51), ('Marker_2022.183606', 1.76), ('Marker_2022.183609', 2.4), ('Marker_2022.183608', 2.8), ('Marker_2022.137894', 2.87), ('Marker_2022.183610', 3.01), ('Marker_2022.183605', 3.09)]",Marker_Direct_Unique
17118331,11,17.71,17.58,-0.13000000000000256,-0.7340485601355311,31.009999999999998,,56.69138987423412,"[('Marker_2022.402572', 17.58)]",Marker_Direct_Unique
17319205,583,1.99,1.99,0.0,0.0,6.73,,29.569093610698367,"[('Marker_2022.230353', 1.99)]",Marker_Tie_Break
17319205,21,4.16,4.16,0.0,0.0,5.93,,70.15177065767286,"[('Marker_2022.230354', 4.16)]",Marker_Direct_Unique
17347004,1,6.44,6.4399999999999995,-8.881784197001252e-16,-1.3791590368014366e-14,27.63,,23.307998552298226,"[('Marker_2022.267218', 0.84), ('Marker_2022.378139', 5.6)]",Marker_Tie_Break
17347004,1,13.45,13.45,0.0,0.0,27.63,,48.67897213174086,"[('Marker_2022.272325', 3.87), ('Marker_2022.270293', 3.98), ('Marker_2022.378139', 5.6)]",Marker_Tie_Break
17388797,1,10.77,10.77,0.0,0.0,15.2,,70.85526315789473,"[('Marker_2022.277805', 1.49), ('Marker_2022.285898', 2.15), ('Marker_2022.277806', 2.68), ('Marker_2022.285899', 4.45)]",Marker_Tie_Break
17365886,1,2.39,2.39,0.0,0.0,2.7800000000000002,,85.97122302158273,"[('Marker_2022.337084', 1.03), ('Marker_2022.337083', 1.36)]",Marker_Direct_Unique
17431609,1,66.28,66.35000000000001,0.07000000000000739,0.10561255280628755,68.55,,96.79066374908827,"[('Marker_2022.538414', 2.0), ('Marker_2022.512401', 2.09), ('Marker_2022.521149', 3.43), ('Marker_2022.550048', 4.23), ('Marker_2022.538413', 10.16), ('Marker_2022.550045', 19.01), ('Marker_2022.439677', 25.43)]",Marker_Tie_Break
17388797,11,3.27,3.27,0.0,0.0,6.2,,52.741935483870975,"[('Marker_2022.277802', 3.27)]",Marker_Direct_Unique
17486330,14,26.32,26.31,-0.010000000000001563,-0.037993920972650315,27.06,,97.22838137472284,"[('Marker_2022.235754', 1.12), ('Marker_2022.233521', 1.33), ('Marker_2022.235752', 1.45), ('Marker_2022.227990', 1.77), ('Marker_2022.235751', 1.9), ('Marker_2022.232884', 18.74)]",Marker_Tie_Break
17503243,13,76.24,76.17999999999999,-0.060000000000002274,-0.07869884575026531,86.08,,88.49907063197026,"[('Marker_2022.43782', 0.28), ('Marker_2022.43197', 3.75), ('Marker_2022.43193', 4.85), ('Marker_2022.43195', 4.92), ('Marker_2022.43194', 5.13), ('Marker_2022.43781', 6.23), ('Marker_2022.65866', 6.31), ('Marker_2022.43780', 6.62), ('Marker_2022.43196', 10.05), ('Marker_2022.65865', 13.02), ('Marker_2022.65864', 15.02)]",Marker_Tie_Break
17556835,1,14.65,14.65,0.0,0.0,42.42,,34.535596416784536,"[('Marker_2022.321634', 14.65)]",Marker_Tie_Break
17556835,108,14.87,14.87,0.0,0.0,26.189999999999998,,56.777395952653684,"[('Marker_2022.313092', 14.87)]",Marker_Direct_Unique
17577875,497,12.49,12.49,0.0,0.0,25.509999999999998,,48.96119168953352,"[('Marker_2022.59140', 1.56), ('Marker_2022.59139', 10.93)]",Marker_Tie_Break
17577875,497,16.19,16.27,0.0799999999999983,0.4941321803582353,25.509999999999998,,63.77891023128185,"[('Marker_2022.59135', 0.66), ('Marker_2022.59133', 4.68), ('Marker_2022.59139', 10.93)]",Marker_Tie_Break
17577875,497,19.75,19.75,0.0,0.0,25.509999999999998,,77.42061936495492,"[('Marker_2022.59135', 0.66), ('Marker_2022.59136', 1.11), ('Marker_2022.59137', 1.11), ('Marker_2022.59140', 1.56), ('Marker_2022.59138', 4.38), ('Marker_2022.59139', 10.93)]",Marker_Tie_Break
17593374,1,4.93,4.93,0.0,0.0,,5.22,94.44444444444444,"[('2-0', 1.51), ('2-2', 3.42)]",GKEA_Direct_Unique
17671790,3,8.26,8.38,0.120000000000001,1.4527845036319733,10.22,,81.99608610567515,"[('Marker_2022.283205', 8.38)]",Marker_Direct_Unique
17676709,1,5.93,5.930000000000001,8.881784197001252e-16,1.4977713654302283e-14,15.22,,38.961892247043366,"[('Marker_2022.184644', 1.7), ('Marker_2022.184645', 4.23)]",Marker_Tie_Break
17676709,1,8.3,8.3,0.0,0.0,15.22,,54.533508541392905,"[('Marker_2022.184644', 1.7), ('Marker_2022.151838', 2.37), ('Marker_2022.184645', 4.23)]",Marker_Direct_Unique
17746243,1,16.26,16.3,0.03999999999999915,0.24600246002459497,20.15,,80.89330024813897,"[('Marker_2022.110558', 0.77), ('Marker_2022.110556', 1.57), ('Marker_2022.111748', 2.1), ('Marker_2022.109997', 3.28), ('Marker_2022.111749', 3.45), ('Marker_2022.110555', 5.13)]",Marker_Tie_Break
17805274,1,37.48,37.48,0.0,0.0,38.47,,97.4265661554458,"[('Marker_2022.16901', 1.69), ('Marker_2022.16900', 2.72), ('Marker_2022.17518', 3.1), ('Marker_2022.86209', 3.29), ('Marker_2022.15699', 3.85), ('Marker_2022.16308', 4.14), ('Marker_2022.16899', 5.51), ('Marker_2022.15697', 6.0), ('Marker_2022.17517', 7.18)]",Marker_Tie_Break
17832476,11,34.71,34.7,-0.00999999999999801,-0.028810141169686,46.7,,74.30406852248395,"[('Marker_2022.397482', 10.27), ('Marker_2022.326127', 11.04), ('Marker_2022.547333', 13.39)]",Marker_Direct_Unique
17862308,1,4.12,4.16,0.040000000000000036,0.9708737864077678,7.19,,57.85813630041724,"[('Marker_2022.227841', 4.16)]",Marker_Direct_Unique
17892371,1,15.92,15.92,0.0,0.0,29.009999999999998,,54.87762840399862,"[('Marker_2022.154461', 15.92)]",Marker_Direct_Unique
17892371,11,6.23,6.23,0.0,0.0,11.52,,54.079861111111114,"[('Marker_2022.173428', 6.23)]",Marker_Direct_Unique
17907735,3,4.84,4.82,-0.019999999999999574,-0.41322314049585895,5.2,,92.6923076923077,"[('Marker_2022.155567', 2.38), ('Marker_2022.155568', 2.44)]",Marker_Direct_Unique
17937197,1,10.81,10.78,-0.030000000000001137,-0.27752081406106505,17.64,,61.11111111111111,"[('Marker_2022.368240', 0.91), ('Marker_2022.297018', 2.57), ('Marker_2022.340703', 2.64), ('Marker_2022.297017', 4.66)]",Marker_Tie_Break
17937197,11,7.02,7.01,-0.009999999999999787,-0.14245014245013943,,8.530000000000001,82.18053927315356,"[('5', 2.19), ('3', 4.82)]",GKEA_Direct_Unique
17946242,11,200.0,200.14000000000001,0.14000000000001478,0.07000000000000739,224.49,,89.15319167891666,"[('Marker_2022.424837', 3.33), ('Marker_2022.551153', 5.79), ('Marker_2022.572677', 10.77), ('Marker_2022.512777', 12.71), ('Marker_2022.409681', 16.41), ('Marker_2022.409680', 17.07), ('Marker_2022.409679', 26.98), ('Marker_2022.512776', 30.6), ('Marker_2022.574175', 76.48)]",Marker_Tie_Break
17980475,707,14.33,14.31,-0.019999999999999574,-0.13956734124214637,15.280000000000001,,93.65183246073298,"[('Marker_2022.102077', 3.66), ('Marker_2022.182277', 10.65)]",Marker_Direct_Unique
17989006,1,5.41,5.41,0.0,0.0,7.88,,68.65482233502537,"[('Marker_2022.74584', 0.46), ('Marker_2022.121724', 1.55), ('Marker_2022.74585', 3.4)]",Marker_Direct_Unique
18009730,1,10.34,10.38,0.040000000000000924,0.38684719535784257,12.17,,85.29170090386197,"[('Marker_2022.557145', 1.11), ('Marker_2022.554132', 1.14), ('Marker_2022.438841', 1.95), ('Marker_2022.557139', 2.37), ('Marker_2022.557142', 3.81)]",Marker_Tie_Break
18035502,11,6.15,6.15,0.0,0.0,10.18,,60.41257367387034,"[('Marker_2022.277142', 6.15)]",Marker_Direct_Unique
18035502,11,9.17,9.17,0.0,0.0,10.18,,90.07858546168958,"[('Marker_2022.277144', 3.02), ('Marker_2022.277142', 6.15)]",Marker_Direct_Unique
18075032,1,10.03,9.91,-0.11999999999999922,-1.1964107676969016,10.43,,95.0143815915628,"[('Marker_2022.108442', 0.95), ('Marker_2022.160816', 1.12), ('Marker_2022.122665', 1.33), ('Marker_2022.128552', 1.37), ('Marker_2022.122664', 1.58), ('Marker_2022.107670', 3.56)]",Marker_Direct_Unique
18090031,260,21.99,21.97,-0.019999999999999574,-0.09095043201455014,29.03,,75.68033069238717,"[('Marker_2022.268910', 2.95), ('Marker_2022.268909', 6.93), ('Marker_2022.217859', 12.09)]",Marker_Tie_Break
18104741,22,4.88,4.88,0.0,0.0,9.379999999999999,,52.02558635394456,"[('Marker_2022.544839', 4.88)]",Marker_Direct_Unique
18260875,1,24.05,24.03,-0.019999999999999574,-0.08316008316008139,28.16,,85.33380681818183,"[('Marker_2022.267575', 2.22), ('Marker_2022.267574', 2.56), ('Marker_2022.291984', 3.2), ('Marker_2022.360804', 3.4), ('Marker_2022.360801', 4.18), ('Marker_2022.267579', 8.47)]",Marker_Tie_Break
18328119,11,41.27,41.32,0.04999999999999716,0.12115338017930011,55.97,,73.82526353403608,"[('Marker_2022.217791', 0.45), ('Marker_2022.217793', 0.54), ('Marker_2022.217792', 2.52), ('Marker_2022.217790', 5.41), ('Marker_2022.217789', 13.49), ('Marker_2022.201153', 18.91)]",Marker_Tie_Break
18379406,1,29.7,29.93,0.23000000000000043,0.7744107744107759,35.49,,84.33361510284587,"[('Marker_2022.220515', 4.8), ('Marker_2022.220514', 6.94), ('Marker_2022.220930', 8.6), ('Marker_2022.441503', 9.59)]",Marker_Direct_Unique
18381176,11,50.37,50.37,0.0,0.0,62.28,,80.8766859344894,"[('Marker_2022.290255', 0.97), ('Marker_2022.262952', 2.19), ('Marker_2022.286771', 2.54), ('Marker_2022.291774', 3.03), ('Marker_2022.262950', 7.2), ('Marker_2022.291775', 8.51), ('Marker_2022.248328', 12.36), ('Marker_2022.248331', 13.57)]",Marker_Tie_Break
18434679,1,9.02,9.02,0.0,0.0,25.84,,34.907120743034056,"[('Marker_2022.88791', 9.02)]",Marker_Direct_Unique
18503492,1,12.14,12.14,0.0,0.0,14.08,,86.22159090909092,"[('Marker_2022.103216', 1.73), ('Marker_2022.103217', 2.69), ('Marker_2022.32851', 7.72)]",Marker_Tie_Break
18498197,263,6.9,6.85,-0.05000000000000071,-0.7246376811594305,7.43,,92.19380888290713,"[('Marker_2022.275927', 0.87), ('Marker_2022.204252', 1.0), ('Marker_2022.265833', 1.19), ('Marker_2022.292805', 1.63), ('Marker_2022.242711', 2.16)]",Marker_Tie_Break
18507986,22,3.78,3.78,0.0,0.0,8.09,,46.72435105067985,"[('Marker_2022.17342', 3.78)]",Marker_Direct_Unique
18550296,1,87.15,87.13,-0.020000000000010232,-0.022948938611600952,89.08,,97.81095644364616,"[('Marker_2022.471212', 2.51), ('Marker_2022.470639', 5.43), ('Marker_2022.471210', 6.2), ('Marker_2022.470641', 7.69), ('Marker_2022.470640', 10.52), ('Marker_2022.569159', 11.54), ('Marker_2022.529474', 11.82), ('Marker_2022.566952', 12.98), ('Marker_2022.473934', 18.44)]",Marker_Tie_Break
18584530,152,4.98,4.9799999999999995,-8.881784197001252e-16,-1.783490802610693e-14,5.28,,94.3181818181818,"[('Marker_2022.279733', 0.59), ('Marker_2022.279728', 1.04), ('Marker_2022.232586', 1.67), ('Marker_2022.279729', 1.68)]",Marker_Direct_Unique
18756234,547,1.87,1.87,0.0,0.0,3.48,,53.735632183908045,"[('Marker_2022.509088', 0.35), ('Marker_2022.509089', 0.36), ('Marker_2022.509087', 0.37), ('Marker_2022.530647', 0.79)]",Marker_Tie_Break
18770636,1,2.99,2.99,0.0,0.0,3.6,,83.05555555555556,"[('Marker_2022.288895', 2.99)]",Marker_Direct_Unique
18852497,14,7.18,7.18,0.0,0.0,7.54,,95.22546419098143,"[('Marker_2022.132145', 2.16), ('Marker_2022.169840', 5.02)]",Marker_Direct_Unique
18770636,11,9.73,9.73,0.0,0.0,14.73,,66.05566870332655,"[('Marker_2022.324337', 3.37), ('Marker_2022.324338', 6.36)]",Marker_Tie_Break
18994208,528,17.0,17.0,0.0,0.0,20.01,,84.95752123938031,"[('Marker_2022.325269', 0.78), ('Marker_2022.325271', 1.32), ('Marker_2022.325270', 1.48), ('Marker_2022.325268', 1.49), ('Marker_2022.453202', 1.56), ('Marker_2022.325263', 1.56), ('Marker_2022.325266', 1.66), ('Marker_2022.325265', 2.04), ('Marker_2022.453200', 2.22), ('Marker_2022.325264', 2.89)]",Marker_Tie_Break
18994194,11,2.08,2.08,0.0,0.0,3.99,,52.130325814536334,"[('Marker_2022.277504', 2.08)]",Marker_Direct_Unique
19027392,583,10.06,10.02,-0.040000000000000924,-0.3976143141153173,21.2,,47.264150943396224,"[('Marker_2022.334094', 0.29), ('Marker_2022.334097', 9.73)]",Marker_Tie_Break
19036774,583,6.74,6.66,-0.08000000000000007,-1.1869436201780426,,9.41,70.77577045696069,"[('2', 0.16), ('6', 0.49), ('4', 0.55), ('5', 5.46)]",GKEA_Tie_Break
19036774,583,7.73,7.75,0.019999999999999574,0.2587322121604084,,9.41,82.35919234856536,"[('3', 2.29), ('5', 5.46)]",GKEA_Direct_Unique
19036774,583,8.33,8.3,-0.02999999999999936,-0.3601440576230415,,9.41,88.20403825717322,"[('4', 0.55), ('3', 2.29), ('5', 5.46)]",GKEA_Tie_Break
19088790,11,100.63,102.07,1.4399999999999977,1.4309847957865427,122.06,,83.62280845485826,"[('Marker_2022.172776', 13.3), ('Marker_2022.113479', 15.96), ('Marker_2022.181810', 31.06), ('Marker_2022.113480', 41.75)]",Marker_Direct_Unique
19092887,3,11.3,11.34,0.03999999999999915,0.3539823008849482,12.22,,92.7986906710311,"[('Marker_2022.422586', 1.45), ('Marker_2022.461041', 1.91), ('Marker_2022.461042', 7.98)]",Marker_Direct_Unique
19136078,3,18.09,18.09,0.0,0.0,31.79,,56.90468700849324,"[('Marker_2022.169893', 5.33), ('Marker_2022.152467', 5.61), ('Marker_2022.169891', 7.15)]",Marker_Tie_Break
19157733,22,96.29,96.52,0.22999999999998977,0.23886177173121792,102.26,,94.3868570310972,"[('Marker_2022.319498', 3.45), ('Marker_2022.319497', 7.03), ('Marker_2022.492383', 11.22), ('Marker_2022.424981', 12.47), ('Marker_2022.492384', 15.7), ('Marker_2022.472876', 15.74), ('Marker_2022.462075', 30.91)]",Marker_Tie_Break
19163733,11,186.85,186.82,-0.030000000000001137,-0.016055659620016663,195.8,,95.41368743615934,"[('Marker_2022.350719', 2.57), ('Marker_2022.390332', 2.76), ('Marker_2022.364526', 2.96), ('Marker_2022.364518', 3.51), ('Marker_2022.430937', 4.57), ('Marker_2022.364519', 4.71), ('Marker_2022.390530', 5.67), ('Marker_2022.312592', 8.09), ('Marker_2022.390331', 8.31), ('Marker_2022.406256', 10.31), ('Marker_2022.364523', 11.37), ('Marker_2022.329154', 16.77), ('Marker_2022.364517', 17.45), ('Marker_2022.329153', 19.41), ('Marker_2022.350718', 19.8), ('Marker_2022.355920', 21.03), ('Marker_2022.364527', 27.53)]",Marker_Tie_Break
19157733,528,14.43,14.43,0.0,0.0,15.93,,90.58380414312617,"[('Marker_2022.449148', 0.12), ('Marker_2022.472879', 0.65), ('Marker_2022.447797', 0.72), ('Marker_2022.449147', 1.07), ('Marker_2022.449145', 1.3), ('Marker_2022.449144', 1.31), ('Marker_2022.424982', 1.6), ('Marker_2022.449142', 2.16), ('Marker_2022.449143', 2.38), ('Marker_2022.449146', 3.12)]",Marker_Tie_Break
19186946,1,133.47,133.46,-0.009999999999990905,-0.007492320371612276,145.11,,91.97160774584798,"[('Marker_2022.393584', 0.82), ('Marker_2022.472505', 1.76), ('Marker_2022.407584', 3.66), ('Marker_2022.469791', 3.72), ('Marker_2022.469792', 3.72), ('Marker_2022.469793', 4.04), ('Marker_2022.469794', 4.09), ('Marker_2022.393583', 5.42), ('Marker_2022.408119', 6.13), ('Marker_2022.469798', 10.31), ('Marker_2022.469796', 11.45), ('Marker_2022.398628', 15.23), ('Marker_2022.407583', 17.9), ('Marker_2022.393582', 21.79), ('Marker_2022.478258', 23.42)]",Marker_Tie_Break
19200108,11,11.54,11.47,-0.06999999999999851,-0.6065857885615122,13.21,,86.82816048448146,"[('Marker_2022.249096', 0.62), ('Marker_2022.249095', 0.95), ('Marker_2022.171706', 9.9)]",Marker_Tie_Break
19200108,3,4.02,4.03,0.010000000000000675,0.24875621890548946,7.3100000000000005,,55.12995896032832,"[('Marker_2022.249098', 1.74), ('Marker_2022.171705', 2.29)]",Marker_Tie_Break
19233596,15,13.32,13.32,0.0,0.0,14.2,,93.80281690140846,"[('Marker_2022.62292', 2.2), ('Marker_2022.62293', 2.38), ('Marker_2022.161148', 2.77), ('Marker_2022.130953', 5.97)]",Marker_Direct_Unique
19297772,1,4.69,4.69,0.0,0.0,7.180000000000001,,65.32033426183844,"[('Marker_2022.75328', 4.69)]",Marker_Direct_Unique
19305201,1,9.71,9.709999999999999,-1.7763568394002505e-15,-1.8294097213184864e-14,20.83,,46.61545847335574,"[('Marker_2022.194867', 2.21), ('Marker_2022.194868', 2.61), ('Marker_2022.194869', 4.89)]",Marker_Tie_Break
19305201,1,20.19,20.189999999999998,-3.552713678800501e-15,-1.7596402569591387e-14,20.83,,96.92750840134421,"[('Marker_2022.194867', 2.21), ('Marker_2022.194868', 2.61), ('Marker_2022.194865', 3.02), ('Marker_2022.194866', 3.5), ('Marker_2022.194871', 3.96), ('Marker_2022.194869', 4.89)]",Marker_Direct_Unique
19305201,10,3.42,3.42,0.0,0.0,6.6,,51.81818181818182,"[('Marker_2022.221410', 3.42)]",Marker_Direct_Unique
19332136,1,38.7,38.73,0.02999999999999403,0.07751937984494581,56.629999999999995,,68.39131202542822,"[('Marker_2022.46109', 2.79), ('Marker_2022.188484', 2.86), ('Marker_2022.46108', 3.45), ('Marker_2022.140172', 3.55), ('Marker_2022.188483', 26.08)]",Marker_Tie_Break
19338347,31,39.81,39.85,0.03999999999999915,0.10047726701833495,,46.230000000000004,86.19943759463551,"[('22-0', 18.01), ('17-0', 21.84)]",GKEA_Direct_Unique
19380084,252,4.01,3.96,-0.04999999999999982,-1.246882793017452,4.55,,87.03296703296704,"[('Marker_2022.87390', 0.1), ('Marker_2022.87391', 0.29), ('Marker_2022.17526', 0.99), ('Marker_2022.17522', 2.58)]",Marker_Direct_Unique
19403637,151,60.38,60.379999999999995,-7.105427357601002e-15,-1.1767849217623388e-14,66.27,,91.11211709672553,"[('Marker_2022.361565', 2.45), ('Marker_2022.570163', 3.38), ('Marker_2022.415271', 5.08), ('Marker_2022.378037', 5.27), ('Marker_2022.378033', 5.59), ('Marker_2022.401025', 8.29), ('Marker_2022.378036', 9.3), ('Marker_2022.431234', 9.53), ('Marker_2022.379244', 11.49)]",Marker_Tie_Break
19467902,583,5.26,5.27,0.009999999999999787,0.1901140684410606,15.95,,33.04075235109718,"[('Marker_2022.295007', 0.61), ('Marker_2022.291425', 1.07), ('Marker_2022.287896', 3.59)]",Marker_Tie_Break
19470482,15,8.48,8.469999999999999,-0.010000000000001563,-0.11792452830190522,10.68,,79.3071161048689,"[('Marker_2022.297790', 1.85), ('Marker_2022.297789', 3.03), ('Marker_2022.279441', 3.59)]",Marker_Direct_Unique
19639681,1,20.44,20.34,-0.10000000000000142,-0.48923679060666053,25.89,,78.56315179606025,"[('Marker_2022.334683', 20.34)]",Marker_Direct_Unique
19677273,11,128.82,128.54,-0.28000000000000114,-0.2173575531749737,138.47,,92.82877157507042,"[('Marker_2022.55163', 1.4), ('Marker_2022.55110', 7.12), ('Marker_2022.147306', 10.01), ('Marker_2022.152105', 11.31), ('Marker_2022.149871', 11.86), ('Marker_2022.149869', 12.0), ('Marker_2022.54930', 15.36), ('Marker_2022.54929', 17.68), ('Marker_2022.76497', 18.24), ('Marker_2022.147307', 23.56)]",Marker_Tie_Break
19708446,1,11.49,11.49,0.0,0.0,16.39,,70.10372178157412,"[('Marker_2022.305941', 5.59), ('Marker_2022.305939', 5.9)]",Marker_Direct_Unique
19763145,1,8.5,8.41,-0.08999999999999986,-1.0588235294117632,14.31,,58.77009084556254,"[('Marker_2022.11570', 3.95), ('Marker_2022.12747', 4.46)]",Marker_Direct_Unique
19821684,11,10.0,9.89,-0.10999999999999943,-1.0999999999999943,15.86,,62.35813366960908,"[('Marker_2022.140402', 2.69), ('Marker_2022.140399', 7.2)]",Marker_Direct_Unique
19828972,1,2.62,2.62,0.0,0.0,2.84,,92.25352112676057,"[('Marker_2022.188393', 1.13), ('Marker_2022.188392', 1.49)]",Marker_Direct_Unique
19850846,11,7.32,7.31,-0.010000000000000675,-0.13661202185793273,13.629999999999999,,53.631694790902415,"[('Marker_2022.163341', 7.31)]",Marker_Direct_Unique
19858987,1,20.4,20.41,0.010000000000001563,0.04901960784314492,21.19,,96.31901840490798,"[('Marker_2022.528766', 1.12), ('Marker_2022.528764', 5.23), ('Marker_2022.528481', 5.29), ('Marker_2022.528482', 8.77)]",Marker_Tie_Break
19888738,583,12.5,12.5,0.0,0.0,16.88,,74.0521327014218,"[('Marker_2022.144044', 0.36), ('Marker_2022.190183', 0.64), ('Marker_2022.190188', 0.77), ('Marker_2022.144042', 2.99), ('Marker_2022.150284', 3.01), ('Marker_2022.190187', 4.73)]",Marker_Tie_Break
19889890,11,145.32,145.32,0.0,0.0,,252.54,57.54335946780708,"[('239-0', 7.9), ('235-0', 15.27), ('111-0', 15.34), ('236-0', 15.75), ('240-0', 28.5), ('238-0', 29.24), ('155-0', 33.32)]",GKEA_Tie_Break
19910210,216,93.15,93.23,0.0799999999999983,0.08588298443370723,104.71,,89.03638620953109,"[('Marker_2022.571818', 2.97), ('Marker_2022.368731', 3.87), ('Marker_2022.571820', 8.48), ('Marker_2022.376883', 11.02), ('Marker_2022.376882', 11.44), ('Marker_2022.334191', 11.87), ('Marker_2022.540726', 12.02), ('Marker_2022.562630', 15.09), ('Marker_2022.571821', 16.47)]",Marker_Tie_Break
19977099,1,3.56,3.52,-0.040000000000000036,-1.1235955056179785,3.73,,94.36997319034852,"[('Marker_2022.32778', 1.31), ('Marker_2022.97379', 2.21)]",Marker_Direct_Unique
20070005,1,7.27,7.27,0.0,0.0,25.93,,28.0370227535673,"[('Marker_2022.378148', 7.27)]",Marker_Direct_Unique
20070005,1,13.81,13.809999999999999,-1.7763568394002505e-15,-1.2862830118756337e-14,25.93,,53.25877362128808,"[('Marker_2022.357844', 2.77), ('Marker_2022.270842', 3.77), ('Marker_2022.378148', 7.27)]",Marker_Tie_Break
20070005,1,17.84,17.84,0.0,0.0,25.93,,68.80061704589279,"[('Marker_2022.279520', 2.16), ('Marker_2022.357844', 2.77), ('Marker_2022.263041', 5.64), ('Marker_2022.378148', 7.27)]",Marker_Tie_Break
20070005,1,19.45,19.45,0.0,0.0,25.93,,75.00964134207481,"[('Marker_2022.357844', 2.77), ('Marker_2022.270842', 3.77), ('Marker_2022.263041', 5.64), ('Marker_2022.378148', 7.27)]",Marker_Tie_Break
20070005,1,20.29,20.29,0.0,0.0,25.93,,78.24913227921326,"[('Marker_2022.279520', 2.16), ('Marker_2022.357844', 2.77), ('Marker_2022.270842', 3.77), ('Marker_2022.271683', 4.32), ('Marker_2022.378148', 7.27)]",Marker_Tie_Break
20070005,11,20.54,20.54,0.0,0.0,29.23,,70.27027027027026,"[('Marker_2022.358394', 4.21), ('Marker_2022.272328', 5.11), ('Marker_2022.378150', 5.18), ('Marker_2022.270847', 6.04)]",Marker_Tie_Break
20070005,11,21.62,21.62,0.0,0.0,29.23,,73.96510434485118,"[('Marker_2022.272330', 1.09), ('Marker_2022.271685', 1.16), ('Marker_2022.271684', 1.32), ('Marker_2022.272331', 1.72), ('Marker_2022.272328', 5.11), ('Marker_2022.378150', 5.18), ('Marker_2022.270847', 6.04)]",Marker_Tie_Break
20070005,11,23.02,23.02,0.0,0.0,29.23,,78.75470407115976,"[('Marker_2022.271685', 1.16), ('Marker_2022.271684', 1.32), ('Marker_2022.358394', 4.21), ('Marker_2022.272328', 5.11), ('Marker_2022.378150', 5.18), ('Marker_2022.270847', 6.04)]",Marker_Tie_Break
20070005,11,28.23,28.23,0.0,0.0,29.23,,96.57885733835101,"[('Marker_2022.279519', 0.87), ('Marker_2022.272330', 1.09), ('Marker_2022.271685', 1.16), ('Marker_2022.271684', 1.32), ('Marker_2022.279521', 1.53), ('Marker_2022.272331', 1.72), ('Marker_2022.358394', 4.21), ('Marker_2022.272328', 5.11), ('Marker_2022.378150', 5.18), ('Marker_2022.270847', 6.04)]",Marker_Tie_Break
20070005,108,6.39,6.39,0.0,0.0,17.259999999999998,,37.02201622247973,"[('Marker_2022.267224', 6.39)]",Marker_Direct_Unique
20070005,108,11.64,11.64,0.0,0.0,17.259999999999998,,67.43916570104288,"[('Marker_2022.271686', 5.25), ('Marker_2022.267224', 6.39)]",Marker_Direct_Unique
20070005,108,12.01,12.01,0.0,0.0,17.259999999999998,,69.58285052143685,"[('Marker_2022.357845', 5.62), ('Marker_2022.267224', 6.39)]",Marker_Direct_Unique
20070005,160,8.81,8.81,0.0,0.0,11.0,,80.0909090909091,"[('Marker_2022.272329', 4.33), ('Marker_2022.263042', 4.48)]",Marker_Direct_Unique
20093749,216,55.26,55.239999999999995,-0.020000000000003126,-0.03619254433587247,60.379999999999995,,91.48724743292482,"[('Marker_2022.436470', 2.96), ('Marker_2022.468534', 12.48), ('Marker_2022.481462', 39.8)]",Marker_Tie_Break
20093749,1,77.22,77.25,0.030000000000001137,0.038850038850040326,88.2,,87.58503401360544,"[('Marker_2022.481984', 5.12), ('Marker_2022.435274', 9.36), ('Marker_2022.447003', 9.77), ('Marker_2022.468536', 14.8), ('Marker_2022.434813', 16.3), ('Marker_2022.509670', 21.9)]",Marker_Tie_Break
20096675,701,21.34,21.34,0.0,0.0,23.17,,92.10185584807941,"[('Marker_2022.129776', 5.08), ('Marker_2022.82569', 6.55), ('Marker_2022.130359', 9.71)]",Marker_Direct_Unique
20154748,11,108.62,109.61,0.9899999999999949,0.9114343583133814,112.04,,97.83113173866475,"[('Marker_2022.265525', 5.79), ('Marker_2022.273170', 6.76), ('Marker_2022.256780', 7.95), ('Marker_2022.266015', 9.92), ('Marker_2022.265473', 10.57), ('Marker_2022.265472', 30.62), ('Marker_2022.256779', 38.0)]",Marker_Direct_Unique
20204931,14,7.0,7.0,0.0,0.0,9.51,,73.60672975814931,"[('Marker_2022.309189', 3.16), ('Marker_2022.309190', 3.84)]",Marker_Direct_Unique
20204931,14,8.42,8.42,0.0,0.0,9.51,,88.53838065194533,"[('Marker_2022.449795', 1.42), ('Marker_2022.309189', 3.16), ('Marker_2022.309190', 3.84)]",Marker_Direct_Unique
20311878,150,28.86,28.91,0.05000000000000071,0.17325017325017572,34.03,,84.95445195415809,"[('Marker_2022.545597', 6.67), ('Marker_2022.545596', 10.85), ('Marker_2022.527343', 11.39)]",Marker_Direct_Unique
20328541,583,21.88,21.88,0.0,0.0,,24.88,87.94212218649517,"[('17-0', 0.55), ('15-0', 1.08), ('18-0', 5.59), ('22-0', 6.33), ('19-0', 8.33)]",GKEA_Tie_Break
20414871,1,26.74,26.48,-0.259999999999998,-0.9723261032161482,,28.02,94.50392576730907,"[('1-1', 3.18), ('51-0', 3.69), ('53-0', 5.03), ('3-0', 6.97), ('2-0', 7.61)]",GKEA_Tie_Break
20512733,1,104.36,104.41,0.04999999999999716,0.04791107704100916,107.97,,96.7027878114291,"[('Marker_2022.528450', 0.68), ('Marker_2022.501899', 1.29), ('Marker_2022.469590', 1.84), ('Marker_2022.448072', 1.87), ('Marker_2022.533541', 3.1), ('Marker_2022.536190', 3.88), ('Marker_2022.510735', 4.29), ('Marker_2022.554195', 4.51), ('Marker_2022.533540', 5.2), ('Marker_2022.469588', 5.24), ('Marker_2022.485177', 9.05), ('Marker_2022.485175', 9.99), ('Marker_2022.510736', 10.22), ('Marker_2022.483040', 13.04), ('Marker_2022.501898', 14.11), ('Marker_2022.534373', 16.1)]",Marker_Tie_Break
20520531,1,13.6,13.700000000000001,0.10000000000000142,0.7352941176470693,18.43,,74.33532284319045,"[('Marker_2022.317146', 2.64), ('Marker_2022.317145', 11.06)]",Marker_Direct_Unique
20675403,1,142.57,142.61,0.040000000000020464,0.02805639335064913,,149.34,95.49350475425204,"[('63-0', 3.13), ('94-0', 7.07), ('16-0', 8.67), ('99-0', 10.85), ('95-0', 12.76), ('91-0', 14.04), ('1-0', 15.57), ('73-0', 33.27), ('78-0', 37.25)]",GKEA_Tie_Break
20675403,31,42.85,42.89,0.03999999999999915,0.09334889148191167,64.66,,66.33158057531705,"[('Marker_2022.512104', 5.57), ('Marker_2022.511813', 9.74), ('Marker_2022.370124', 11.98), ('Marker_2022.370126', 15.6)]",Marker_Tie_Break
20775904,15,10.86,10.89,0.030000000000001137,0.27624309392266244,12.9,,84.41860465116278,"[('Marker_2022.16688', 2.83), ('Marker_2022.16689', 2.87), ('Marker_2022.16690', 5.19)]",Marker_Direct_Unique
20798130,1,34.0,34.01,0.00999999999999801,0.0294117647058765,35.27,,96.42755883186844,"[('Marker_2022.517169', 0.51), ('Marker_2022.517265', 0.65), ('Marker_2022.480526', 1.58), ('Marker_2022.517262', 1.68), ('Marker_2022.517260', 1.87), ('Marker_2022.517649', 2.24), ('Marker_2022.517264', 2.37), ('Marker_2022.517650', 4.17), ('Marker_2022.517263', 4.18), ('Marker_2022.517648', 5.75), ('Marker_2022.480525', 9.01)]",Marker_Tie_Break
20876336,1,38.94,38.94,0.0,0.0,54.4,,71.58088235294117,"[('Marker_2022.353517', 7.41), ('Marker_2022.379363', 14.76), ('Marker_2022.353514', 16.77)]",Marker_Tie_Break
20876336,1,46.99,46.99,0.0,0.0,54.4,,86.37867647058825,"[('Marker_2022.379363', 14.76), ('Marker_2022.353516', 15.46), ('Marker_2022.353514', 16.77)]",Marker_Direct_Unique
20903341,1,21.0,21.17,0.1700000000000017,0.8095238095238176,,26.68,79.34782608695653,"[('5', 3.44), ('19', 4.57), ('3', 13.16)]",GKEA_Tie_Break
20969237,11,4.53,4.54,0.009999999999999787,0.22075055187637496,,7.470000000000001,60.776439089692104,"[('7-0', 4.54)]",GKEA_Direct_Unique
20969237,10,5.88,5.86,-0.019999999999999574,-0.3401360544217614,,9.120000000000001,64.25438596491227,"[('12-0', 5.86)]",GKEA_Direct_Unique
21008648,11,25.0,25.0,0.0,0.0,29.69,,84.2034355001684,"[('Marker_2022.55748', 0.63), ('Marker_2022.54064', 2.35), ('Marker_2022.55750', 3.03), ('Marker_2022.56333', 3.82), ('Marker_2022.55752', 4.97), ('Marker_2022.6996', 5.01), ('Marker_2022.7000', 5.19)]",Marker_Tie_Break
21015636,10,8.28,8.28,0.0,0.0,22.4,,36.964285714285715,"[('Marker_2022.351129', 8.28)]",Marker_Tie_Break
21015636,10,17.34,17.34,0.0,0.0,22.4,,77.41071428571429,"[('Marker_2022.367713', 1.78), ('Marker_2022.367712', 3.34), ('Marker_2022.348481', 3.94), ('Marker_2022.351129', 8.28)]",Marker_Tie_Break
21015636,1,14.15,14.15,0.0,0.0,32.43,,43.63243909959914,"[('Marker_2022.391116', 14.15)]",Marker_Tie_Break
21015636,11,13.4,13.4,0.0,0.0,43.29,,30.954030954030955,"[('Marker_2022.367711', 13.4)]",Marker_Tie_Break
21015636,11,24.5,24.5,0.0,0.0,43.29,,56.59505659505659,"[('Marker_2022.395686', 5.28), ('Marker_2022.390597', 5.82), ('Marker_2022.367711', 13.4)]",Marker_Tie_Break
21015636,11,30.02,30.020000000000003,3.552713678800501e-15,1.183448926982179e-14,43.29,,69.34626934626935,"[('Marker_2022.390597', 5.82), ('Marker_2022.366436', 10.8), ('Marker_2022.367711', 13.4)]",Marker_Tie_Break
21015636,11,32.49,32.49,0.0,0.0,43.29,,75.05197505197506,"[('Marker_2022.395686', 5.28), ('Marker_2022.390597', 5.82), ('Marker_2022.351131', 7.99), ('Marker_2022.367711', 13.4)]",Marker_Tie_Break
21015636,11,38.01,38.010000000000005,7.105427357601002e-15,1.869357368482242e-14,43.29,,87.80318780318783,"[('Marker_2022.390597', 5.82), ('Marker_2022.351131', 7.99), ('Marker_2022.366436', 10.8), ('Marker_2022.367711', 13.4)]",Marker_Tie_Break
21015636,15,12.94,12.94,0.0,0.0,15.54,,83.26898326898326,"[('Marker_2022.395685', 12.94)]",Marker_Direct_Unique
21249440,1,5.79,5.88,0.08999999999999986,1.5544041450777177,13.52,,43.49112426035503,"[('Marker_2022.483681', 5.88)]",Marker_Direct_Unique
21249440,1,12.8,12.58,-0.22000000000000064,-1.7187500000000049,13.52,,93.04733727810651,"[('Marker_2022.483679', 2.96), ('Marker_2022.483682', 3.74), ('Marker_2022.483681', 5.88)]",Marker_Direct_Unique
21327603,1,18.98,18.97,-0.010000000000001563,-0.05268703898841709,23.71,,80.00843525938421,"[('Marker_2022.82593', 1.05), ('Marker_2022.15323', 1.08), ('Marker_2022.15322', 4.51), ('Marker_2022.82594', 4.9), ('Marker_2022.82028', 7.43)]",Marker_Tie_Break
21344680,1,130.5,130.55,0.05000000000001137,0.03831417624521944,135.37,,96.43938834305976,"[('Marker_2022.274181', 29.34), ('Marker_2022.274182', 47.93), ('Marker_2022.273660', 53.28)]",Marker_Direct_Unique
21412546,260,16.39,16.39,0.0,0.0,20.93,,78.30864787386527,"[('Marker_2022.119487', 1.02), ('Marker_2022.117349', 2.12), ('Marker_2022.95746', 2.92), ('Marker_2022.117347', 3.07), ('Marker_2022.95745', 3.26), ('Marker_2022.95741', 4.0)]",Marker_Tie_Break
21532770,22,24.26,24.259999999999998,-3.552713678800501e-15,-1.464432678813067e-14,29.36,,82.62942779291552,"[('Marker_2022.96458', 2.35), ('Marker_2022.128392', 2.41), ('Marker_2022.96459', 7.55), ('Marker_2022.96460', 11.95)]",Marker_Tie_Break
21541702,11,6.03,6.03,0.0,0.0,10.940000000000001,,55.11882998171846,"[('Marker_2022.536908', 6.03)]",Marker_Direct_Unique
21541702,14,3.71,3.71,0.0,0.0,5.32,,69.73684210526315,"[('Marker_2022.536909', 3.71)]",Marker_Direct_Unique
21603848,1,66.0,66.01,0.010000000000005116,0.015151515151522903,,70.82,93.2081332956792,"[('155-6', 1.42), ('21-0', 1.82), ('116-0', 2.14), ('3-2', 2.45), ('155-3', 2.93), ('155-0', 2.94), ('16-0', 4.43), ('3-1', 5.51), ('109-0', 5.93), ('111-0', 5.98), ('4-1', 7.56), ('4-0', 7.59), ('118-0', 7.62), ('1-0', 7.69)]",GKEA_Tie_Break
21603848,21,20.45,20.25,-0.1999999999999993,-0.9779951100244464,21.810000000000002,,92.84731774415404,"[('Marker_2022.399699', 2.81), ('Marker_2022.435695', 5.53), ('Marker_2022.399701', 5.93), ('Marker_2022.399702', 5.98)]",Marker_Direct_Unique
21603848,11,55.0,55.339999999999996,0.3399999999999963,0.6181818181818115,85.81,,64.49131802820183,"[('Marker_2022.435696', 4.77), ('Marker_2022.559596', 6.49), ('Marker_2022.350476', 6.69), ('Marker_2022.438848', 10.78), ('Marker_2022.560052', 26.61)]",Marker_Tie_Break
21760676,1,9.47,9.47,0.0,0.0,22.61,,41.88412206988058,"[('Marker_2022.9647', 9.47)]",Marker_Direct_Unique
21760676,1,14.76,14.760000000000002,1.7763568394002505e-15,1.2034937936316062e-14,22.61,,65.28084918177798,"[('Marker_2022.105869', 5.29), ('Marker_2022.9647', 9.47)]",Marker_Direct_Unique
21775509,1,21.3,21.31,0.00999999999999801,0.046948356807502395,24.02,,88.71773522064944,"[('Marker_2022.238880', 0.39), ('Marker_2022.238883', 0.58), ('Marker_2022.238881', 2.08), ('Marker_2022.243990', 2.67), ('Marker_2022.238334', 3.57), ('Marker_2022.238333', 3.62), ('Marker_2022.243995', 3.73), ('Marker_2022.234961', 4.67)]",Marker_Tie_Break
21867470,1,112.87,112.3,-0.5700000000000074,-0.5050057588376072,115.31,,97.38964530396322,"[('Marker_2022.202883', 1.49), ('Marker_2022.189788', 4.68), ('Marker_2022.196852', 7.04), ('Marker_2022.159284', 7.28), ('Marker_2022.189789', 8.21), ('Marker_2022.128359', 9.07), ('Marker_2022.202882', 9.58), ('Marker_2022.154946', 10.26), ('Marker_2022.202880', 11.19), ('Marker_2022.128358', 13.47), ('Marker_2022.155516', 14.85), ('Marker_2022.208953', 15.18)]",Marker_Tie_Break
21926493,1,3.42,3.42,0.0,0.0,5.57,,61.40035906642728,"[('Marker_2022.157768', 3.42)]",Marker_Direct_Unique
21976202,1,7.38,7.38,0.0,0.0,7.83,,94.25287356321839,"[('Marker_2022.29680', 1.71), ('Marker_2022.29679', 2.46), ('Marker_2022.29678', 3.21)]",Marker_Direct_Unique
22388053,1,28.63,28.63,0.0,0.0,37.01,,77.35747095379627,"[('Marker_2022.234080', 0.52), ('Marker_2022.202325', 2.79), ('Marker_2022.229731', 6.66), ('Marker_2022.192973', 18.66)]",Marker_Tie_Break
22388053,1,32.95,32.95,0.0,0.0,37.01,,89.0299918940827,"[('Marker_2022.234080', 0.52), ('Marker_2022.202326', 1.63), ('Marker_2022.202327', 2.69), ('Marker_2022.202325', 2.79), ('Marker_2022.229731', 6.66), ('Marker_2022.192973', 18.66)]",Marker_Tie_Break
22388053,11,17.53,17.529999999999998,-3.552713678800501e-15,-2.0266478487167715e-14,22.83,,76.78493210687691,"[('Marker_2022.213739', 4.1), ('Marker_2022.213738', 4.89), ('Marker_2022.233472', 8.54)]",Marker_Direct_Unique
22388053,11,17.94,17.939999999999998,-3.552713678800501e-15,-1.9803309246379602e-14,22.83,,78.580814717477,"[('Marker_2022.213739', 4.1), ('Marker_2022.233469', 5.3), ('Marker_2022.233472', 8.54)]",Marker_Direct_Unique
22388053,31,5.3,5.32,0.020000000000000462,0.3773584905660465,5.930000000000001,,89.71332209106238,"[('Marker_2022.229729', 5.32)]",Marker_Direct_Unique
22589555,1,10.78,10.76,-0.019999999999999574,-0.18552875695732443,11.14,,96.58886894075404,"[('Marker_2022.338296', 0.91), ('Marker_2022.351165', 2.0), ('Marker_2022.350658', 3.36), ('Marker_2022.428604', 4.49)]",Marker_Direct_Unique
22589555,11,8.26,8.26,0.0,0.0,8.46,,97.63593380614655,"[('Marker_2022.428600', 2.31), ('Marker_2022.384946', 2.68), ('Marker_2022.428602', 3.27)]",Marker_Direct_Unique
23410451,1,13.48,13.48,0.0,0.0,16.77,,80.38163387000597,"[('Marker_2022.351828', 0.55), ('Marker_2022.351825', 0.94), ('Marker_2022.361096', 1.16), ('Marker_2022.351831', 1.36), ('Marker_2022.361095', 1.59), ('Marker_2022.309477', 1.83), ('Marker_2022.309472', 2.66), ('Marker_2022.309475', 3.39)]",Marker_Tie_Break
24983013,1,26.73,26.73,0.0,0.0,39.76,,67.22837022132796,"[('Marker_2022.17277', 2.4), ('Marker_2022.17278', 3.85), ('Marker_2022.14792', 5.1), ('Marker_2022.71309', 6.07), ('Marker_2022.14793', 9.31)]",Marker_Tie_Break
25016165,263,88.31,88.28,-0.030000000000001137,-0.033971237685427626,90.84,,97.1818582122413,"[('Marker_2022.242357', 1.53), ('Marker_2022.373037', 1.71), ('Marker_2022.242356', 2.84), ('Marker_2022.243308', 3.36), ('Marker_2022.315461', 3.59), ('Marker_2022.243303', 3.68), ('Marker_2022.282743', 4.07), ('Marker_2022.315462', 4.26), ('Marker_2022.363038', 4.48), ('Marker_2022.322646', 4.53), ('Marker_2022.362526', 5.07), ('Marker_2022.242353', 6.34), ('Marker_2022.372495', 6.4), ('Marker_2022.242355', 9.36), ('Marker_2022.322643', 11.75), ('Marker_2022.242354', 15.31)]",Marker_Tie_Break
25057007,11,15.95,15.95,0.0,0.0,20.6,,77.42718446601941,"[('Marker_2022.394511', 15.95)]",Marker_Direct_Unique
25114558,1,156.63,156.42,-0.21000000000000796,-0.13407393219690222,161.69,,96.74067660337683,"[('Marker_2022.38487', 10.93), ('Marker_2022.134004', 20.47), ('Marker_2022.38365', 22.82), ('Marker_2022.62177', 24.8), ('Marker_2022.37909', 32.48), ('Marker_2022.38364', 44.92)]",Marker_Tie_Break
25103343,11,28.16,28.16,0.0,0.0,38.2,,73.71727748691099,"[('Marker_2022.180703', 1.1), ('Marker_2022.161446', 1.22), ('Marker_2022.164386', 1.6), ('Marker_2022.164416', 3.43), ('Marker_2022.164388', 5.73), ('Marker_2022.180702', 6.06), ('Marker_2022.206595', 9.02)]",Marker_Tie_Break
25103343,11,32.13,32.13,0.0,0.0,38.2,,84.10994764397905,"[('Marker_2022.180703', 1.1), ('Marker_2022.161446', 1.22), ('Marker_2022.164386', 1.6), ('Marker_2022.164416', 3.43), ('Marker_2022.161451', 3.97), ('Marker_2022.164388', 5.73), ('Marker_2022.180702', 6.06), ('Marker_2022.206595', 9.02)]",Marker_Tie_Break
25133994,1,32.73,32.68,-0.04999999999999716,-0.15276504735715601,41.0,,79.70731707317074,"[('Marker_2022.314116', 11.95), ('Marker_2022.298400', 20.73)]",Marker_Tie_Break
25133994,10,17.91,17.91,0.0,0.0,27.25,,65.72477064220183,"[('Marker_2022.307036', 17.91)]",Marker_Direct_Unique
25133994,11,24.96,24.880000000000003,-0.0799999999999983,-0.32051282051281366,40.690000000000005,,61.145244531826,"[('Marker_2022.298401', 1.6), ('Marker_2022.314115', 3.59), ('Marker_2022.297279', 19.69)]",Marker_Direct_Unique
25133994,11,35.56,35.5,-0.060000000000002274,-0.16872890888639558,40.690000000000005,,87.24502334725976,"[('Marker_2022.307628', 15.81), ('Marker_2022.297279', 19.69)]",Marker_Direct_Unique
25133994,22,12.8,12.76,-0.040000000000000924,-0.3125000000000072,22.76,,56.06326889279437,"[('Marker_2022.306312', 2.28), ('Marker_2022.306311', 10.48)]",Marker_Direct_Unique
25183649,11,25.32,25.32,0.0,0.0,29.419999999999998,,86.06390210740993,"[('Marker_2022.324208', 1.78), ('Marker_2022.377199', 1.99), ('Marker_2022.377201', 2.05), ('Marker_2022.351287', 2.68), ('Marker_2022.399627', 3.46), ('Marker_2022.377200', 3.58), ('Marker_2022.399626', 9.78)]",Marker_Tie_Break
25213998,216,25.0,25.15,0.14999999999999858,0.5999999999999943,36.18,,69.51354339414041,"[('Marker_2022.439145', 4.18), ('Marker_2022.401490', 8.3), ('Marker_2022.402031', 12.67)]",Marker_Tie_Break
25235894,216,121.75,121.71,-0.04000000000000625,-0.03285420944559035,124.32,,97.90057915057915,"[('Marker_2022.100144', 0.9), ('Marker_2022.50832', 2.69), ('Marker_2022.100706', 4.07), ('Marker_2022.51362', 4.2), ('Marker_2022.50831', 4.7), ('Marker_2022.51947', 4.86), ('Marker_2022.51946', 5.21), ('Marker_2022.100705', 7.81), ('Marker_2022.52554', 10.16), ('Marker_2022.50833', 12.12), ('Marker_2022.99596', 16.32), ('Marker_2022.100142', 17.54), ('Marker_2022.51945', 31.13)]",Marker_Tie_Break
25259920,15,16.65,16.650000000000002,3.552713678800501e-15,2.1337619692495503e-14,17.580000000000002,,94.7098976109215,"[('Marker_2022.421141', 3.93), ('Marker_2022.343026', 4.04), ('Marker_2022.421139', 4.24), ('Marker_2022.343024', 4.44)]",Marker_Direct_Unique
25330692,11,8.0688,8.19,0.12119999999999997,1.5020820939916715,9.07,,90.29768467475192,"[('Marker_2022.365206', 1.46), ('Marker_2022.325420', 1.67), ('Marker_2022.365207', 5.06)]",Marker_Direct_Unique
25330692,1,15.026,15.049999999999999,0.023999999999999133,0.1597231465459812,16.869999999999997,,89.21161825726142,"[('Marker_2022.245681', 6.6), ('Marker_2022.245679', 8.45)]",Marker_Tie_Break
25330692,1,16.5012,16.38,-0.12120000000000175,-0.7344920369427784,16.869999999999997,,97.09543568464731,"[('Marker_2022.325424', 0.14), ('Marker_2022.325421', 1.19), ('Marker_2022.245681', 6.6), ('Marker_2022.245679', 8.45)]",Marker_Tie_Break
25330692,152,14.382,14.309999999999999,-0.07200000000000095,-0.5006257822277913,19.21,,74.49245184799582,"[('Marker_2022.245678', 0.94), ('Marker_2022.365203', 2.15), ('Marker_2022.245680', 2.4), ('Marker_2022.325426', 2.55), ('Marker_2022.365205', 2.6), ('Marker_2022.245682', 3.67)]",Marker_Tie_Break
25330692,152,18.2444,18.27,0.025600000000000733,0.14031702878691946,19.21,,95.10671525247267,"[('Marker_2022.325425', 0.69), ('Marker_2022.365208', 0.93), ('Marker_2022.365203', 2.15), ('Marker_2022.245680', 2.4), ('Marker_2022.325426', 2.55), ('Marker_2022.365205', 2.6), ('Marker_2022.325427', 3.28), ('Marker_2022.245682', 3.67)]",Marker_Tie_Break
25331842,11,15.57,15.8,0.23000000000000043,1.4771997430956996,16.15,,97.83281733746131,"[('Marker_2022.51768', 2.66), ('Marker_2022.52333', 2.98), ('Marker_2022.2692', 3.41), ('Marker_2022.2691', 6.75)]",Marker_Direct_Unique
25449487,1,4.1,4.1,0.0,0.0,4.26,,96.24413145539906,"[('Marker_2022.208050', 4.1)]",Marker_Direct_Unique
25532236,668,6.3,6.2,-0.09999999999999964,-1.5873015873015817,12.29,,50.44751830756713,"[('Marker_2022.234907', 6.2)]",Marker_Direct_Unique
25565584,10,30.3,30.3,0.0,0.0,31.52,,96.12944162436548,"[('Marker_2022.424229', 0.84), ('Marker_2022.370412', 1.62), ('Marker_2022.370409', 2.26), ('Marker_2022.370410', 4.86), ('Marker_2022.370411', 8.42), ('Marker_2022.424227', 12.3)]",Marker_Tie_Break
25551583,1,9.95,9.93,-0.019999999999999574,-0.20100502512562388,,12.52,79.31309904153355,"[('5', 1.87), ('3', 3.73), ('4', 4.33)]",GKEA_Direct_Unique
25566297,583,6.0,5.9399999999999995,-0.0600000000000005,-1.0000000000000084,12.42,,47.826086956521735,"[('Marker_2022.356859', 2.01), ('Marker_2022.281421', 3.93)]",Marker_Tie_Break
25566297,583,6.3,6.3100000000000005,0.010000000000000675,0.15873015873016943,12.42,,50.80515297906602,"[('Marker_2022.281422', 1.15), ('Marker_2022.356857', 1.23), ('Marker_2022.281421', 3.93)]",Marker_Tie_Break
25565584,11,62.51,62.51,0.0,0.0,69.9,,89.42775393419168,"[('Marker_2022.399137', 2.03), ('Marker_2022.353371', 2.79), ('Marker_2022.423752', 3.23), ('Marker_2022.398593', 3.64), ('Marker_2022.353370', 4.38), ('Marker_2022.364903', 7.07), ('Marker_2022.398591', 7.47), ('Marker_2022.353372', 8.91), ('Marker_2022.364902', 9.4), ('Marker_2022.423751', 13.59)]",Marker_Tie_Break
25607899,564,0.7,0.7,0.0,0.0,,0.76,92.10526315789474,"[('C3', 0.08), ('BC1', 0.21), ('C1', 0.41)]",GKEA_Direct_Unique
25608747,1,66.75,66.75,0.0,0.0,74.9,,89.1188251001335,"[('Marker_2022.2357', 0.93), ('Marker_2022.24008', 1.43), ('Marker_2022.24007', 3.84), ('Marker_2022.1750', 4.01), ('Marker_2022.2356', 4.19), ('Marker_2022.1749', 4.52), ('Marker_2022.1751', 5.62), ('Marker_2022.1748', 6.5), ('Marker_2022.23', 9.51), ('Marker_2022.24', 10.69), ('Marker_2022.22', 15.51)]",Marker_Tie_Break
25790642,1,15.3,15.31,0.009999999999999787,0.06535947712418161,15.63,,97.95265515035189,"[('Marker_2022.268068', 1.83), ('Marker_2022.268064', 6.32), ('Marker_2022.269458', 7.16)]",Marker_Direct_Unique
25802705,1,22.9,22.9,0.0,0.0,31.79,,72.03523120478138,"[('Marker_2022.340834', 5.25), ('Marker_2022.340835', 6.53), ('Marker_2022.340836', 11.12)]",Marker_Tie_Break
25846575,252,15.63,15.690000000000001,0.0600000000000005,0.3838771593090243,17.54,,89.4526795895097,"[('Marker_2022.17998', 0.61), ('Marker_2022.17997', 0.7), ('Marker_2022.19224', 0.75), ('Marker_2022.17999', 0.9), ('Marker_2022.19223', 1.45), ('Marker_2022.63435', 1.73), ('Marker_2022.63434', 9.55)]",Marker_Tie_Break
25847946,404,23.98,24.060000000000002,0.08000000000000185,0.3336113427856624,39.08,,61.56601842374617,"[('Marker_2022.59742', 1.65), ('Marker_2022.106765', 7.94), ('Marker_2022.35625', 14.47)]",Marker_Tie_Break
25802705,11,15.9,15.9,0.0,0.0,18.310000000000002,,86.83779355543419,"[('Marker_2022.417724', 15.9)]",Marker_Direct_Unique
25847946,411,44.73,44.730000000000004,7.105427357601002e-15,1.5885149469262245e-14,65.96000000000001,,67.81382656155246,"[('Marker_2022.97971', 2.51), ('Marker_2022.97975', 3.93), ('Marker_2022.35518', 6.11), ('Marker_2022.97974', 6.44), ('Marker_2022.35594', 7.53), ('Marker_2022.36396', 7.65), ('Marker_2022.35523', 10.56)]",Marker_Tie_Break
25848039,402,29.6,29.619999999999997,0.01999999999999602,0.06756756756755411,,46.559999999999995,63.6168384879725,"[('517-0', 1.9), ('519-0', 5.52), ('36-0', 9.61), ('70-0', 12.59)]",GKEA_Tie_Break
25849558,216,28.37,28.53,0.16000000000000014,0.5639760310186822,,36.11,79.00858487953477,"[('241-0', 4.3), ('8-0', 11.73), ('38-0', 12.5)]",GKEA_Direct_Unique
25849639,1,5.0,4.98,-0.019999999999999574,-0.39999999999999153,11.93,,41.74350377200336,"[('Marker_2022.278188', 4.98)]",Marker_Direct_Unique
25849639,102,37.0,36.95,-0.04999999999999716,-0.13513513513512745,51.410000000000004,,71.87317642482007,"[('Marker_2022.276202', 0.42), ('Marker_2022.280610', 3.69), ('Marker_2022.277066', 5.64), ('Marker_2022.280611', 5.65), ('Marker_2022.280609', 5.98), ('Marker_2022.278187', 15.57)]",Marker_Tie_Break
25849639,102,43.75,43.74,-0.00999999999999801,-0.02285714285713831,51.410000000000004,,85.0807235946314,"[('Marker_2022.276202', 0.42), ('Marker_2022.280610', 3.69), ('Marker_2022.277067', 4.8), ('Marker_2022.280611', 5.65), ('Marker_2022.280609', 5.98), ('Marker_2022.280608', 7.63), ('Marker_2022.278187', 15.57)]",Marker_Tie_Break
25854616,1,9.73,9.73,0.0,0.0,14.6,,66.64383561643837,"[('Marker_2022.76400', 1.39), ('Marker_2022.76399', 8.34)]",Marker_Tie_Break
25864301,11,9.58,9.58,0.0,0.0,21.77,,44.005512172714745,"[('Marker_2022.48541', 1.9), ('Marker_2022.48542', 2.7), ('Marker_2022.48543', 4.98)]",Marker_Tie_Break
25864301,1,9.04,9.04,0.0,0.0,14.569999999999999,,62.04529855868223,"[('Marker_2022.21495', 9.04)]",Marker_Direct_Unique
25864301,15,9.21,9.21,0.0,0.0,16.02,,57.49063670411986,"[('Marker_2022.22099', 3.38), ('Marker_2022.46552', 5.83)]",Marker_Tie_Break
25864301,15,10.37,10.37,0.0,0.0,16.02,,64.73158551810236,"[('Marker_2022.46556', 1.16), ('Marker_2022.22099', 3.38), ('Marker_2022.46552', 5.83)]",Marker_Tie_Break
25864301,15,14.3,14.3,0.0,0.0,16.02,,89.26342072409489,"[('Marker_2022.22098', 0.87), ('Marker_2022.46556', 1.16), ('Marker_2022.21083', 3.06), ('Marker_2022.22099', 3.38), ('Marker_2022.46552', 5.83)]",Marker_Direct_Unique
25876989,1,124.44,124.44,0.0,0.0,130.08,,95.6642066420664,"[('Marker_2022.553743', 5.23), ('Marker_2022.553746', 9.05), ('Marker_2022.556082', 9.3), ('Marker_2022.546111', 10.88), ('Marker_2022.554313', 11.39), ('Marker_2022.554317', 11.49), ('Marker_2022.439591', 12.98), ('Marker_2022.553742', 15.76), ('Marker_2022.546021', 16.12), ('Marker_2022.462891', 22.24)]",Marker_Tie_Break
25943538,216,22.82,22.86,0.03999999999999915,0.17528483786152124,39.2,,58.31632653061224,"[('Marker_2022.218065', 5.38), ('Marker_2022.273557', 17.48)]",Marker_Direct_Unique
25986172,216,72.56,72.57,0.009999999999990905,0.013781697905169383,81.03999999999999,,89.54837117472853,"[('Marker_2022.291988', 1.29), ('Marker_2022.360807', 5.55), ('Marker_2022.291994', 6.09), ('Marker_2022.240612', 8.09), ('Marker_2022.291990', 9.74), ('Marker_2022.240066', 12.75), ('Marker_2022.267580', 12.75), ('Marker_2022.240613', 16.31)]",Marker_Tie_Break
25986172,1,14.24,14.27,0.02999999999999936,0.2106741573033663,16.97,,84.0895698291102,"[('Marker_2022.267582', 14.27)]",Marker_Direct_Unique
26056101,31,2.53,2.53,0.0,0.0,4.26,,59.38967136150235,"[('Marker_2022.78630', 2.53)]",Marker_Direct_Unique
26072883,11,11.31,11.31,0.0,0.0,31.84,,35.5213567839196,"[('Marker_2022.105632', 11.31)]",Marker_Direct_Unique
26072883,11,21.34,21.34,0.0,0.0,31.84,,67.02261306532662,"[('Marker_2022.85272', 10.03), ('Marker_2022.105632', 11.31)]",Marker_Direct_Unique
26072883,1,15.42,15.42,0.0,0.0,19.75,,78.0759493670886,"[('Marker_2022.84697', 5.23), ('Marker_2022.133282', 10.19)]",Marker_Direct_Unique
26233887,1,204.07,204.07,0.0,0.0,213.95,,95.38209862117317,"[('Marker_2022.377383', 1.07), ('Marker_2022.329952', 2.91), ('Marker_2022.329950', 3.33), ('Marker_2022.342492', 3.92), ('Marker_2022.480288', 5.89), ('Marker_2022.377382', 6.16), ('Marker_2022.382727', 6.77), ('Marker_2022.430395', 7.14), ('Marker_2022.499175', 8.51), ('Marker_2022.480287', 10.0), ('Marker_2022.416631', 10.09), ('Marker_2022.326825', 10.35), ('Marker_2022.416630', 11.76), ('Marker_2022.499650', 12.52), ('Marker_2022.342491', 17.76), ('Marker_2022.498446', 27.72), ('Marker_2022.456558', 28.39), ('Marker_2022.455269', 29.78)]",Marker_Tie_Break
26235812,10,6.63,6.529999999999999,-0.10000000000000053,-1.5082956259426927,7.05,,92.6241134751773,"[('Marker_2022.233358', 1.47), ('Marker_2022.233356', 1.51), ('Marker_2022.233355', 3.55)]",Marker_Direct_Unique
26235812,3,4.43,4.39,-0.040000000000000036,-0.9029345372460504,7.06,,62.18130311614731,"[('Marker_2022.255575', 0.93), ('Marker_2022.255576', 3.46)]",Marker_Direct_Unique
26295319,22,13.0,13.11,0.10999999999999943,0.8461538461538418,29.18,,44.928032899246055,"[('Marker_2022.392890', 13.11)]",Marker_Direct_Unique
26295319,1,26.1,26.06,-0.0400000000000027,-0.15325670498085323,51.98,,50.1346671796845,"[('Marker_2022.392889', 12.95), ('Marker_2022.392888', 13.11)]",Marker_Tie_Break
26307732,1,25.79,25.31,-0.4800000000000004,-1.8611865063978303,27.31,,92.6766752105456,"[('Marker_2022.24359', 2.33), ('Marker_2022.142551', 5.78), ('Marker_2022.141807', 6.93), ('Marker_2022.142550', 10.27)]",Marker_Direct_Unique
26337305,1,14.88,14.88,0.0,0.0,17.72,,83.97291196388262,"[('Marker_2022.473461', 1.16), ('Marker_2022.490351', 1.73), ('Marker_2022.490352', 3.91), ('Marker_2022.473458', 8.08)]",Marker_Tie_Break
26370787,1,3.6,3.6,0.0,0.0,4.04,,89.10891089108911,"[('Marker_2022.492337', 0.73), ('Marker_2022.362057', 2.87)]",Marker_Direct_Unique
26343283,10,2.14,2.14,0.0,0.0,2.54,,84.25196850393701,"[('Marker_2022.315420', 2.14)]",Marker_Direct_Unique
26389291,210,7.7,7.7,0.0,0.0,10.26,,75.04873294346979,"[('Marker_2022.173933', 0.95), ('Marker_2022.173931', 2.96), ('Marker_2022.173932', 3.79)]",Marker_Direct_Unique
26421217,11,22.0,21.69,-0.3099999999999987,-1.4090909090909032,22.740000000000002,,95.3825857519789,"[('Marker_2022.97372', 7.96), ('Marker_2022.97368', 13.73)]",Marker_Direct_Unique
26421217,15,5.0,4.96,-0.040000000000000036,-0.8000000000000007,5.41,,91.68207024029574,"[('Marker_2022.97373', 1.84), ('Marker_2022.97375', 3.12)]",Marker_Direct_Unique
26426936,101,10.76,10.76,0.0,0.0,11.34,,94.88536155202821,"[('Marker_2022.167908', 2.51), ('Marker_2022.129643', 8.25)]",Marker_Direct_Unique
26463297,112,6.5,6.5,0.0,0.0,13.84,,46.96531791907515,"[('Marker_2022.43848', 6.5)]",Marker_Direct_Unique
26462517,1,19.58,19.7,0.120000000000001,0.6128702757916292,33.25,,59.248120300751886,"[('Marker_2022.244116', 3.08), ('Marker_2022.211974', 5.17), ('Marker_2022.211394', 11.45)]",Marker_Direct_Unique
26463297,1,8.27,8.27,0.0,0.0,19.81,,41.74659262998486,"[('Marker_2022.43851', 8.27)]",Marker_Direct_Unique
26463297,1,15.41,15.41,0.0,0.0,19.81,,77.78899545683998,"[('Marker_2022.43854', 7.14), ('Marker_2022.43851', 8.27)]",Marker_Direct_Unique
26463297,11,22.65,22.65,0.0,0.0,29.51,,76.75364283293797,"[('Marker_2022.68603', 11.1), ('Marker_2022.68605', 11.55)]",Marker_Direct_Unique
26463718,11,17.73,17.73,0.0,0.0,42.9,,41.32867132867133,"[('Marker_2022.64260', 17.73)]",Marker_Direct_Unique
26463718,1,6.87,6.87,0.0,0.0,18.05,,38.06094182825485,"[('Marker_2022.64258', 6.87)]",Marker_Tie_Break
26463718,1,10.66,10.66,0.0,0.0,18.05,,59.05817174515236,"[('Marker_2022.64261', 1.51), ('Marker_2022.36155', 2.28), ('Marker_2022.64258', 6.87)]",Marker_Tie_Break
26493404,11,36.95,36.370000000000005,-0.5799999999999983,-1.56968876860622,40.730000000000004,,89.29535968573533,"[('Marker_2022.116716', 7.46), ('Marker_2022.138764', 8.4), ('Marker_2022.171609', 20.51)]",Marker_Direct_Unique
26550580,11,19.96,19.96,0.0,0.0,23.38,,85.3721129170231,"[('Marker_2022.398151', 1.14), ('Marker_2022.479371', 1.53), ('Marker_2022.352525', 3.74), ('Marker_2022.398150', 5.05), ('Marker_2022.352521', 8.5)]",Marker_Tie_Break
26547202,1,118.61,118.55,-0.060000000000002274,-0.05058595396678381,,124.92999999999999,94.89314015848875,"[('13-1', 3.08), ('28-0', 3.32), ('6-1', 4.02), ('2-0', 5.05), ('7-0', 5.88), ('139-0', 6.07), ('12-0', 6.8), ('21-0', 7.68), ('137-0', 9.97), ('4-0', 12.66), ('3-0', 13.78), ('24-0', 16.9), ('131-0', 23.34)]",GKEA_Tie_Break
26571448,583,1.11,1.11,0.0,0.0,1.9500000000000002,,56.92307692307692,"[('Marker_2022.396299', 1.11)]",Marker_Direct_Unique
26619998,11,32.94,32.53,-0.4099999999999966,-1.2446873102610705,34.12,,95.33997655334116,"[('Marker_2022.384420', 2.62), ('Marker_2022.384423', 4.87), ('Marker_2022.384421', 7.2), ('Marker_2022.347386', 8.36), ('Marker_2022.463491', 9.48)]",Marker_Direct_Unique
26668158,1,16.89,16.69,-0.1999999999999993,-1.1841326228537554,,19.94,83.70110330992979,"[('14-0', 2.67), ('70-0', 3.77), ('25-0', 4.59), ('44-0', 5.66)]",GKEA_Direct_Unique
26702208,3,3.34,3.34,0.0,0.0,4.04,,82.67326732673267,"[('Marker_2022.179304', 3.34)]",Marker_Direct_Unique
26715989,1,10.69,10.69,0.0,0.0,22.48,,47.55338078291815,"[('Marker_2022.6066', 10.69)]",Marker_Tie_Break
26715989,1,15.89,15.89,0.0,0.0,22.48,,70.68505338078292,"[('Marker_2022.3483', 5.2), ('Marker_2022.6066', 10.69)]",Marker_Tie_Break
26715989,1,21.8,21.8,0.0,0.0,22.48,,96.97508896797153,"[('Marker_2022.3483', 5.2), ('Marker_2022.4959', 5.91), ('Marker_2022.6066', 10.69)]",Marker_Tie_Break
26720443,528,6.15,6.08,-0.07000000000000028,-1.1382113821138258,9.290000000000001,,65.44671689989235,"[('Marker_2022.322074', 0.64), ('Marker_2022.322075', 0.78), ('Marker_2022.322079', 4.66)]",Marker_Direct_Unique
26720443,528,6.7,6.720000000000001,0.020000000000000462,0.2985074626865741,9.290000000000001,,72.33584499461787,"[('Marker_2022.322075', 0.78), ('Marker_2022.322078', 1.28), ('Marker_2022.322079', 4.66)]",Marker_Tie_Break
26720443,528,8.5,8.51,0.009999999999999787,0.11764705882352691,9.290000000000001,,91.60387513455326,"[('Marker_2022.322074', 0.64), ('Marker_2022.322078', 1.28), ('Marker_2022.322080', 1.93), ('Marker_2022.322079', 4.66)]",Marker_Tie_Break
26720443,529,2.0,1.98,-0.020000000000000018,-1.0000000000000009,2.39,,82.84518828451883,"[('Marker_2022.322076', 0.45), ('Marker_2022.322077', 0.48), ('Marker_2022.242181', 1.05)]",Marker_Direct_Unique
26726174,1,15.14,15.3,0.16000000000000014,1.0568031704095122,18.74,,81.6435432230523,"[('Marker_2022.273259', 0.67), ('Marker_2022.273254', 6.36), ('Marker_2022.326920', 8.27)]",Marker_Tie_Break
26726174,1,17.09,17.39,0.3000000000000007,1.7554125219426606,18.74,,92.79615795090717,"[('Marker_2022.326919', 2.76), ('Marker_2022.273254', 6.36), ('Marker_2022.326920', 8.27)]",Marker_Direct_Unique
26734940,11,12.48,12.48,0.0,0.0,15.91,,78.44123192960403,"[('Marker_2022.47922', 4.72), ('Marker_2022.47923', 7.76)]",Marker_Direct_Unique
26734940,1,11.39,11.39,0.0,0.0,15.23,,74.7866053841103,"[('Marker_2022.47924', 11.39)]",Marker_Direct_Unique
26734940,1,11.62,11.39,-0.22999999999999865,-1.9793459552495583,15.23,,74.7866053841103,"[('Marker_2022.47924', 11.39)]",Marker_Direct_Unique
26734940,1,23.01,23.009999999999998,-3.552713678800501e-15,-1.5439868225990878e-14,,26.85,85.69832402234636,"[('6', 11.39), ('7', 11.62)]",GKEA_Direct_Unique
26747589,1,39.28,39.28,0.0,0.0,44.98,,87.32770120053358,"[('Marker_2022.33136', 0.93), ('Marker_2022.57472', 0.93), ('Marker_2022.33135', 1.22), ('Marker_2022.33137', 1.99), ('Marker_2022.33133', 2.54), ('Marker_2022.33685', 2.83), ('Marker_2022.104385', 3.03), ('Marker_2022.104384', 3.63), ('Marker_2022.33139', 4.01), ('Marker_2022.57393', 8.87), ('Marker_2022.33138', 9.3)]",Marker_Tie_Break
26747589,11,11.36,11.36,0.0,0.0,14.46,,78.56154910096818,"[('Marker_2022.34024', 2.57), ('Marker_2022.57473', 2.68), ('Marker_2022.104387', 3.0), ('Marker_2022.57741', 3.11)]",Marker_Tie_Break
26748089,1,23.93,23.93,0.0,0.0,29.45,,81.25636672325976,"[('Marker_2022.172708', 1.13), ('Marker_2022.172707', 22.8)]",Marker_Direct_Unique
26748089,216,67.89,67.87,-0.01999999999999602,-0.029459419649427047,72.06,,94.18540105467666,"[('Marker_2022.94952', 1.19), ('Marker_2022.94953', 1.91), ('Marker_2022.160418', 3.47), ('Marker_2022.160421', 3.51), ('Marker_2022.115611', 3.74), ('Marker_2022.160419', 3.76), ('Marker_2022.94955', 6.62), ('Marker_2022.138311', 21.63), ('Marker_2022.115612', 22.04)]",Marker_Tie_Break
26751101,1,12.8,12.88,0.08000000000000007,0.6250000000000006,26.22,,49.12280701754386,"[('Marker_2022.292385', 12.88)]",Marker_Direct_Unique
26751101,11,12.0,11.98,-0.019999999999999574,-0.16666666666666313,23.62,,50.71972904318375,"[('Marker_2022.350907', 5.98), ('Marker_2022.311265', 6.0)]",Marker_Tie_Break
26889251,156,170.61,170.60999999999999,-2.842170943040401e-14,-1.665887663701073e-14,182.43,,93.52080249958887,"[('Marker_2022.122132', 1.81), ('Marker_2022.78486', 1.84), ('Marker_2022.122140', 3.05), ('Marker_2022.78485', 3.28), ('Marker_2022.122141', 4.98), ('Marker_2022.122139', 6.51), ('Marker_2022.78487', 6.78), ('Marker_2022.78483', 7.18), ('Marker_2022.78488', 8.47), ('Marker_2022.100809', 8.6), ('Marker_2022.154438', 11.81), ('Marker_2022.122142', 15.09), ('Marker_2022.122133', 15.32), ('Marker_2022.57244', 23.29), ('Marker_2022.155879', 24.15), ('Marker_2022.125686', 28.45)]",Marker_Tie_Break
26937280,1,5.34,5.34,0.0,0.0,10.66,,50.093808630394,"[('Marker_2022.168655', 5.34)]",Marker_Tie_Break
26937280,11,6.46,6.46,0.0,0.0,10.469999999999999,,61.700095510983765,"[('Marker_2022.168657', 6.46)]",Marker_Direct_Unique
26937280,22,7.04,7.04,0.0,0.0,11.84,,59.45945945945946,"[('Marker_2022.224381', 7.04)]",Marker_Direct_Unique
26946964,1,5.84,5.84,0.0,0.0,8.95,,65.2513966480447,"[('Marker_2022.142282', 5.84)]",Marker_Direct_Unique
26946964,1,8.63,8.629999999999999,-1.7763568394002505e-15,-2.0583509147163966e-14,8.95,,96.42458100558659,"[('Marker_2022.200447', 2.79), ('Marker_2022.142282', 5.84)]",Marker_Direct_Unique
26950678,583,12.8,12.79,-0.010000000000001563,-0.07812500000001221,15.969999999999999,,80.08766437069505,"[('Marker_2022.134772', 0.64), ('Marker_2022.134773', 0.87), ('Marker_2022.154119', 1.16), ('Marker_2022.154120', 1.42), ('Marker_2022.154118', 1.69), ('Marker_2022.134776', 2.09), ('Marker_2022.134770', 4.92)]",Marker_Tie_Break
26966825,1,7.31,7.31,0.0,0.0,11.129999999999999,,65.67834681042228,"[('Marker_2022.35359', 7.31)]",Marker_Direct_Unique
27026699,11,8.88,8.870000000000001,-0.009999999999999787,-0.1126126126126102,11.67,,76.00685518423307,"[('Marker_2022.320783', 1.63), ('Marker_2022.320784', 1.79), ('Marker_2022.320779', 5.45)]",Marker_Direct_Unique
27125840,11,56.28,56.28,0.0,0.0,,59.32,94.87525286581254,"[('13-0', 2.61), ('1-1', 4.48), ('2-2', 10.28), ('30-0', 10.78), ('2-0', 28.13)]",GKEA_Tie_Break
27229379,10,35.15,35.13,-0.01999999999999602,-0.056899004267414004,39.17,,89.68598417155988,"[('Marker_2022.386353', 0.99), ('Marker_2022.386354', 0.99), ('Marker_2022.386352', 1.03), ('Marker_2022.440828', 1.27), ('Marker_2022.386351', 1.67), ('Marker_2022.387694', 1.8), ('Marker_2022.440827', 1.95), ('Marker_2022.440286', 3.25), ('Marker_2022.551662', 3.99), ('Marker_2022.423933', 4.63), ('Marker_2022.386350', 13.56)]",Marker_Tie_Break
27244823,11,4.71,4.71,0.0,0.0,8.809999999999999,,53.46197502837685,"[('Marker_2022.133016', 4.71)]",Marker_Direct_Unique
27259898,216,88.0,87.82,-0.18000000000000682,-0.20454545454546227,89.88,,97.7080551846907,"[('Marker_2022.244390', 3.22), ('Marker_2022.244392', 3.99), ('Marker_2022.244393', 5.35), ('Marker_2022.217886', 5.68), ('Marker_2022.194388', 7.16), ('Marker_2022.183102', 7.31), ('Marker_2022.244394', 7.94), ('Marker_2022.182039', 8.78), ('Marker_2022.244396', 10.01), ('Marker_2022.155743', 12.28), ('Marker_2022.155742', 16.1)]",Marker_Tie_Break
27286542,3,1.29,1.29,0.0,0.0,2.1,,61.42857142857143,"[('Marker_2022.278196', 1.29)]",Marker_Direct_Unique
27286542,11,12.84,12.84,0.0,0.0,29.63,,43.33445831927101,"[('Marker_2022.210875', 12.84)]",Marker_Direct_Unique
27379362,1,5.5,5.5,0.0,0.0,9.63,,57.11318795430944,"[('Marker_2022.94809', 5.5)]",Marker_Direct_Unique
27437109,10,34.5,34.55,0.04999999999999716,0.14492753623187582,37.24,,92.77658431793769,"[('Marker_2022.364155', 13.29), ('Marker_2022.462165', 21.26)]",Marker_Direct_Unique
27411282,1,9.22,9.22,0.0,0.0,16.7,,55.209580838323355,"[('Marker_2022.54942', 9.22)]",Marker_Direct_Unique
27437354,1,10.6,10.76,0.16000000000000014,1.5094339622641524,11.44,,94.05594405594407,"[('Marker_2022.225565', 10.76)]",Marker_Direct_Unique
27472133,1,86.42,86.5,0.0799999999999983,0.09257116408238636,92.8,,93.21120689655173,"[('Marker_2022.556153', 1.56), ('Marker_2022.556152', 4.98), ('Marker_2022.556151', 12.46), ('Marker_2022.399107', 12.66), ('Marker_2022.492779', 23.63), ('Marker_2022.385170', 31.21)]",Marker_Tie_Break
27502237,1,12.0,11.8,-0.1999999999999993,-1.6666666666666607,12.430000000000001,,94.93161705551086,"[('Marker_2022.85557', 11.8)]",Marker_Direct_Unique
27547958,11,15.4,15.41,0.009999999999999787,0.06493506493506354,24.290000000000003,,63.4417455743104,"[('Marker_2022.113760', 6.44), ('Marker_2022.65776', 8.97)]",Marker_Tie_Break
27547958,11,17.8,17.85,0.05000000000000071,0.28089887640449834,24.290000000000003,,73.48703170028818,"[('Marker_2022.114317', 8.88), ('Marker_2022.65776', 8.97)]",Marker_Direct_Unique
27657443,1,6.08,6.08,0.0,0.0,9.41,,64.61211477151966,"[('Marker_2022.28603', 6.08)]",Marker_Direct_Unique
27683940,1,222.58,221.76,-0.8200000000000216,-0.3684068649474443,,227.65,97.41269492642213,"[('115-0', 3.82), ('6-1', 3.88), ('41-0', 5.92), ('82-0', 7.59), ('30-0', 8.34), ('31-0', 8.66), ('84-0', 10.5), ('83-0', 11.75), ('86-0', 13.31), ('114-0', 13.31), ('85-0', 13.4), ('43-0', 13.74), ('60-2', 15.72), ('32-0', 18.1), ('35-0', 18.44), ('40-0', 20.05), ('80-0', 35.23)]",GKEA_Tie_Break
27685676,102,6.46,6.46,0.0,0.0,12.15,,53.16872427983539,"[('Marker_2022.44195', 6.46)]",Marker_Direct_Unique
27685676,151,66.25,65.91,-0.3400000000000034,-0.5132075471698164,70.83,,93.05379076662432,"[('Marker_2022.42996', 0.12), ('Marker_2022.42995', 2.16), ('Marker_2022.43564', 2.91), ('Marker_2022.42994', 3.88), ('Marker_2022.16788', 5.11), ('Marker_2022.16789', 7.59), ('Marker_2022.14937', 8.5), ('Marker_2022.42433', 8.68), ('Marker_2022.14938', 9.79), ('Marker_2022.14936', 17.17)]",Marker_Tie_Break
27715451,1,10.19,10.17,-0.019999999999999574,-0.19627085377820977,15.799999999999999,,64.36708860759494,"[('Marker_2022.434491', 1.73), ('Marker_2022.381216', 2.94), ('Marker_2022.434490', 5.5)]",Marker_Tie_Break
27715451,1,12.81,12.78,-0.030000000000001137,-0.23419203747073483,15.799999999999999,,80.88607594936708,"[('Marker_2022.434491', 1.73), ('Marker_2022.381220', 2.61), ('Marker_2022.381216', 2.94), ('Marker_2022.434490', 5.5)]",Marker_Tie_Break
27715451,1,12.87,12.86,-0.009999999999999787,-0.07770007770007606,15.799999999999999,,81.39240506329114,"[('Marker_2022.409457', 0.71), ('Marker_2022.381217', 0.89), ('Marker_2022.409454', 1.42), ('Marker_2022.434491', 1.73), ('Marker_2022.381220', 2.61), ('Marker_2022.434490', 5.5)]",Marker_Tie_Break
27772757,583,16.48,16.48,0.0,0.0,18.74,,87.94023479188901,"[('Marker_2022.263556', 0.14), ('Marker_2022.263557', 0.88), ('Marker_2022.263553', 1.05), ('Marker_2022.263554', 1.15), ('Marker_2022.209768', 1.36), ('Marker_2022.263555', 1.71), ('Marker_2022.209767', 1.94), ('Marker_2022.209766', 2.55), ('Marker_2022.209765', 5.7)]",Marker_Tie_Break
27805086,14,4.16,4.13,-0.03000000000000025,-0.7211538461538521,5.55,,74.41441441441442,"[('Marker_2022.10389', 0.7), ('Marker_2022.10388', 1.09), ('Marker_2022.10999', 2.34)]",Marker_Direct_Unique
27865836,11,19.92,19.66,-0.26000000000000156,-1.3052208835341443,48.43,,40.594672723518485,"[('Marker_2022.122099', 19.66)]",Marker_Tie_Break
27865836,11,24.37,24.27,-0.10000000000000142,-0.4103405826836332,48.43,,50.11356597150527,"[('Marker_2022.197606', 4.61), ('Marker_2022.122099', 19.66)]",Marker_Tie_Break
27865836,11,43.44,43.45,0.010000000000005116,0.02302025782689944,48.43,,89.71711748915962,"[('Marker_2022.168071', 0.81), ('Marker_2022.168073', 4.58), ('Marker_2022.197606', 4.61), ('Marker_2022.168067', 6.35), ('Marker_2022.168066', 7.44), ('Marker_2022.122099', 19.66)]",Marker_Tie_Break
27895948,6,18.0,18.009999999999998,0.00999999999999801,0.055555555555544506,22.45,,80.22271714922049,"[('Marker_2022.59980', 2.83), ('Marker_2022.70113', 3.02), ('Marker_2022.70110', 3.87), ('Marker_2022.70112', 8.29)]",Marker_Direct_Unique
28012187,520,28.0,28.0,0.0,0.0,30.34,,92.2874093605801,"[('Marker_2022.110637', 2.26), ('Marker_2022.110636', 3.24), ('Marker_2022.111225', 22.5)]",Marker_Tie_Break
28014910,513,1.65,1.66,0.010000000000000009,0.6060606060606066,2.2399999999999998,,74.10714285714286,"[('Marker_2022.467920', 0.53), ('Marker_2022.467921', 1.13)]",Marker_Direct_Unique
28055048,1,6.18,6.18,0.0,0.0,6.489999999999999,,95.22342064714947,"[('Marker_2022.126032', 1.75), ('Marker_2022.126033', 4.43)]",Marker_Direct_Unique
28057865,1,9.15,9.14,-0.009999999999999787,-0.10928961748633645,10.27,,88.99707887049661,"[('Marker_2022.233439', 2.35), ('Marker_2022.233440', 2.79), ('Marker_2022.233442', 4.0)]",Marker_Direct_Unique
28156928,212,4.55,4.55,0.0,0.0,6.64,,68.52409638554217,"[('Marker_2022.62463', 0.48), ('Marker_2022.14661', 0.62), ('Marker_2022.14656', 1.56), ('Marker_2022.64231', 1.89)]",Marker_Tie_Break
28169019,5,20.07,20.07,0.0,0.0,21.17,,94.80396787907416,"[('Marker_2022.29993', 2.8), ('Marker_2022.124275', 3.94), ('Marker_2022.77242', 4.32), ('Marker_2022.55534', 4.33), ('Marker_2022.77241', 4.68)]",Marker_Direct_Unique
28241070,3,3.51,3.51,0.0,0.0,4.55,,77.14285714285715,"[('Marker_2022.377863', 3.51)]",Marker_Direct_Unique
28258461,11,3.71,3.71,0.0,0.0,6.09,,60.91954022988506,"[('Marker_2022.372826', 0.76), ('Marker_2022.372825', 2.95)]",Marker_Direct_Unique
28265883,583,8.04,8.04,0.0,0.0,,11.219999999999999,71.65775401069519,"[('1', 8.04)]",GKEA_Direct_Unique
28331924,31,14.79,14.75,-0.03999999999999915,-0.27045300878971706,,15.82,93.23640960809102,"[('25-2', 1.31), ('26-0', 1.86), ('25-0', 2.21), ('25-1', 2.22), ('3-1', 7.15)]",GKEA_Tie_Break
28425481,11,54.76,54.76,0.0,0.0,56.91,,96.22210507819364,"[('Marker_2022.358719', 1.31), ('Marker_2022.358721', 1.39), ('Marker_2022.359253', 1.69), ('Marker_2022.319247', 1.82), ('Marker_2022.359254', 1.84), ('Marker_2022.358720', 1.93), ('Marker_2022.359255', 1.95), ('Marker_2022.319250', 1.96), ('Marker_2022.388891', 2.04), ('Marker_2022.319251', 3.17), ('Marker_2022.388890', 3.26), ('Marker_2022.388889', 3.59), ('Marker_2022.388888', 4.47), ('Marker_2022.358718', 4.7), ('Marker_2022.369239', 5.6), ('Marker_2022.388887', 14.04)]",Marker_Tie_Break
28467869,15,10.7,10.81,0.11000000000000121,1.0280373831775813,12.17,,88.82497945768283,"[('Marker_2022.410498', 10.81)]",Marker_Direct_Unique
28467869,11,19.8,19.78,-0.019999999999999574,-0.10101010101009886,28.75,,68.80000000000001,"[('Marker_2022.361445', 6.86), ('Marker_2022.427221', 12.92)]",Marker_Direct_Unique
28473982,1,9.5,9.5,0.0,0.0,13.28,,71.53614457831326,"[('Marker_2022.227770', 2.59), ('Marker_2022.227769', 3.05), ('Marker_2022.227771', 3.86)]",Marker_Tie_Break
28473982,1,11.54,11.54,0.0,0.0,13.28,,86.89759036144578,"[('Marker_2022.227772', 2.04), ('Marker_2022.227770', 2.59), ('Marker_2022.227769', 3.05), ('Marker_2022.227771', 3.86)]",Marker_Direct_Unique
28476574,1,45.45,44.870000000000005,-0.5799999999999983,-1.2761276127612722,47.160000000000004,,95.14418999151823,"[('Marker_2022.187051', 21.87), ('Marker_2022.184413', 23.0)]",Marker_Direct_Unique
28559232,1,6.93,6.890000000000001,-0.03999999999999915,-0.5772005772005648,10.64,,64.75563909774436,"[('Marker_2022.266430', 1.7), ('Marker_2022.266432', 5.19)]",Marker_Tie_Break
28559232,1,9.13,8.950000000000001,-0.17999999999999972,-1.971522453450161,10.64,,84.11654135338347,"[('Marker_2022.266430', 1.7), ('Marker_2022.266431', 2.06), ('Marker_2022.266432', 5.19)]",Marker_Direct_Unique
28541023,1,6.07,6.07,0.0,0.0,8.42,,72.09026128266034,"[('Marker_2022.232364', 2.79), ('Marker_2022.231800', 3.28)]",Marker_Direct_Unique
28805918,11,33.04,33.04,0.0,0.0,35.92,,91.98218262806236,"[('Marker_2022.136026', 2.19), ('Marker_2022.150500', 2.24), ('Marker_2022.150502', 2.26), ('Marker_2022.101008', 2.35), ('Marker_2022.149021', 2.35), ('Marker_2022.149022', 3.41), ('Marker_2022.150499', 4.73), ('Marker_2022.150501', 13.51)]",Marker_Tie_Break
28829000,11,46.23,46.46,0.23000000000000398,0.49751243781095394,48.269999999999996,,96.2502589600166,"[('Marker_2022.497602', 1.54), ('Marker_2022.497407', 10.2), ('Marker_2022.497410', 10.79), ('Marker_2022.354862', 23.93)]",Marker_Tie_Break
28850050,583,4.2,4.18,-0.020000000000000462,-0.47619047619048716,,5.91,70.72758037225042,"[('2', 0.78), ('1', 3.4)]",GKEA_Direct_Unique
28896042,22,65.0,64.83,-0.1700000000000017,-0.26153846153846416,66.52,,97.45941070354782,"[('Marker_2022.336589', 2.39), ('Marker_2022.307938', 3.91), ('Marker_2022.308536', 7.49), ('Marker_2022.336587', 10.69), ('Marker_2022.287096', 12.73), ('Marker_2022.337283', 27.62)]",Marker_Tie_Break
28905971,1,31.95,31.95,0.0,0.0,37.78,,84.56855479089465,"[('Marker_2022.494853', 31.95)]",Marker_Direct_Unique
28905971,11,62.3,62.3,0.0,0.0,119.76,,52.02070808283232,"[('Marker_2022.494852', 5.25), ('Marker_2022.352133', 17.24), ('Marker_2022.519878', 17.96), ('Marker_2022.495363', 21.85)]",Marker_Tie_Break
29018553,1,5.3,5.34,0.040000000000000036,0.7547169811320762,7.56,,70.63492063492063,"[('Marker_2022.109659', 5.34)]",Marker_Direct_Unique
29018553,1,7.3,7.2299999999999995,-0.07000000000000028,-0.9589041095890449,7.56,,95.63492063492063,"[('Marker_2022.109657', 1.89), ('Marker_2022.109659', 5.34)]",Marker_Direct_Unique
29024626,1,20.2,20.2,0.0,0.0,25.6,,78.90624999999999,"[('Marker_2022.206094', 4.64), ('Marker_2022.206091', 7.44), ('Marker_2022.152008', 8.12)]",Marker_Direct_Unique
29057125,1,16.3,16.3,0.0,0.0,29.03,,56.14881157423355,"[('Marker_2022.313842', 2.31), ('Marker_2022.313841', 13.99)]",Marker_Direct_Unique
29031223,11,22.0,21.95,-0.05000000000000071,-0.2272727272727305,45.68,,48.051663747810856,"[('Marker_2022.424986', 0.37), ('Marker_2022.370320', 1.13), ('Marker_2022.319500', 5.51), ('Marker_2022.319501', 14.94)]",Marker_Tie_Break
29031223,11,40.0,39.87,-0.13000000000000256,-0.3250000000000064,45.68,,87.28108581436076,"[('Marker_2022.424984', 1.89), ('Marker_2022.319500', 5.51), ('Marker_2022.370852', 7.52), ('Marker_2022.447805', 10.01), ('Marker_2022.319501', 14.94)]",Marker_Tie_Break
29075298,497,6.87,6.87,0.0,0.0,13.11,,52.40274599542334,"[('Marker_2022.315866', 0.8), ('Marker_2022.315858', 1.41), ('Marker_2022.315862', 4.66)]",Marker_Tie_Break
29075298,497,9.58,9.55,-0.02999999999999936,-0.3131524008350664,13.11,,72.84515636918384,"[('Marker_2022.315866', 0.8), ('Marker_2022.315858', 1.41), ('Marker_2022.315857', 2.68), ('Marker_2022.315862', 4.66)]",Marker_Tie_Break
29057125,15,13.04,13.040000000000001,1.7763568394002505e-15,1.362236840030867e-14,14.870000000000001,,87.69334229993275,"[('Marker_2022.297786', 2.39), ('Marker_2022.279435', 10.65)]",Marker_Direct_Unique
29233365,1,50.87,51.0,0.13000000000000256,0.25555337133871153,52.05,,97.98270893371759,"[('Marker_2022.382759', 3.77), ('Marker_2022.331786', 4.52), ('Marker_2022.382264', 5.77), ('Marker_2022.382758', 10.22), ('Marker_2022.334860', 13.23), ('Marker_2022.331785', 13.49)]",Marker_Direct_Unique
29252076,5,28.45,28.439999999999998,-0.010000000000001563,-0.03514938488576999,35.17,,80.86437304520896,"[('Marker_2022.470698', 3.01), ('Marker_2022.526518', 4.42), ('Marker_2022.467335', 4.5), ('Marker_2022.465902', 7.08), ('Marker_2022.467556', 9.43)]",Marker_Tie_Break
29234957,1,10.0,9.97,-0.02999999999999936,-0.2999999999999936,13.89,,71.77825773938085,"[('Marker_2022.385280', 0.97), ('Marker_2022.465106', 2.31), ('Marker_2022.465105', 2.88), ('Marker_2022.385278', 3.81)]",Marker_Tie_Break
29252483,11,30.31,30.35,0.0400000000000027,0.13196964698120323,38.59,,78.64731795802021,"[('Marker_2022.437181', 5.3), ('Marker_2022.437184', 6.04), ('Marker_2022.437182', 8.98), ('Marker_2022.437183', 10.03)]",Marker_Direct_Unique
29438064,11,61.93,61.79,-0.14000000000000057,-0.22606168254480957,,65.8,93.90577507598785,"[('9-1', 0.83), ('9-0', 5.93), ('7-1', 7.27), ('5-0', 9.81), ('8-1', 13.03), ('6-0', 24.92)]",GKEA_Tie_Break
29524904,31,65.0,65.14,0.14000000000000057,0.21538461538461623,67.75,,96.14760147601477,"[('Marker_2022.536118', 1.37), ('Marker_2022.397236', 2.38), ('Marker_2022.489377', 3.06), ('Marker_2022.536116', 3.88), ('Marker_2022.397237', 4.48), ('Marker_2022.489376', 5.55), ('Marker_2022.489373', 6.04), ('Marker_2022.489375', 6.16), ('Marker_2022.536115', 6.79), ('Marker_2022.397238', 7.33), ('Marker_2022.397235', 7.81), ('Marker_2022.489374', 10.29)]",Marker_Tie_Break
29627959,528,9.52,9.52,0.0,0.0,10.27,,92.69717624148004,"[('Marker_2022.81812', 0.52), ('Marker_2022.95336', 0.65), ('Marker_2022.101553', 0.79), ('Marker_2022.101552', 1.24), ('Marker_2022.101550', 1.83), ('Marker_2022.101551', 1.98), ('Marker_2022.81811', 2.51)]",Marker_Tie_Break
29642990,1,20.95,20.95,0.0,0.0,25.64,,81.70826833073322,"[('Marker_2022.468520', 2.59), ('Marker_2022.468519', 18.36)]",Marker_Direct_Unique
29657823,11,290.94,290.8,-0.13999999999998636,-0.04811988726197373,314.86,,92.35850854347964,"[('Marker_2022.262436', 2.87), ('Marker_2022.226225', 6.3), ('Marker_2022.270284', 9.6), ('Marker_2022.226807', 14.11), ('Marker_2022.253911', 16.98), ('Marker_2022.226224', 24.78), ('Marker_2022.304423', 26.63), ('Marker_2022.254437', 34.73), ('Marker_2022.254435', 35.99), ('Marker_2022.226637', 37.47), ('Marker_2022.270282', 38.15), ('Marker_2022.282840', 43.19)]",Marker_Tie_Break
29683743,11,118.16,118.19,0.030000000000001137,0.02538930264048844,121.82000000000001,,97.02019372845182,"[('Marker_2022.307035', 0.63), ('Marker_2022.342583', 1.64), ('Marker_2022.320252', 1.68), ('Marker_2022.306309', 2.72), ('Marker_2022.307032', 6.26), ('Marker_2022.320253', 6.88), ('Marker_2022.319714', 7.41), ('Marker_2022.306583', 8.15), ('Marker_2022.306308', 8.43), ('Marker_2022.314112', 10.23), ('Marker_2022.306307', 10.34), ('Marker_2022.314113', 11.33), ('Marker_2022.301273', 11.38), ('Marker_2022.342578', 15.27), ('Marker_2022.314110', 15.84)]",Marker_Tie_Break
29754063,1,110.4,111.66,1.259999999999991,1.1413043478260787,114.1,,97.86152497808939,"[('Marker_2022.361218', 6.0), ('Marker_2022.316239', 8.43), ('Marker_2022.316243', 20.48), ('Marker_2022.284545', 25.65), ('Marker_2022.285904', 51.1)]",Marker_Direct_Unique
29803013,1,3.33,3.33,0.0,0.0,4.640000000000001,,71.76724137931035,"[('Marker_2022.58908', 0.42), ('Marker_2022.58910', 0.71), ('Marker_2022.58909', 2.2)]",Marker_Direct_Unique
29754063,22,90.26,89.37,-0.8900000000000006,-0.986040327941503,95.53,,93.5517638438187,"[('Marker_2022.325087', 3.73), ('Marker_2022.464955', 8.97), ('Marker_2022.325088', 10.34), ('Marker_2022.298834', 24.95), ('Marker_2022.307114', 41.38)]",Marker_Tie_Break
29920583,1,102.55,102.72,0.1700000000000017,0.16577279375914356,113.82000000000001,,90.24775962045334,"[('Marker_2022.163479', 2.5), ('Marker_2022.137810', 5.64), ('Marker_2022.164047', 6.57), ('Marker_2022.144302', 6.95), ('Marker_2022.169274', 7.87), ('Marker_2022.144305', 8.5), ('Marker_2022.144299', 10.78), ('Marker_2022.103623', 12.0), ('Marker_2022.143992', 13.13), ('Marker_2022.143991', 13.47), ('Marker_2022.169276', 15.31)]",Marker_Tie_Break
29865531,182,85.3,85.69,0.39000000000000057,0.4572098475967182,102.4,,83.681640625,"[('Marker_2022.246281', 5.9), ('Marker_2022.215762', 6.21), ('Marker_2022.216742', 19.04), ('Marker_2022.143547', 23.79), ('Marker_2022.190580', 30.75)]",Marker_Tie_Break
29942471,1,97.55,97.55,0.0,0.0,112.81,,86.47283042283485,"[('Marker_2022.111776', 2.55), ('Marker_2022.41679', 3.01), ('Marker_2022.41686', 3.81), ('Marker_2022.41681', 7.96), ('Marker_2022.111779', 10.65), ('Marker_2022.114429', 13.85), ('Marker_2022.114431', 15.2), ('Marker_2022.111778', 16.81), ('Marker_2022.41680', 23.71)]",Marker_Tie_Break
29979812,3,20.39,20.39,0.0,0.0,,24.09,84.64092984640929,"[('17-1', 0.24), ('36-3', 1.58), ('18-0', 2.05), ('36-0', 2.07), ('24-4', 2.94), ('17-0', 3.18), ('31-0', 3.66), ('132-0', 4.67)]",GKEA_Tie_Break
29979812,14,13.82,13.82,0.0,0.0,,16.5,83.75757575757576,"[('41-0', 3.23), ('47-0', 4.15), ('127-0', 6.44)]",GKEA_Direct_Unique
30105249,5,3.63,3.63,0.0,0.0,5.029999999999999,,72.16699801192844,"[('Marker_2022.570740', 0.37), ('Marker_2022.522358', 0.88), ('Marker_2022.463675', 2.38)]",Marker_Direct_Unique
30105249,410,16.81,16.81,0.0,0.0,20.35,,82.6044226044226,"[('Marker_2022.540634', 4.18), ('Marker_2022.567162', 5.83), ('Marker_2022.568936', 6.8)]",Marker_Direct_Unique
30161394,583,9.7,9.7,0.0,0.0,,11.79,82.27311280746396,"[('6-3', 0.08), ('6-4b', 0.09), ('6-0a', 0.59), ('3-1b', 0.75), ('3-2b', 0.89), ('7-1d', 1.18), ('3-1a', 1.19), ('6-1', 1.82), ('6-0b', 3.11)]",GKEA_Tie_Break
30217039,1,9.9,9.91,0.009999999999999787,0.10101010101009886,15.049999999999999,,65.84717607973423,"[('Marker_2022.402191', 0.3), ('Marker_2022.420896', 0.32), ('Marker_2022.402716', 1.32), ('Marker_2022.420384', 2.42), ('Marker_2022.488294', 5.55)]",Marker_Direct_Unique
30256018,151,26.1,26.099999999999998,-3.552713678800501e-15,-1.3611929803833337e-14,27.65,,94.39421338155515,"[('Marker_2022.278039', 1.03), ('Marker_2022.283323', 4.05), ('Marker_2022.368177', 8.54), ('Marker_2022.281899', 12.48)]",Marker_Tie_Break
30238141,155,112.32,112.06,-0.2599999999999909,-0.2314814814814734,114.88,,97.54526462395545,"[('Marker_2022.116192', 3.0), ('Marker_2022.116191', 4.51), ('Marker_2022.147532', 6.57), ('Marker_2022.103201', 6.97), ('Marker_2022.71043', 8.73), ('Marker_2022.118695', 9.12), ('Marker_2022.71039', 9.22), ('Marker_2022.147531', 9.83), ('Marker_2022.47666', 10.3), ('Marker_2022.142340', 10.33), ('Marker_2022.103198', 15.36), ('Marker_2022.71038', 18.12)]",Marker_Tie_Break
30300580,11,6.41,6.36,-0.04999999999999982,-0.7800312012480471,6.97,,91.24820659971307,"[('Marker_2022.292258', 1.99), ('Marker_2022.340857', 2.18), ('Marker_2022.340858', 2.19)]",Marker_Direct_Unique
30300947,513,1.0,1.02,0.020000000000000018,2.0000000000000018,4.01,,25.436408977556113,"[('Marker_2022.308158', 1.02)]",Marker_Direct_Unique
30381262,30,12.76,12.76,0.0,0.0,16.84,,75.77197149643705,"[('Marker_2022.92643', 12.76)]",Marker_Direct_Unique
30453891,15,24.51,24.73,0.21999999999999886,0.8975928192574413,30.02,,82.37841439040639,"[('Marker_2022.434066', 1.88), ('Marker_2022.448381', 4.31), ('Marker_2022.383530', 5.13), ('Marker_2022.448380', 13.41)]",Marker_Tie_Break
30622634,151,60.05,60.08,0.030000000000001137,0.049958368026646355,71.77,,83.71185732200084,"[('Marker_2022.408510', 3.83), ('Marker_2022.440223', 5.14), ('Marker_2022.390038', 8.12), ('Marker_2022.480058', 18.68), ('Marker_2022.428951', 24.31)]",Marker_Tie_Break
30668618,583,7.0,6.99,-0.009999999999999787,-0.14285714285713982,,17.05,40.997067448680355,"[('8', 0.28), ('2', 6.71)]",GKEA_Tie_Break
30661389,15,21.51,21.52,0.00999999999999801,0.04649000464899121,39.97,,53.840380285213904,"[('Marker_2022.334525', 3.55), ('Marker_2022.358564', 3.75), ('Marker_2022.334529', 4.37), ('Marker_2022.528190', 9.85)]",Marker_Tie_Break
30761308,11,16.0,16.0,0.0,0.0,23.71,,67.48207507380852,"[('Marker_2022.432127', 6.36), ('Marker_2022.465352', 9.64)]",Marker_Direct_Unique
30761308,22,16.85,16.85,0.0,0.0,23.44,,71.88566552901024,"[('Marker_2022.432128', 2.34), ('Marker_2022.432126', 2.77), ('Marker_2022.465351', 11.74)]",Marker_Direct_Unique
31097347,11,301.56,301.56,0.0,0.0,308.36,,97.79478531586457,"[('Marker_2022.397428', 2.93), ('Marker_2022.436928', 3.15), ('Marker_2022.340590', 3.34), ('Marker_2022.436927', 4.57), ('Marker_2022.455154', 5.15), ('Marker_2022.349121', 6.33), ('Marker_2022.455153', 7.06), ('Marker_2022.301557', 8.06), ('Marker_2022.302388', 9.76), ('Marker_2022.302387', 9.96), ('Marker_2022.370215', 11.19), ('Marker_2022.436926', 19.52), ('Marker_2022.284047', 22.88), ('Marker_2022.318270', 28.5), ('Marker_2022.455152', 29.74), ('Marker_2022.397425', 30.87), ('Marker_2022.340589', 34.43), ('Marker_2022.370213', 64.12)]",Marker_Tie_Break
31103096,3,3.92,3.92,0.0,0.0,5.14,,76.26459143968873,"[('Marker_2022.32802', 3.92)]",Marker_Direct_Unique
31147042,1,6.26,6.26,0.0,0.0,10.99,,56.96087352138307,"[('Marker_2022.225536', 6.26)]",Marker_Direct_Unique
31179440,1,10.21,10.21,0.0,0.0,39.99,,25.53138284571143,"[('Marker_2022.284062', 10.21)]",Marker_Tie_Break
31179440,1,24.04,24.04,0.0,0.0,39.99,,60.11502875718929,"[('Marker_2022.284063', 1.01), ('Marker_2022.281147', 2.03), ('Marker_2022.281148', 3.28), ('Marker_2022.280565', 7.51), ('Marker_2022.284062', 10.21)]",Marker_Tie_Break
31179440,1,31.41,31.39,-0.019999999999999574,-0.06367398917542048,39.99,,78.49462365591397,"[('Marker_2022.284064', 1.49), ('Marker_2022.261047', 3.42), ('Marker_2022.280568', 3.55), ('Marker_2022.261044', 5.21), ('Marker_2022.280565', 7.51), ('Marker_2022.284062', 10.21)]",Marker_Tie_Break
31179440,22,5.81,5.819999999999999,0.009999999999999787,0.17211703958691543,7.779999999999999,,74.80719794344472,"[('Marker_2022.280566', 1.18), ('Marker_2022.266138', 4.64)]",Marker_Direct_Unique
31179440,22,5.93,5.949999999999999,0.019999999999999574,0.3372681281618815,7.779999999999999,,76.47814910025707,"[('Marker_2022.265580', 1.31), ('Marker_2022.266138', 4.64)]",Marker_Tie_Break
31179440,22,7.11,7.13,0.019999999999999574,0.2812939521800221,7.779999999999999,,91.6452442159383,"[('Marker_2022.280566', 1.18), ('Marker_2022.265580', 1.31), ('Marker_2022.266138', 4.64)]",Marker_Direct_Unique
31179440,11,8.75,8.89,0.14000000000000057,1.6000000000000065,36.99,,24.03352257366856,"[('Marker_2022.279121', 8.89)]",Marker_Direct_Unique
31179440,11,22.58,22.72,0.14000000000000057,0.6200177147918537,36.99,,61.42200594755338,"[('Marker_2022.261050', 6.04), ('Marker_2022.279689', 7.79), ('Marker_2022.279121', 8.89)]",Marker_Tie_Break
31179440,11,22.67,22.72,0.04999999999999716,0.22055580061754368,36.99,,61.42200594755338,"[('Marker_2022.261050', 6.04), ('Marker_2022.279689', 7.79), ('Marker_2022.279121', 8.89)]",Marker_Tie_Break
31179440,11,23.02,23.07,0.05000000000000071,0.21720243266724898,36.99,,62.36820762368207,"[('Marker_2022.280569', 3.15), ('Marker_2022.280567', 4.99), ('Marker_2022.261050', 6.04), ('Marker_2022.279121', 8.89)]",Marker_Tie_Break
31179440,160,8.64,8.64,0.0,0.0,12.5,,69.12,"[('Marker_2022.281730', 8.64)]",Marker_Direct_Unique
31230187,1,4.46,4.46,0.0,0.0,5.79,,77.0293609671848,"[('Marker_2022.388879', 1.5), ('Marker_2022.388880', 2.96)]",Marker_Direct_Unique
31318297,1,19.84,19.79,-0.05000000000000071,-0.25201612903226167,23.75,,83.32631578947368,"[('Marker_2022.436846', 4.43), ('Marker_2022.475335', 15.36)]",Marker_Direct_Unique
31318297,216,35.2,35.21,0.00999999999999801,0.028409090909085253,36.92,,95.36836403033587,"[('Marker_2022.345201', 3.89), ('Marker_2022.345204', 4.72), ('Marker_2022.461063', 5.13), ('Marker_2022.345202', 5.29), ('Marker_2022.345200', 7.06), ('Marker_2022.436845', 9.12)]",Marker_Direct_Unique
31378745,1,7.83,7.83,0.0,0.0,9.62,,81.3929313929314,"[('Marker_2022.295209', 0.86), ('Marker_2022.295208', 6.97)]",Marker_Direct_Unique
31397898,1,6.61,6.6,-0.010000000000000675,-0.1512859304084822,7.25,,91.03448275862068,"[('Marker_2022.196952', 0.99), ('Marker_2022.196948', 1.54), ('Marker_2022.196949', 1.56), ('Marker_2022.177603', 2.51)]",Marker_Direct_Unique
31441447,11,10.99,10.98,-0.009999999999999787,-0.09099181073703173,16.03,,68.49656893325016,"[('Marker_2022.336582', 10.98)]",Marker_Direct_Unique
31505933,11,24.76,24.76,0.0,0.0,33.85,,73.14623338257017,"[('Marker_2022.326013', 0.46), ('Marker_2022.294721', 3.0), ('Marker_2022.410362', 3.56), ('Marker_2022.409873', 3.68), ('Marker_2022.294722', 6.12), ('Marker_2022.326012', 7.94)]",Marker_Tie_Break
31517737,1,25.68,25.23,-0.4499999999999993,-1.7523364485981283,27.03,,93.34073251942286,"[('Marker_2022.225377', 3.05), ('Marker_2022.225378', 3.06), ('Marker_2022.178496', 5.82), ('Marker_2022.221185', 13.3)]",Marker_Direct_Unique
31688337,1,6.95,6.97,0.019999999999999574,0.2877697841726557,7.109999999999999,,98.03094233473982,"[('Marker_2022.103138', 0.39), ('Marker_2022.95350', 0.9), ('Marker_2022.103141', 1.15), ('Marker_2022.95355', 2.26), ('Marker_2022.95349', 2.27)]",Marker_Direct_Unique
31668557,701,19.15,19.05,-0.09999999999999787,-0.5221932114882396,20.29,,93.88861508132086,"[('Marker_2022.321336', 1.82), ('Marker_2022.396468', 2.53), ('Marker_2022.321337', 4.44), ('Marker_2022.395092', 10.26)]",Marker_Tie_Break
31714559,450,2.28,2.2800000000000002,4.440892098500626e-16,1.9477596923248362e-14,,2.6,87.69230769230771,"[('114-1', 0.46), ('114-2', 0.78), ('114-0', 1.04)]",GKEA_Direct_Unique
31822157,1,33.23,33.28,0.05000000000000426,0.15046644598255873,34.96,,95.19450800915332,"[('Marker_2022.274361', 1.53), ('Marker_2022.254051', 1.58), ('Marker_2022.264781', 3.28), ('Marker_2022.303847', 4.79), ('Marker_2022.248161', 9.21), ('Marker_2022.264784', 12.89)]",Marker_Tie_Break
31842697,15,3.52,3.52,0.0,0.0,5.76,,61.111111111111114,"[('Marker_2022.318291', 3.52)]",Marker_Direct_Unique
31872693,1,140.29,140.1,-0.18999999999999773,-0.1354337443866261,168.6,,83.09608540925268,"[('Marker_2022.246485', 7.04), ('Marker_2022.265399', 8.97), ('Marker_2022.216037', 16.22), ('Marker_2022.230589', 18.25), ('Marker_2022.246483', 24.06), ('Marker_2022.253365', 28.61), ('Marker_2022.230591', 36.95)]",Marker_Tie_Break
31902908,1,14.2,14.14,-0.05999999999999872,-0.42253521126759663,16.51,,85.6450635978195,"[('Marker_2022.388232', 2.17), ('Marker_2022.376029', 11.97)]",Marker_Tie_Break
31924278,1,9.13,9.13,0.0,0.0,10.18,,89.68565815324166,"[('Marker_2022.464872', 0.55), ('Marker_2022.484378', 3.8), ('Marker_2022.464871', 4.78)]",Marker_Direct_Unique
31931878,1,21.84,21.64,-0.1999999999999993,-0.9157509157509125,22.89,,94.5391000436872,"[('Marker_2022.382953', 3.06), ('Marker_2022.383483', 3.15), ('Marker_2022.337654', 4.81), ('Marker_2022.337656', 5.28), ('Marker_2022.382954', 5.34)]",Marker_Direct_Unique
31970342,11,14.1,14.1,0.0,0.0,23.05,,61.17136659436009,"[('Marker_2022.200898', 14.1)]",Marker_Direct_Unique
31970342,11,20.13,20.13,0.0,0.0,23.05,,87.33188720173534,"[('Marker_2022.200896', 1.3), ('Marker_2022.200894', 1.5), ('Marker_2022.200895', 3.23), ('Marker_2022.200898', 14.1)]",Marker_Tie_Break
31986346,15,12.27,12.17,-0.09999999999999964,-0.8149959250203721,12.719999999999999,,95.67610062893083,"[('Marker_2022.49594', 1.24), ('Marker_2022.97474', 1.9), ('Marker_2022.97473', 2.08), ('Marker_2022.97478', 2.93), ('Marker_2022.47867', 4.02)]",Marker_Direct_Unique
32010784,1,19.4,19.39,-0.00999999999999801,-0.05154639175256706,45.74,,42.391779623961526,"[('Marker_2022.164422', 1.06), ('Marker_2022.168635', 1.23), ('Marker_2022.164419', 2.53), ('Marker_2022.164418', 4.28), ('Marker_2022.168641', 10.29)]",Marker_Tie_Break
32010784,1,25.2,25.18,-0.019999999999999574,-0.07936507936507767,45.74,,55.05028421512898,"[('Marker_2022.164422', 1.06), ('Marker_2022.164420', 5.94), ('Marker_2022.168639', 7.89), ('Marker_2022.168641', 10.29)]",Marker_Tie_Break
32010784,1,44.6,44.68,0.0799999999999983,0.1793721973094132,45.74,,97.68255356362046,"[('Marker_2022.168635', 1.23), ('Marker_2022.168637', 1.27), ('Marker_2022.164419', 2.53), ('Marker_2022.164421', 4.05), ('Marker_2022.164418', 4.28), ('Marker_2022.164420', 5.94), ('Marker_2022.164417', 7.2), ('Marker_2022.168639', 7.89), ('Marker_2022.168641', 10.29)]",Marker_Tie_Break
32010784,1,44.66,44.68,0.020000000000003126,0.04478280340350006,45.74,,97.68255356362046,"[('Marker_2022.168635', 1.23), ('Marker_2022.168637', 1.27), ('Marker_2022.164419', 2.53), ('Marker_2022.164421', 4.05), ('Marker_2022.164418', 4.28), ('Marker_2022.164420', 5.94), ('Marker_2022.164417', 7.2), ('Marker_2022.168639', 7.89), ('Marker_2022.168641', 10.29)]",Marker_Tie_Break
32004911,1,23.5,23.16,-0.33999999999999986,-1.4468085106382973,24.47,,94.64650592562322,"[('Marker_2022.275669', 10.83), ('Marker_2022.261119', 12.33)]",Marker_Direct_Unique
32010784,15,34.15,34.32,0.1700000000000017,0.4978038067349977,36.22,,94.7542794036444,"[('Marker_2022.168636', 0.63), ('Marker_2022.168634', 10.14), ('Marker_2022.174591', 11.36), ('Marker_2022.174589', 12.19)]",Marker_Tie_Break
32067379,11,13.91,13.89,-0.019999999999999574,-0.14378145219266408,,15.969999999999999,86.97557921102067,"[('41-0', 1.4), ('42-0', 1.83), ('40-0', 3.19), ('21-0', 7.47)]",GKEA_Tie_Break
32010784,151,26.48,26.490000000000002,0.010000000000001563,0.03776435045317811,36.480000000000004,,72.61513157894737,"[('Marker_2022.174590', 7.1), ('Marker_2022.174593', 7.92), ('Marker_2022.174592', 11.47)]",Marker_Direct_Unique
32082432,499,1.44,1.44,0.0,0.0,,3.69,39.02439024390244,"[('4B', 1.44)]",GKEA_Direct_Unique
32207782,11,6.57,6.49,-0.08000000000000007,-1.2176560121765612,6.99,,92.84692417739629,"[('Marker_2022.207550', 1.36), ('Marker_2022.207547', 1.6), ('Marker_2022.207551', 3.53)]",Marker_Direct_Unique
32228844,1,6.62,6.619999999999999,-8.881784197001252e-16,-1.3416592442600079e-14,12.04,,54.98338870431893,"[('Marker_2022.362280', 0.48), ('Marker_2022.362279', 6.14)]",Marker_Direct_Unique
32304958,528,27.5,27.5,0.0,0.0,,30.37,90.54988475469213,"[('7-7', 0.23), ('7-5', 0.72), ('8-3', 0.83), ('1-0', 1.58), ('7-2', 1.99), ('5-0', 2.19), ('7-0', 2.44), ('2-0', 2.6), ('2-1', 2.62), ('8-0', 3.33), ('6-0', 3.78), ('3-0', 5.19)]",GKEA_Tie_Break
32374638,3,32.0,32.47,0.46999999999999886,1.4687499999999964,34.519999999999996,,94.06141367323292,"[('Marker_2022.245732', 32.47)]",Marker_Direct_Unique
32374638,10,38.22,38.22,0.0,0.0,40.22,,95.02734957732471,"[('Marker_2022.275940', 0.59), ('Marker_2022.275865', 1.74), ('Marker_2022.244239', 3.37), ('Marker_2022.279453', 5.18), ('Marker_2022.243920', 6.76), ('Marker_2022.243921', 8.03), ('Marker_2022.275942', 12.55)]",Marker_Tie_Break
32483003,15,95.49,95.47,-0.01999999999999602,-0.020944601528951747,,98.3,97.12105798575789,"[('6-1d', 1.07), ('105-0', 1.8), ('11-0b', 2.26), ('110-0', 2.35), ('6-1a', 2.43), ('22-1a', 2.69), ('11-0a', 2.96), ('6-1c', 3.54), ('6-0', 3.9), ('300-0c', 5.24), ('22-1c', 9.86), ('150-0', 11.31), ('106-0', 11.57), ('103-0', 12.87), ('300-0b', 21.62)]",GKEA_Tie_Break
32497586,11,6.21,6.21,0.0,0.0,8.8,,70.56818181818181,"[('Marker_2022.349754', 6.21)]",Marker_Direct_Unique
32497586,11,8.33,8.33,0.0,0.0,8.8,,94.6590909090909,"[('Marker_2022.349755', 2.12), ('Marker_2022.349754', 6.21)]",Marker_Direct_Unique
32577334,10,2.03,2.03,0.0,0.0,2.4699999999999998,,82.18623481781377,"[('Marker_2022.116975', 2.03)]",Marker_Direct_Unique
32606482,1,9.23,9.23,0.0,0.0,11.09,,83.22813345356177,"[('Marker_2022.503335', 1.57), ('Marker_2022.480106', 2.02), ('Marker_2022.452610', 5.64)]",Marker_Tie_Break
32696724,216,126.34,126.37,0.030000000000001137,0.02374544878898301,129.91,,97.27503656377493,"[('Marker_2022.70963', 1.03), ('Marker_2022.137504', 1.31), ('Marker_2022.111918', 1.4), ('Marker_2022.111916', 1.79), ('Marker_2022.70966', 3.13), ('Marker_2022.111917', 3.21), ('Marker_2022.44178', 5.21), ('Marker_2022.88845', 5.56), ('Marker_2022.136601', 6.25), ('Marker_2022.70965', 6.96), ('Marker_2022.44113', 7.2), ('Marker_2022.70968', 7.53), ('Marker_2022.137503', 8.84), ('Marker_2022.70967', 8.88), ('Marker_2022.70964', 9.88), ('Marker_2022.44177', 9.99), ('Marker_2022.137505', 17.24), ('Marker_2022.65398', 20.96)]",Marker_Tie_Break
32696988,583,11.0,11.0,0.0,0.0,,25.2,43.65079365079365,"[('4-0', 0.58), ('8-0', 0.69), ('9-0', 0.97), ('6-0', 2.61), ('2-0', 6.15)]",GKEA_Tie_Break
32696988,583,19.0,18.990000000000002,-0.00999999999999801,-0.05263157894735795,,25.2,75.35714285714286,"[('8-0', 0.69), ('9-0', 0.97), ('5-0', 1.14), ('7-0', 2.35), ('3-0', 2.36), ('6-0', 2.61), ('10-0', 2.72), ('2-0', 6.15)]",GKEA_Tie_Break
32696988,583,20.0,20.04,0.03999999999999915,0.19999999999999576,,25.2,79.52380952380952,"[('4-0', 0.58), ('7-0', 2.35), ('6-0', 2.61), ('10-0', 2.72), ('1-0', 5.63), ('2-0', 6.15)]",GKEA_Tie_Break
32696988,583,23.0,22.96,-0.03999999999999915,-0.17391304347825717,,25.2,91.11111111111111,"[('5-0', 1.14), ('7-0', 2.35), ('3-0', 2.36), ('6-0', 2.61), ('10-0', 2.72), ('1-0', 5.63), ('2-0', 6.15)]",GKEA_Tie_Break
32794939,216,62.49,62.54,0.04999999999999716,0.08001280204832319,63.78,,98.05581687049232,"[('Marker_2022.256132', 2.47), ('Marker_2022.238938', 3.7), ('Marker_2022.256130', 4.64), ('Marker_2022.264574', 7.83), ('Marker_2022.268382', 9.94), ('Marker_2022.257552', 14.87), ('Marker_2022.202518', 19.09)]",Marker_Tie_Break
32864163,1,82.7,82.7,0.0,0.0,103.97,,79.54217562758488,"[('Marker_2022.59174', 0.94), ('Marker_2022.106210', 1.85), ('Marker_2022.59721', 2.91), ('Marker_2022.97441', 3.05), ('Marker_2022.59511', 4.92), ('Marker_2022.59509', 7.44), ('Marker_2022.97442', 16.58), ('Marker_2022.97440', 20.24), ('Marker_2022.59506', 24.77)]",Marker_Tie_Break
32864163,1,99.21,99.21,0.0,0.0,103.97,,95.42175627584881,"[('Marker_2022.59174', 0.94), ('Marker_2022.97441', 3.05), ('Marker_2022.59511', 4.92), ('Marker_2022.59509', 7.44), ('Marker_2022.97442', 16.58), ('Marker_2022.97440', 20.24), ('Marker_2022.106208', 21.27), ('Marker_2022.59506', 24.77)]",Marker_Tie_Break
32864163,1,101.06,101.06,0.0,0.0,103.97,,97.20111570645379,"[('Marker_2022.59174', 0.94), ('Marker_2022.106210', 1.85), ('Marker_2022.97441', 3.05), ('Marker_2022.59511', 4.92), ('Marker_2022.59509', 7.44), ('Marker_2022.97442', 16.58), ('Marker_2022.97440', 20.24), ('Marker_2022.106208', 21.27), ('Marker_2022.59506', 24.77)]",Marker_Tie_Break
32864163,11,31.68,31.68,0.0,0.0,40.269999999999996,,78.66898435559972,"[('Marker_2022.106207', 8.68), ('Marker_2022.106206', 23.0)]",Marker_Tie_Break
32864163,109,14.75,14.75,0.0,0.0,27.07,,54.48836350203177,"[('Marker_2022.106209', 14.75)]",Marker_Direct_Unique
32875882,1,10.5,10.57,0.07000000000000028,0.6666666666666694,17.03,,62.06694069289489,"[('Marker_2022.21825', 1.85), ('Marker_2022.68447', 8.72)]",Marker_Direct_Unique
32864163,513,0.65,0.65,0.0,0.0,1.0,,65.0,"[('Marker_2022.59726', 0.27), ('Marker_2022.59727', 0.38)]",Marker_Direct_Unique
32922899,11,28.83,28.830000000000002,3.552713678800501e-15,1.2322974952481793e-14,35.58,,81.02866779089378,"[('Marker_2022.70843', 3.23), ('Marker_2022.70844', 3.82), ('Marker_2022.71910', 21.78)]",Marker_Tie_Break
32938329,1,64.02,63.86,-0.1599999999999966,-0.2499218994064302,69.52,,91.85845799769851,"[('Marker_2022.75541', 1.58), ('Marker_2022.75539', 2.67), ('Marker_2022.50994', 6.99), ('Marker_2022.75510', 7.14), ('Marker_2022.76013', 7.31), ('Marker_2022.28448', 11.04), ('Marker_2022.123009', 12.68), ('Marker_2022.50995', 14.45)]",Marker_Tie_Break
33020899,11,20.3,20.3,0.0,0.0,,35.14,57.76892430278885,"[('14', 20.3)]",GKEA_Direct_Unique
33238177,1,5.5,5.4,-0.09999999999999964,-1.818181818181812,14.4,,37.5,"[('Marker_2022.7218', 5.4)]",Marker_Direct_Unique
33238177,1,12.0,11.91,-0.08999999999999986,-0.7499999999999989,14.4,,82.70833333333333,"[('Marker_2022.6138', 1.65), ('Marker_2022.6140', 2.21), ('Marker_2022.6142', 2.65), ('Marker_2022.7218', 5.4)]",Marker_Tie_Break
33277857,1,32.58,32.589999999999996,0.00999999999999801,0.030693677102510773,33.35,,97.72113943028484,"[('Marker_2022.218396', 0.97), ('Marker_2022.218391', 1.7), ('Marker_2022.218395', 2.53), ('Marker_2022.218393', 4.26), ('Marker_2022.218390', 4.97), ('Marker_2022.219830', 18.16)]",Marker_Tie_Break
33305303,1,15.65,15.649999999999999,-1.7763568394002505e-15,-1.1350522935464858e-14,17.15,,91.25364431486881,"[('Marker_2022.190348', 1.37), ('Marker_2022.131526', 14.28)]",Marker_Tie_Break
33305303,11,50.04,50.04,0.0,0.0,52.13,,95.99079225014387,"[('Marker_2022.190347', 3.61), ('Marker_2022.131525', 20.43), ('Marker_2022.190351', 26.0)]",Marker_Direct_Unique
33326742,11,21.5,21.57,0.07000000000000028,0.3255813953488385,22.28,,96.8132854578097,"[('Marker_2022.159303', 0.87), ('Marker_2022.159301', 3.77), ('Marker_2022.159299', 16.93)]",Marker_Tie_Break
33332211,1,4.28,4.28,0.0,0.0,4.66,,91.84549356223177,"[('Marker_2022.38737', 1.22), ('Marker_2022.38118', 3.06)]",Marker_Direct_Unique
33327625,13,94.61,94.61,0.0,0.0,106.98,,88.43709104505515,"[('Marker_2022.278679', 1.65), ('Marker_2022.278680', 1.85), ('Marker_2022.201054', 19.75), ('Marker_2022.278678', 19.94), ('Marker_2022.201052', 51.42)]",Marker_Tie_Break
33336098,1,10.03,10.030000000000001,1.7763568394002505e-15,1.7710437082754243e-14,12.04,,83.30564784053158,"[('Marker_2022.39496', 2.2), ('Marker_2022.38923', 7.83)]",Marker_Tie_Break
33343132,11,18.0,18.12,0.120000000000001,0.6666666666666722,20.73,,87.4095513748191,"[('Marker_2022.464423', 0.39), ('Marker_2022.245825', 17.73)]",Marker_Tie_Break
33358741,11,135.33,135.39,0.05999999999997385,0.044336067390803105,140.72,,96.21233655486071,"[('Marker_2022.353250', 0.76), ('Marker_2022.353251', 1.5), ('Marker_2022.447931', 1.66), ('Marker_2022.353246', 4.18), ('Marker_2022.447932', 4.2), ('Marker_2022.441522', 9.58), ('Marker_2022.367340', 13.25), ('Marker_2022.445263', 18.59), ('Marker_2022.496363', 23.6), ('Marker_2022.447930', 23.63), ('Marker_2022.496364', 34.44)]",Marker_Tie_Break
33722257,101,9.6,9.6,0.0,0.0,14.309999999999999,,67.08595387840671,"[('Marker_2022.331473', 4.42), ('Marker_2022.331472', 5.18)]",Marker_Direct_Unique
33733585,15,10.59,10.59,0.0,0.0,11.47,,92.32781168265038,"[('Marker_2022.393775', 10.59)]",Marker_Direct_Unique
33733585,1,18.06,18.06,0.0,0.0,18.94,,95.35374868004223,"[('Marker_2022.393782', 0.25), ('Marker_2022.393780', 0.74), ('Marker_2022.322570', 1.6), ('Marker_2022.393781', 2.46), ('Marker_2022.393779', 3.03), ('Marker_2022.322569', 3.72), ('Marker_2022.393783', 6.26)]",Marker_Tie_Break
33871139,1,10.57,10.57,0.0,0.0,27.41,,38.56256840569136,"[('Marker_2022.258549', 10.57)]",Marker_Tie_Break
33871139,1,23.42,23.42,0.0,0.0,27.41,,85.44326887997083,"[('Marker_2022.211384', 6.19), ('Marker_2022.211383', 6.66), ('Marker_2022.258549', 10.57)]",Marker_Direct_Unique
33736428,11,45.7,45.19,-0.5100000000000051,-1.1159737417943218,48.01,,94.12622370339513,"[('Marker_2022.339422', 3.88), ('Marker_2022.339418', 17.88), ('Marker_2022.342524', 23.43)]",Marker_Direct_Unique
33988206,404,23.3,23.3,0.0,0.0,28.55,,81.61120840630473,"[('Marker_2022.259379', 6.75), ('Marker_2022.259386', 16.55)]",Marker_Direct_Unique
33988206,553,34.97,34.91,-0.060000000000002274,-0.17157563625965763,44.1,,79.1609977324263,"[('Marker_2022.293915', 4.79), ('Marker_2022.341057', 5.19), ('Marker_2022.301661', 7.51), ('Marker_2022.337577', 8.07), ('Marker_2022.291898', 9.35)]",Marker_Tie_Break
34131910,1,78.04,78.04,0.0,0.0,81.07000000000001,,96.26248920685828,"[('Marker_2022.427843', 2.66), ('Marker_2022.331812', 3.11), ('Marker_2022.315288', 4.0), ('Marker_2022.331810', 4.44), ('Marker_2022.308794', 4.91), ('Marker_2022.315289', 4.96), ('Marker_2022.291823', 5.82), ('Marker_2022.292716', 6.57), ('Marker_2022.274262', 6.88), ('Marker_2022.331813', 7.33), ('Marker_2022.274808', 7.84), ('Marker_2022.331811', 9.71), ('Marker_2022.292719', 9.81)]",Marker_Tie_Break
34145091,11,2.23,2.23,0.0,0.0,3.9,,57.179487179487175,"[('Marker_2022.185740', 2.23)]",Marker_Direct_Unique
34235651,583,5.5,5.48,-0.019999999999999574,-0.3636363636363559,,8.02,68.32917705735662,"[('Sten S', 1.56), ('Myrene', 3.92)]",GKEA_Direct_Unique
34235651,583,7.72,7.720000000000001,8.881784197001252e-16,1.1504901809587116e-14,,8.02,96.25935162094764,"[('Sten S', 1.56), ('Sten N', 2.24), ('Myrene', 3.92)]",GKEA_Direct_Unique
34413053,1,6.09,6.09,0.0,0.0,6.51,,93.5483870967742,"[('Marker_2022.127204', 6.09)]",Marker_Direct_Unique
34449791,15,26.5,26.41,-0.08999999999999986,-0.33962264150943344,35.93,,73.50403562482605,"[('Marker_2022.70496', 5.62), ('Marker_2022.90224', 10.24), ('Marker_2022.90223', 10.55)]",Marker_Direct_Unique
34413053,11,12.21,12.21,0.0,0.0,16.51,,73.95517867958813,"[('Marker_2022.127200', 12.21)]",Marker_Direct_Unique
34480141,15,85.7,85.82,0.11999999999999034,0.1400233372228592,90.91,,94.4010559894401,"[('Marker_2022.426953', 2.49), ('Marker_2022.426954', 3.45), ('Marker_2022.426955', 4.64), ('Marker_2022.435551', 5.06), ('Marker_2022.476833', 5.95), ('Marker_2022.570413', 6.33), ('Marker_2022.426957', 6.73), ('Marker_2022.537011', 13.6), ('Marker_2022.465913', 15.59), ('Marker_2022.520142', 21.98)]",Marker_Tie_Break
34645647,583,28.0,27.93,-0.07000000000000028,-0.250000000000001,47.06,,59.349766255843605,"[('Marker_2022.467104', 2.09), ('Marker_2022.467108', 2.74), ('Marker_2022.461207', 2.94), ('Marker_2022.461208', 7.1), ('Marker_2022.467105', 13.06)]",Marker_Tie_Break
34696268,1,90.0,90.01,0.010000000000005116,0.011111111111116796,93.54,,96.22621338464828,"[('Marker_2022.49286', 1.09), ('Marker_2022.47548', 2.07), ('Marker_2022.49285', 3.01), ('Marker_2022.48106', 3.91), ('Marker_2022.49282', 5.55), ('Marker_2022.48712', 14.81), ('Marker_2022.48711', 17.55), ('Marker_2022.48710', 19.69), ('Marker_2022.7479', 22.33)]",Marker_Tie_Break
34752583,216,69.68,69.69,0.009999999999990905,0.014351320321456522,71.23,,97.8379896111189,"[('Marker_2022.16777', 1.22), ('Marker_2022.16774', 3.39), ('Marker_2022.17389', 3.74), ('Marker_2022.15544', 4.56), ('Marker_2022.16179', 4.63), ('Marker_2022.16778', 5.15), ('Marker_2022.16776', 5.4), ('Marker_2022.15543', 6.49), ('Marker_2022.16180', 7.39), ('Marker_2022.64422', 11.45), ('Marker_2022.17388', 16.27)]",Marker_Tie_Break
34791805,1,113.68,113.73,0.04999999999999716,0.04398311048557104,117.2,,97.03924914675768,"[('Marker_2022.495601', 2.51), ('Marker_2022.495597', 3.21), ('Marker_2022.472230', 5.94), ('Marker_2022.462019', 7.36), ('Marker_2022.462017', 7.52), ('Marker_2022.472234', 10.57), ('Marker_2022.462485', 15.21), ('Marker_2022.472232', 17.25), ('Marker_2022.415628', 19.29), ('Marker_2022.495598', 24.87)]",Marker_Tie_Break
34851808,11,31.4,31.43,0.030000000000001137,0.09554140127388897,53.339999999999996,,58.9238845144357,"[('Marker_2022.406604', 31.43)]",Marker_Direct_Unique
34851808,10,37.8,37.83,0.030000000000001137,0.07936507936508239,55.74,,67.86867599569429,"[('Marker_2022.315076', 0.44), ('Marker_2022.328300', 6.2), ('Marker_2022.328301', 9.69), ('Marker_2022.315075', 21.5)]",Marker_Tie_Break
34929157,10,13.59,13.59,0.0,0.0,15.790000000000001,,86.06713109563015,"[('Marker_2022.392137', 0.77), ('Marker_2022.392136', 1.18), ('Marker_2022.366421', 2.49), ('Marker_2022.345964', 4.48), ('Marker_2022.357391', 4.67)]",Marker_Tie_Break
34965765,10,10.64,10.57,-0.07000000000000028,-0.6578947368421079,15.36,,68.81510416666667,"[('Marker_2022.505165', 10.57)]",Marker_Direct_Unique
34965765,11,22.51,22.509999999999998,-3.552713678800501e-15,-1.578282398400933e-14,63.5,,35.44881889763779,"[('Marker_2022.503091', 7.16), ('Marker_2022.555534', 15.35)]",Marker_Tie_Break
34965765,11,40.51,40.65,0.14000000000000057,0.3455936805726995,63.5,,64.01574803149606,"[('Marker_2022.505164', 1.66), ('Marker_2022.503089', 2.92), ('Marker_2022.503091', 7.16), ('Marker_2022.555533', 13.56), ('Marker_2022.555534', 15.35)]",Marker_Tie_Break
35046984,421,22.5,22.47,-0.030000000000001137,-0.13333333333333838,,42.17,53.28432534977472,"[('18-0', 3.32), ('44-0', 7.09), ('45-0', 12.06)]",GKEA_Tie_Break
35104860,528,5.02,4.92,-0.09999999999999964,-1.9920318725099533,,6.06,81.1881188118812,"[('1-1-4', 0.17), ('1-4', 0.33), ('1-3', 1.17), ('1-0', 1.49), ('1-7', 1.76)]",GKEA_Direct_Unique
35208119,101,60.97,61.04,0.07000000000000028,0.11481056257175706,67.11,,90.95514826404411,"[('Marker_2022.365876', 1.03), ('Marker_2022.563167', 1.74), ('Marker_2022.563168', 3.57), ('Marker_2022.563169', 4.14), ('Marker_2022.390031', 4.23), ('Marker_2022.395173', 6.69), ('Marker_2022.404584', 7.54), ('Marker_2022.365875', 7.81), ('Marker_2022.395175', 8.01), ('Marker_2022.563164', 16.28)]",Marker_Tie_Break
35420665,1,30.39,30.36,-0.030000000000001137,-0.09871668311945093,37.68,,80.57324840764332,"[('Marker_2022.46517', 1.64), ('Marker_2022.46500', 3.69), ('Marker_2022.43724', 4.14), ('Marker_2022.43723', 4.76), ('Marker_2022.97564', 5.56), ('Marker_2022.138955', 10.57)]",Marker_Tie_Break
35448020,1,20.93,20.93,0.0,0.0,22.7,,92.20264317180616,"[('Marker_2022.326652', 0.93), ('Marker_2022.383497', 1.06), ('Marker_2022.383495', 1.91), ('Marker_2022.383499', 2.18), ('Marker_2022.326106', 3.74), ('Marker_2022.357430', 4.01), ('Marker_2022.357427', 7.1)]",Marker_Tie_Break
35512969,503,4.93,4.93,0.0,0.0,,12.86,38.33592534992224,"[('v6', 4.93)]",GKEA_Direct_Unique
35512969,503,9.35,9.35,0.0,0.0,,12.86,72.70606531881803,"[('s10', 4.42), ('v6', 4.93)]",GKEA_Direct_Unique
35512969,503,10.64,10.64,0.0,0.0,,12.86,82.73716951788492,"[('s6d', 1.29), ('s10', 4.42), ('v6', 4.93)]",GKEA_Direct_Unique
35448020,10,14.18,14.18,0.0,0.0,14.7,,96.4625850340136,"[('Marker_2022.383500', 1.36), ('Marker_2022.383494', 2.94), ('Marker_2022.333465', 4.67), ('Marker_2022.397889', 5.21)]",Marker_Direct_Unique
35512969,504,2.03,2.03,0.0,0.0,4.27,,47.54098360655738,"[('Marker_2022.505950', 2.03)]",Marker_Direct_Unique
35512969,504,2.82,2.82,0.0,0.0,4.27,,66.04215456674474,"[('Marker_2022.528217', 0.79), ('Marker_2022.505950', 2.03)]",Marker_Direct_Unique
35583785,1,34.61,34.77,0.1600000000000037,0.4622941346431774,41.64,,83.50144092219021,"[('Marker_2022.113133', 1.03), ('Marker_2022.113134', 2.65), ('Marker_2022.75442', 2.96), ('Marker_2022.174399', 6.76), ('Marker_2022.113132', 7.46), ('Marker_2022.153142', 13.91)]",Marker_Tie_Break
35512969,564,5.52,5.52,0.0,0.0,9.68,,57.02479338842975,"[('Marker_2022.564719', 5.52)]",Marker_Direct_Unique
35512969,564,6.43,6.43,0.0,0.0,9.68,,66.42561983471074,"[('Marker_2022.564717', 0.91), ('Marker_2022.564719', 5.52)]",Marker_Tie_Break
35647473,583,30.47,30.6,0.13000000000000256,0.42664916311126544,,44.39,68.93444469475108,"[('2011', 4.55), ('2019', 4.94), ('2012', 5.81), ('2016', 6.63), ('2015', 8.67)]",GKEA_Tie_Break
35767614,1,39.44,39.56,0.12000000000000455,0.30425963488844965,60.95,,64.90566037735849,"[('Marker_2022.422145', 8.24), ('Marker_2022.422144', 10.3), ('Marker_2022.422143', 21.02)]",Marker_Tie_Break
35816291,101,27.03,27.270000000000003,0.240000000000002,0.8879023307436255,43.6,,62.545871559633035,"[('Marker_2022.332019', 4.41), ('Marker_2022.353838', 5.6), ('Marker_2022.353334', 17.26)]",Marker_Direct_Unique
35872612,3,16.02,16.02,0.0,0.0,25.07,,63.90107698444356,"[('Marker_2022.186404', 0.41), ('Marker_2022.248708', 0.68), ('Marker_2022.239928', 1.29), ('Marker_2022.186411', 1.4), ('Marker_2022.239931', 2.82), ('Marker_2022.239929', 4.32), ('Marker_2022.232224', 5.1)]",Marker_Tie_Break
35952233,1,255.94,255.89000000000001,-0.04999999999998295,-0.019535828709847207,320.62,,79.81099120454121,"[('Marker_2022.530135', 0.06), ('Marker_2022.533877', 0.41), ('Marker_2022.546747', 6.44), ('Marker_2022.546748', 9.69), ('Marker_2022.533464', 16.26), ('Marker_2022.539019', 25.84), ('Marker_2022.505585', 27.63), ('Marker_2022.533879', 39.84), ('Marker_2022.541431', 40.22), ('Marker_2022.480612', 43.98), ('Marker_2022.533874', 45.52)]",Marker_Tie_Break
35746714,583,55.48,55.24,-0.23999999999999488,-0.43258832011534765,73.13,,75.53671543826064,"[('Marker_2022.492553', 0.39), ('Marker_2022.555159', 0.65), ('Marker_2022.492554', 0.73), ('Marker_2022.555155', 1.2), ('Marker_2022.555154', 2.2), ('Marker_2022.492556', 2.27), ('Marker_2022.555150', 2.27), ('Marker_2022.452958', 2.3), ('Marker_2022.492552', 2.46), ('Marker_2022.555152', 2.66), ('Marker_2022.452957', 2.68), ('Marker_2022.492006', 3.08), ('Marker_2022.452955', 3.6), ('Marker_2022.492559', 3.6), ('Marker_2022.554680', 3.62), ('Marker_2022.492557', 3.74), ('Marker_2022.555153', 3.74), ('Marker_2022.555156', 4.24), ('Marker_2022.555151', 4.82), ('Marker_2022.492555', 4.99)]",Marker_Tie_Break
36093498,107,50.05,50.080000000000005,0.030000000000008242,0.05994005994007641,56.300000000000004,,88.95204262877444,"[('Marker_2022.490613', 5.87), ('Marker_2022.404866', 10.23), ('Marker_2022.428166', 15.56), ('Marker_2022.386243', 18.42)]",Marker_Tie_Break
36215461,108,92.29,92.63,0.3399999999999892,0.368403944089272,116.48,,79.52438186813187,"[('Marker_2022.191911', 1.5), ('Marker_2022.191912', 5.58), ('Marker_2022.138631', 26.32), ('Marker_2022.191910', 28.8), ('Marker_2022.104424', 30.43)]",Marker_Tie_Break
36293381,1,40.81,40.81,0.0,0.0,52.03,,78.43551797040169,"[('Marker_2022.81009', 1.71), ('Marker_2022.54838', 2.51), ('Marker_2022.135184', 3.04), ('Marker_2022.81007', 3.9), ('Marker_2022.80873', 4.43), ('Marker_2022.81008', 5.37), ('Marker_2022.81003', 7.49), ('Marker_2022.128088', 12.36)]",Marker_Tie_Break
36323213,151,41.69,41.620000000000005,-0.06999999999999318,-0.16790597265529666,43.18,,96.38721630384438,"[('Marker_2022.31062', 2.02), ('Marker_2022.31681', 2.6), ('Marker_2022.7841', 4.74), ('Marker_2022.6594', 4.92), ('Marker_2022.31680', 5.03), ('Marker_2022.32811', 6.93), ('Marker_2022.8749', 7.25), ('Marker_2022.31679', 8.13)]",Marker_Tie_Break
36358238,1,38.58,38.58,0.0,0.0,70.42,,54.7855722806021,"[('Marker_2022.476497', 3.4), ('Marker_2022.475980', 16.8), ('Marker_2022.542210', 18.38)]",Marker_Tie_Break
36345489,1,212.67,212.79999999999998,0.12999999999999545,0.06112756853340644,216.93,,98.09616005162954,"[('Marker_2022.387695', 2.39), ('Marker_2022.384968', 3.17), ('Marker_2022.440829', 4.01), ('Marker_2022.425367', 4.08), ('Marker_2022.513301', 5.27), ('Marker_2022.572928', 6.64), ('Marker_2022.572927', 7.24), ('Marker_2022.365825', 7.81), ('Marker_2022.574378', 9.45), ('Marker_2022.386903', 10.24), ('Marker_2022.425368', 11.31), ('Marker_2022.425366', 11.46), ('Marker_2022.513304', 11.52), ('Marker_2022.410735', 15.3), ('Marker_2022.415241', 17.49), ('Marker_2022.410736', 22.3), ('Marker_2022.552180', 23.71), ('Marker_2022.386355', 39.41)]",Marker_Tie_Break
36358238,22,11.83,11.83,0.0,0.0,28.58,,41.392582225332404,"[('Marker_2022.476493', 11.83)]",Marker_Direct_Unique
36358238,22,20.35,20.35,0.0,0.0,28.58,,71.20363890832752,"[('Marker_2022.476494', 8.52), ('Marker_2022.476493', 11.83)]",Marker_Tie_Break
36454873,541,5.52,5.49,-0.02999999999999936,-0.5434782608695536,,5.82,94.3298969072165,"[('2-0', 0.94), ('3-0', 1.68), ('1-0', 2.87)]",GKEA_Direct_Unique
36638311,1,7.78,7.78,0.0,0.0,12.100000000000001,,64.29752066115701,"[('Marker_2022.245054', 7.78)]",Marker_Direct_Unique
36685972,406,5.88,5.88,0.0,0.0,,7.16,82.12290502793296,"[('5-0', 5.88)]",GKEA_Direct_Unique
36685972,416,1.59,1.59,0.0,0.0,,2.71,58.671586715867164,"[('10-6', 1.59)]",GKEA_Direct_Unique
36728469,583,11.54,11.540000000000001,1.7763568394002505e-15,1.5393040202775134e-14,12.17,,94.82333607230896,"[('Marker_2022.213401', 0.16), ('Marker_2022.182665', 0.32), ('Marker_2022.236838', 0.38), ('Marker_2022.236836', 0.68), ('Marker_2022.182664', 1.03), ('Marker_2022.236837', 1.05), ('Marker_2022.236839', 1.21), ('Marker_2022.236841', 3.14), ('Marker_2022.236840', 3.57)]",Marker_Tie_Break
36943270,583,40.7,40.66,-0.04000000000000625,-0.09828009828011364,,41.92,96.9942748091603,"[('15-2', 0.48), ('12-0', 0.51), ('8-2', 1.03), ('15-0', 1.09), ('8-1', 1.52), ('9-3', 3.09), ('8-0', 4.24), ('15-3', 5.51), ('9-2', 10.79), ('8-3', 12.4)]",GKEA_Tie_Break
36947055,1,9.92,9.92,0.0,0.0,19.43,,51.05506948018528,"[('Marker_2022.3591', 2.23), ('Marker_2022.26154', 7.69)]",Marker_Direct_Unique
37067288,216,59.54,59.32,-0.21999999999999886,-0.3694994961370488,61.230000000000004,,96.8806140780663,"[('Marker_2022.65336', 3.06), ('Marker_2022.38239', 6.66), ('Marker_2022.113123', 7.03), ('Marker_2022.38243', 7.76), ('Marker_2022.131593', 7.87), ('Marker_2022.113122', 11.73), ('Marker_2022.38241', 15.21)]",Marker_Direct_Unique
37266493,1,25.0,25.03,0.030000000000001137,0.12000000000000455,30.0,,83.43333333333334,"[('Marker_2022.478472', 0.85), ('Marker_2022.478471', 1.59), ('Marker_2022.478470', 2.31), ('Marker_2022.478469', 3.59), ('Marker_2022.478467', 4.31), ('Marker_2022.397992', 12.38)]",Marker_Tie_Break
37275824,31,33.55,33.55,0.0,0.0,36.51,,91.89263215557382,"[('Marker_2022.298909', 16.41), ('Marker_2022.268277', 17.14)]",Marker_Direct_Unique
37309826,11,57.8,58.17,0.37000000000000455,0.6401384083045062,59.85,,97.19298245614036,"[('Marker_2022.272261', 2.76), ('Marker_2022.280064', 5.85), ('Marker_2022.272266', 8.26), ('Marker_2022.255045', 8.59), ('Marker_2022.255044', 8.63), ('Marker_2022.272264', 11.36), ('Marker_2022.272905', 12.72)]",Marker_Tie_Break
37344184,1,11.74,11.69,-0.05000000000000071,-0.4258943781942139,12.08,,96.77152317880794,"[('Marker_2022.240955', 0.79), ('Marker_2022.191358', 1.3), ('Marker_2022.240952', 1.34), ('Marker_2022.240951', 1.5), ('Marker_2022.190790', 1.87), ('Marker_2022.191360', 4.89)]",Marker_Direct_Unique
37438685,421,38.73,38.54,-0.18999999999999773,-0.49057578104827715,,47.06,81.89545261368465,"[('906-91', 4.0), ('905-91', 10.02), ('709-90', 11.32), ('302-91', 13.2)]",GKEA_Direct_Unique
37566888,3,4.72,4.72,0.0,0.0,8.15,,57.91411042944785,"[('Marker_2022.260004', 4.72)]",Marker_Direct_Unique
37791482,1,20.95,20.95,0.0,0.0,35.31,,59.33163409798923,"[('Marker_2022.321952', 3.34), ('Marker_2022.321949', 4.55), ('Marker_2022.306720', 6.46), ('Marker_2022.306721', 6.6)]",Marker_Tie_Break
37741426,11,37.32,37.36,0.03999999999999915,0.1071811361200406,39.43,,94.75019021049962,"[('Marker_2022.503454', 2.81), ('Marker_2022.537534', 2.97), ('Marker_2022.503455', 3.07), ('Marker_2022.537057', 3.85), ('Marker_2022.537533', 7.04), ('Marker_2022.503452', 7.34), ('Marker_2022.528151', 10.28)]",Marker_Tie_Break
37842184,30,72.09,72.09,0.0,0.0,75.57,,95.39499801508536,"[('Marker_2022.494215', 3.98), ('Marker_2022.494214', 4.14), ('Marker_2022.494198', 25.46), ('Marker_2022.438072', 38.51)]",Marker_Tie_Break
37900494,581,13.0,13.08,0.08000000000000007,0.6153846153846159,,14.29,91.53254023792863,"[('20', 0.44), ('25', 2.21), ('22', 3.42), ('24', 7.01)]",GKEA_Tie_Break
37974021,1,51.92,51.65,-0.2700000000000031,-0.5200308166409922,60.199999999999996,,85.79734219269103,"[('Marker_2022.151242', 3.06), ('Marker_2022.151243', 3.87), ('Marker_2022.184069', 11.68), ('Marker_2022.184073', 11.68), ('Marker_2022.176075', 21.36)]",Marker_Tie_Break
37918393,11,27.88,27.880000000000003,3.552713678800501e-15,1.274287546198171e-14,46.44,,60.03445305770888,"[('Marker_2022.441982', 12.25), ('Marker_2022.352051', 15.63)]",Marker_Tie_Break
37918393,11,32.27,32.27,0.0,0.0,46.44,,69.48751076658054,"[('Marker_2022.352050', 2.41), ('Marker_2022.352052', 3.01), ('Marker_2022.364897', 3.32), ('Marker_2022.364896', 3.65), ('Marker_2022.398589', 4.25), ('Marker_2022.352051', 15.63)]",Marker_Tie_Break
37918393,11,44.52,44.52,0.0,0.0,46.44,,95.8656330749354,"[('Marker_2022.352050', 2.41), ('Marker_2022.352052', 3.01), ('Marker_2022.364897', 3.32), ('Marker_2022.364896', 3.65), ('Marker_2022.398589', 4.25), ('Marker_2022.441982', 12.25), ('Marker_2022.352051', 15.63)]",Marker_Tie_Break
37974021,22,59.08,59.33,0.25,0.42315504400812454,60.58,,97.9366127434797,"[('Marker_2022.136079', 2.56), ('Marker_2022.150870', 3.17), ('Marker_2022.90033', 3.55), ('Marker_2022.136078', 4.33), ('Marker_2022.110148', 5.08), ('Marker_2022.110147', 8.0), ('Marker_2022.191309', 12.39), ('Marker_2022.136080', 20.25)]",Marker_Tie_Break
37989290,528,26.01,26.02,0.00999999999999801,0.03844675124951176,,33.49,77.69483427888922,"[('14-0', 1.42), ('24-1', 2.06), ('1-1', 3.61), ('25-0', 4.13), ('26-0', 4.28), ('24-0', 10.52)]",GKEA_Tie_Break
37989290,528,30.08,30.01,-0.06999999999999673,-0.23271276595743595,,33.49,89.60883845924157,"[('24-2', 0.07), ('13-0', 2.16), ('1-1', 3.61), ('25-0', 4.13), ('26-0', 4.28), ('23-0', 5.24), ('24-0', 10.52)]",GKEA_Tie_Break
38184571,22,30.69,30.54,-0.15000000000000213,-0.48875855327468926,32.53,,93.88256993544421,"[('Marker_2022.576041', 3.77), ('Marker_2022.576039', 9.64), ('Marker_2022.392942', 17.13)]",Marker_Direct_Unique
38251228,1,10.93,10.93,0.0,0.0,18.4,,59.40217391304348,"[('Marker_2022.169113', 4.17), ('Marker_2022.169112', 6.76)]",Marker_Tie_Break
38301233,22,8.99,8.99,0.0,0.0,11.51,,78.10599478714163,"[('Marker_2022.237936', 8.99)]",Marker_Direct_Unique
38327194,3,4.76,4.76,0.0,0.0,8.45,,56.33136094674557,"[('Marker_2022.308745', 4.76)]",Marker_Direct_Unique
38325310,216,21.27,21.27,0.0,0.0,,21.79,97.61358421294172,"[('23-0', 1.26), ('24-0', 1.43), ('20-0', 2.3), ('25-0', 3.28), ('19-0', 3.47), ('1-0', 4.01), ('18-0', 5.52)]",GKEA_Direct_Unique
38327194,213,1.49,1.49,0.0,0.0,2.92,,51.02739726027398,"[('Marker_2022.396548', 1.49)]",Marker_Direct_Unique
38327194,263,3.94,3.94,0.0,0.0,5.84,,67.46575342465754,"[('Marker_2022.356762', 3.94)]",Marker_Direct_Unique
38347071,1,19.58,19.58,0.0,0.0,23.09,,84.79861411866608,"[('Marker_2022.3589', 6.06), ('Marker_2022.5312', 13.52)]",Marker_Direct_Unique
38353586,11,5.7,5.7,0.0,0.0,7.09,,80.39492242595205,"[('Marker_2022.446299', 5.7)]",Marker_Direct_Unique
38353586,22,11.82,11.82,0.0,0.0,15.74,,75.09529860228716,"[('Marker_2022.446304', 11.82)]",Marker_Direct_Unique
38429825,1,8.71,8.709999999999999,-1.7763568394002505e-15,-2.0394452805973023e-14,11.48,,75.87108013937282,"[('Marker_2022.191332', 1.86), ('Marker_2022.191330', 6.85)]",Marker_Direct_Unique
38468863,528,3.89,3.9,0.009999999999999787,0.2570694087403544,6.63,,58.82352941176471,"[('Marker_2022.7849', 0.11), ('Marker_2022.7850', 3.79)]",Marker_Direct_Unique
38488678,150,14.15,14.15,0.0,0.0,25.96,,54.506933744221875,"[('Marker_2022.513915', 14.15)]",Marker_Direct_Unique
38889168,11,10.23,10.36,0.129999999999999,1.2707722385141642,30.979999999999997,,33.44092963202066,"[('Marker_2022.486839', 10.36)]",Marker_Direct_Unique
38889168,11,10.5,10.36,-0.14000000000000057,-1.3333333333333388,30.979999999999997,,33.44092963202066,"[('Marker_2022.486839', 10.36)]",Marker_Direct_Unique
38889168,10,7.98,8.0,0.019999999999999574,0.25062656641603476,8.45,,94.67455621301775,"[('Marker_2022.486840', 0.21), ('Marker_2022.468590', 7.79)]",Marker_Direct_Unique
38889168,10,8.19,8.24,0.05000000000000071,0.6105006105006192,8.45,,97.51479289940829,"[('Marker_2022.487548', 0.45), ('Marker_2022.468590', 7.79)]",Marker_Direct_Unique
38893181,1,11.7,11.77,0.07000000000000028,0.5982905982906007,40.81,,28.84097035040431,"[('Marker_2022.342850', 11.77)]",Marker_Tie_Break
38967215,583,85.98,86.22,0.23999999999999488,0.27913468248429274,88.37,,97.56704764060201,"[('Marker_2022.461267', 1.6), ('Marker_2022.437988', 3.58), ('Marker_2022.479792', 3.77), ('Marker_2022.479791', 3.81), ('Marker_2022.437984', 4.05), ('Marker_2022.437986', 5.14), ('Marker_2022.437982', 5.36), ('Marker_2022.437987', 5.71), ('Marker_2022.437985', 10.16), ('Marker_2022.535469', 11.16), ('Marker_2022.479793', 12.87), ('Marker_2022.437983', 19.01)]",Marker_Tie_Break
38893181,11,52.59,52.62,0.02999999999999403,0.057045065601814084,77.33,,68.0460364670891,"[('Marker_2022.342848', 1.77), ('Marker_2022.342846', 2.64), ('Marker_2022.358688', 5.35), ('Marker_2022.472679', 7.83), ('Marker_2022.322399', 8.18), ('Marker_2022.322401', 9.37), ('Marker_2022.517408', 17.48)]",Marker_Tie_Break
38968475,216,23.64,23.349999999999998,-0.2900000000000027,-1.226734348561771,32.26,,72.38065716057037,"[('Marker_2022.200480', 1.15), ('Marker_2022.251217', 4.54), ('Marker_2022.200478', 7.14), ('Marker_2022.251216', 10.52)]",Marker_Tie_Break
39004550,1,8.23,8.23,0.0,0.0,8.68,,94.81566820276498,"[('Marker_2022.186812', 1.16), ('Marker_2022.180051', 1.82), ('Marker_2022.180050', 2.54), ('Marker_2022.186811', 2.71)]",Marker_Direct_Unique
39038595,1,7.48,7.48,0.0,0.0,8.55,,87.48538011695906,"[('Marker_2022.342675', 3.27), ('Marker_2022.342674', 4.21)]",Marker_Direct_Unique
39038595,1,7.74,7.74,0.0,0.0,8.55,,90.52631578947367,"[('Marker_2022.342677', 0.26), ('Marker_2022.342675', 3.27), ('Marker_2022.342674', 4.21)]",Marker_Direct_Unique
39129256,1,10.84,10.64,-0.1999999999999993,-1.8450184501844953,17.71,,60.079051383399204,"[('Marker_2022.349099', 10.64)]",Marker_Direct_Unique
39129256,13,9.4,9.399999999999999,-1.7763568394002505e-15,-1.8897413185109047e-14,11.879999999999999,,79.12457912457911,"[('Marker_2022.349097', 4.35), ('Marker_2022.349096', 5.05)]",Marker_Direct_Unique
39299763,2,1.13,1.13,0.0,0.0,2.81,,40.213523131672595,"[('Marker_2022.492992', 1.13)]",Marker_Direct_Unique
39356589,151,95.72,96.38,0.6599999999999966,0.6895110739657299,111.0,,86.82882882882883,"[('Marker_2022.465607', 5.43), ('Marker_2022.446944', 6.56), ('Marker_2022.455732', 10.66), ('Marker_2022.455731', 11.85), ('Marker_2022.465606', 12.97), ('Marker_2022.462142', 13.2), ('Marker_2022.431746', 17.72), ('Marker_2022.508510', 17.99)]",Marker_Tie_Break
39564386,1,171.28,171.27,-0.009999999999990905,-0.005838393274165638,182.29,,93.95468758571508,"[('Marker_2022.366351', 0.31), ('Marker_2022.312238', 1.56), ('Marker_2022.377466', 2.21), ('Marker_2022.336338', 2.38), ('Marker_2022.428050', 9.92), ('Marker_2022.440584', 13.32), ('Marker_2022.336337', 16.83), ('Marker_2022.336332', 17.49), ('Marker_2022.440585', 20.26), ('Marker_2022.355727', 27.98), ('Marker_2022.336336', 28.97), ('Marker_2022.350643', 30.04)]",Marker_Tie_Break
39625415,583,10.0,10.01,0.009999999999999787,0.09999999999999788,,10.65,93.9906103286385,"[('122-0', 10.01)]",GKEA_Direct_Unique
39858126,108,58.83,58.07,-0.759999999999998,-1.2918578956314772,63.39,,91.60750907083136,"[('Marker_2022.272805', 1.91), ('Marker_2022.222369', 7.5), ('Marker_2022.222915', 20.27), ('Marker_2022.272993', 28.39)]",Marker_Tie_Break
39913119,528,22.0,22.06,0.05999999999999872,0.2727272727272669,24.27,,90.89410795220437,"[('Marker_2022.251875', 0.83), ('Marker_2022.251876', 1.2), ('Marker_2022.251868', 1.67), ('Marker_2022.252132', 2.76), ('Marker_2022.252131', 3.23), ('Marker_2022.251874', 3.67), ('Marker_2022.251870', 3.87), ('Marker_2022.251872', 4.83)]",Marker_Tie_Break
39957329,1,14.57,14.600000000000001,0.030000000000001137,0.20590253946466117,16.580000000000002,,88.05790108564536,"[('Marker_2022.324629', 1.92), ('Marker_2022.324628', 5.49), ('Marker_2022.324627', 7.19)]",Marker_Tie_Break
39913119,529,4.5,4.58,0.08000000000000007,1.7777777777777795,5.3,,86.41509433962264,"[('Marker_2022.251871', 2.28), ('Marker_2022.251873', 2.3)]",Marker_Direct_Unique
40098178,22,30.0,29.830000000000002,-0.16999999999999815,-0.5666666666666605,30.6,,97.48366013071895,"[('Marker_2022.211130', 2.55), ('Marker_2022.210577', 3.94), ('Marker_2022.210576', 6.61), ('Marker_2022.211131', 16.73)]",Marker_Tie_Break
40128468,1,8.87,9.03,0.16000000000000014,1.803833145434049,19.119999999999997,,47.22803347280335,"[('Marker_2022.260732', 9.03)]",Marker_Direct_Unique
40130888,583,12.52,12.52,0.0,0.0,20.79,,60.22126022126022,"[('Marker_2022.12525', 2.08), ('Marker_2022.61876', 2.44), ('Marker_2022.12522', 3.37), ('Marker_2022.12524', 4.63)]",Marker_Tie_Break
40143009,260,4.89,4.89,0.0,0.0,9.51,,51.419558359621455,"[('Marker_2022.201151', 4.89)]",Marker_Direct_Unique
40226281,1,17.73,17.82,0.08999999999999986,0.5076142131979687,26.93,,66.1715558856294,"[('Marker_2022.107207', 0.87), ('Marker_2022.153063', 1.16), ('Marker_2022.99326', 1.91), ('Marker_2022.99328', 3.21), ('Marker_2022.122162', 10.67)]",Marker_Direct_Unique
40227040,1,12.7,12.7,0.0,0.0,17.65,,71.95467422096317,"[('Marker_2022.168902', 12.7)]",Marker_Direct_Unique
40357009,3,47.53,47.53,0.0,0.0,58.89,,80.70979792834098,"[('Marker_2022.545797', 3.52), ('Marker_2022.545798', 9.32), ('Marker_2022.545799', 13.61), ('Marker_2022.548836', 21.08)]",Marker_Direct_Unique
40533664,583,8.6,8.629999999999999,0.02999999999999936,0.34883720930231815,16.38,,52.68620268620269,"[('Marker_2022.287592', 0.12), ('Marker_2022.287591', 8.51)]",Marker_Tie_Break
40555277,152,96.07,96.83,0.7600000000000051,0.7910898303320548,103.08,,93.93674815677144,"[('Marker_2022.411388', 9.55), ('Marker_2022.372382', 9.97), ('Marker_2022.473018', 16.17), ('Marker_2022.372380', 17.36), ('Marker_2022.445414', 43.78)]",Marker_Direct_Unique
40596240,1,170.21,170.1,-0.11000000000001364,-0.06462605017332333,180.18,,94.4055944055944,"[('Marker_2022.267930', 8.11), ('Marker_2022.253267', 13.1), ('Marker_2022.349262', 13.49), ('Marker_2022.290692', 15.81), ('Marker_2022.300480', 16.75), ('Marker_2022.253257', 19.86), ('Marker_2022.309581', 27.47), ('Marker_2022.259146', 55.51)]",Marker_Tie_Break
40616764,583,10.87,10.870000000000001,1.7763568394002505e-15,1.6341829249312334e-14,,33.64,32.312722948870395,"[('9-0', 0.4), ('5-0', 0.61), ('4-0', 1.0), ('10-0', 2.91), ('7-0', 5.95)]",GKEA_Tie_Break
40616764,583,21.42,21.42,0.0,0.0,,33.64,63.67419738406659,"[('12-0', 1.8), ('3-0', 2.48), ('10-0', 2.91), ('8-0', 3.4), ('6-0', 4.88), ('7-0', 5.95)]",GKEA_Tie_Break
40616764,583,30.28,30.240000000000002,-0.03999999999999915,-0.13210039630118608,,33.64,89.89298454221166,"[('9-0', 0.4), ('5-0', 0.61), ('4-0', 1.0), ('12-0', 1.8), ('3-0', 2.48), ('10-0', 2.91), ('6-2', 3.2), ('11-0', 3.41), ('6-1', 3.6), ('6-0', 4.88), ('7-0', 5.95)]",GKEA_Tie_Break
40616764,583,31.67,31.63,-0.0400000000000027,-0.12630249447427438,,33.64,94.02497027348394,"[('12-0', 1.8), ('3-0', 2.48), ('10-0', 2.91), ('6-2', 3.2), ('8-0', 3.4), ('11-0', 3.41), ('6-1', 3.6), ('6-0', 4.88), ('7-0', 5.95)]",GKEA_Tie_Break
40625046,1,23.35,23.439999999999998,0.0899999999999963,0.38543897216272505,24.54,,95.51752241238793,"[('Marker_2022.552003', 10.03), ('Marker_2022.431422', 13.41)]",Marker_Direct_Unique
40794514,5,1.64,1.6400000000000001,2.220446049250313e-16,1.3539305178355568e-14,1.84,,89.1304347826087,"[('Marker_2022.16133', 0.27), ('Marker_2022.15497', 0.39), ('Marker_2022.15500', 0.49), ('Marker_2022.16135', 0.49)]",Marker_Direct_Unique
40839968,3,27.24,27.22,-0.019999999999999574,-0.07342143906020401,29.48,,92.33378561736771,"[('Marker_2022.316758', 2.71), ('Marker_2022.371203', 12.15), ('Marker_2022.371200', 12.36)]",Marker_Tie_Break
40942114,102,6.98,6.98,0.0,0.0,11.63,,60.01719690455718,"[('Marker_2022.376941', 6.98)]",Marker_Direct_Unique
40952691,583,33.66,33.66,0.0,0.0,,35.23,95.54357082032358,"[('1-a', 0.33), ('9-p', 0.54), ('21-c', 0.6), ('21-b', 0.62), ('21-o', 0.77), ('16-b', 0.79), ('19-c', 1.09), ('21-p', 1.2), ('19-f', 1.32), ('12-cfh', 2.16), ('20-g', 2.19), ('16-def', 2.8), ('401', 19.25)]",GKEA_Tie_Break
40964770,10,85.63,85.63,0.0,0.0,94.03,,91.06668084653833,"[('Marker_2022.525152', 14.72), ('Marker_2022.556609', 34.91), ('Marker_2022.556610', 36.0)]",Marker_Direct_Unique
40952705,581,2.73,2.71,-0.020000000000000018,-0.7326007326007333,,2.81,96.44128113879003,"[('311-f', 0.12), ('306-f', 0.12), ('319-b', 0.22), ('313-g', 0.5), ('313-ay', 1.75)]",GKEA_Tie_Break
40979425,1,26.71,26.76,0.05000000000000071,0.18719580681393003,28.990000000000002,,92.3076923076923,"[('Marker_2022.243089', 1.97), ('Marker_2022.278282', 7.24), ('Marker_2022.278281', 17.55)]",Marker_Tie_Break
41023856,10,7.45,7.45,0.0,0.0,8.18,,91.0757946210269,"[('Marker_2022.90230', 7.45)]",Marker_Direct_Unique
41024836,11,31.91,31.88,-0.030000000000001137,-0.09401441554372027,,93.63,34.048915945743886,"[('3', 1.46), ('23', 3.5), ('2a', 4.83), ('22', 22.09)]",GKEA_Tie_Break
41030429,583,87.5,87.41,-0.09000000000000341,-0.10285714285714677,,554.62,15.760340413255921,"[('44', 2.38), ('233 b', 2.67), ('26 b', 2.71), ('109 a', 2.78), ('104 a', 2.95), ('215', 3.84), ('218', 3.84), ('26 a', 4.12), ('216', 4.16), ('212', 5.04), ('207a', 5.37), ('46', 5.51), ('48 b', 5.64), ('126 a', 6.53), ('49', 6.66), ('52', 6.73), ('233 a', 7.9), ('50', 8.58)]",GKEA_Tie_Break
41038217,583,5.0,4.99,-0.009999999999999787,-0.19999999999999576,5.77,,86.48180242634317,"[('Marker_2022.312458', 0.82), ('Marker_2022.312457', 2.03), ('Marker_2022.312459', 2.14)]",Marker_Tie_Break
41040262,513,3.1,3.0999999999999996,-4.440892098500626e-16,-1.4325458382260084e-14,13.49,,22.97998517420311,"[('Marker_2022.117026', 0.28), ('Marker_2022.71020', 2.82)]",Marker_Tie_Break
41040262,513,7.2,7.2,0.0,0.0,13.49,,53.372868791697556,"[('Marker_2022.189642', 1.61), ('Marker_2022.71019', 2.77), ('Marker_2022.71020', 2.82)]",Marker_Tie_Break
41040262,513,8.0,8.0,0.0,0.0,13.49,,59.30318754633062,"[('Marker_2022.117025', 0.03), ('Marker_2022.189643', 0.72), ('Marker_2022.71021', 1.66), ('Marker_2022.71019', 2.77), ('Marker_2022.71020', 2.82)]",Marker_Tie_Break
41040262,513,8.8,8.8,0.0,0.0,13.49,,65.23350630096368,"[('Marker_2022.189643', 0.72), ('Marker_2022.189641', 0.94), ('Marker_2022.71021', 1.66), ('Marker_2022.71018', 2.66), ('Marker_2022.71020', 2.82)]",Marker_Tie_Break
41040262,513,9.9,9.86,-0.040000000000000924,-0.4040404040404133,,13.51,72.98297557364914,"[('43-0', 1.61), ('20-0', 2.66), ('21-0', 2.77), ('22-0', 2.82)]",GKEA_Tie_Break
41040262,513,10.5,10.52,0.019999999999999574,0.1904761904761864,13.49,,77.98369162342476,"[('Marker_2022.189643', 0.72), ('Marker_2022.189641', 0.94), ('Marker_2022.189642', 1.61), ('Marker_2022.71021', 1.66), ('Marker_2022.71019', 2.77), ('Marker_2022.71020', 2.82)]",Marker_Tie_Break
41040262,513,11.9,11.879999999999999,-0.02000000000000135,-0.16806722689076764,13.49,,88.06523350630096,"[('Marker_2022.117025', 0.03), ('Marker_2022.117026', 0.28), ('Marker_2022.189643', 0.72), ('Marker_2022.189641', 0.94), ('Marker_2022.71021', 1.66), ('Marker_2022.71018', 2.66), ('Marker_2022.71019', 2.77), ('Marker_2022.71020', 2.82)]",Marker_Tie_Break
41105062,3,7.82,7.82,0.0,0.0,13.21,,59.19757759273278,"[('Marker_2022.21242', 1.31), ('Marker_2022.21428', 1.88), ('Marker_2022.21429', 4.63)]",Marker_Tie_Break
41242426,260,102.87,103.32,0.44999999999998863,0.437445319335072,125.14,,82.56352884769058,"[('Marker_2022.446430', 4.01), ('Marker_2022.460562', 25.05), ('Marker_2022.462169', 31.21), ('Marker_2022.506378', 43.05)]",Marker_Direct_Unique
41242426,216,149.2,149.44,0.2400000000000091,0.1608579088471911,156.61,,95.42174829193537,"[('Marker_2022.465422', 1.61), ('Marker_2022.462477', 6.17), ('Marker_2022.421641', 7.0), ('Marker_2022.520848', 9.73), ('Marker_2022.446429', 10.24), ('Marker_2022.412516', 14.63), ('Marker_2022.421640', 16.29), ('Marker_2022.508954', 20.66), ('Marker_2022.460560', 30.32), ('Marker_2022.508955', 32.79)]",Marker_Tie_Break
41242566,1,94.18,94.19,0.009999999999990905,0.010617965597781807,,96.59,97.51527073195983,"[('45-0', 2.55), ('89-0', 2.63), ('14-0', 3.24), ('29-0', 3.53), ('70-1b', 4.99), ('74-0', 5.6), ('2-0', 7.17), ('71-0', 9.17), ('7-0', 10.06), ('72-0', 12.66), ('47-0', 13.79), ('70-1a', 18.8)]",GKEA_Tie_Break
41286938,1,10.0,9.94,-0.0600000000000005,-0.600000000000005,19.56,,50.81799591002045,"[('Marker_2022.408081', 9.94)]",Marker_Direct_Unique
41336315,1,22.95,22.92,-0.029999999999997584,-0.1307189542483555,30.39,,75.41954590325766,"[('Marker_2022.251648', 2.22), ('Marker_2022.251649', 2.43), ('Marker_2022.251654', 3.42), ('Marker_2022.251652', 4.27), ('Marker_2022.251651', 5.08), ('Marker_2022.198281', 5.5)]",Marker_Tie_Break
41336315,1,24.96,24.96,0.0,0.0,30.39,,82.13228035538006,"[('Marker_2022.228859', 1.28), ('Marker_2022.251648', 2.22), ('Marker_2022.251649', 2.43), ('Marker_2022.251653', 4.18), ('Marker_2022.251652', 4.27), ('Marker_2022.251651', 5.08), ('Marker_2022.198281', 5.5)]",Marker_Tie_Break
41499060,1,4.29,4.3100000000000005,0.020000000000000462,0.46620046620047695,5.2700000000000005,,81.78368121442125,"[('Marker_2022.258432', 0.69), ('Marker_2022.258431', 3.62)]",Marker_Direct_Unique
41616253,22,9.08,9.08,0.0,0.0,18.31,,49.59038776624796,"[('Marker_2022.406793', 1.99), ('Marker_2022.445557', 7.09)]",Marker_Tie_Break
41746718,1,6.55,6.55,0.0,0.0,9.79,,66.90500510725231,"[('Marker_2022.196936', 0.74), ('Marker_2022.142751', 5.81)]",Marker_Direct_Unique
41857102,1,31.3,31.259999999999998,-0.0400000000000027,-0.12779552715655815,38.519999999999996,,81.15264797507788,"[('Marker_2022.481326', 13.86), ('Marker_2022.439585', 17.4)]",Marker_Direct_Unique
41918055,1,14.3,14.370000000000001,0.07000000000000028,0.4895104895104915,18.12,,79.30463576158941,"[('Marker_2022.10592', 5.4), ('Marker_2022.11217', 8.97)]",Marker_Direct_Unique
41922206,11,66.27,66.27,0.0,0.0,,69.17,95.8074309671823,"[('27-0', 1.19), ('45-0', 1.26), ('15-0', 2.11), ('16-0', 3.92), ('14-0', 10.84), ('13-0', 13.11), ('17-0', 14.59), ('13-1', 19.25)]",GKEA_Tie_Break
41956127,1,21.89,21.92,0.030000000000001137,0.13704888076747893,22.75,,96.35164835164835,"[('Marker_2022.94564', 0.65), ('Marker_2022.94128', 0.67), ('Marker_2022.73620', 0.9), ('Marker_2022.46698', 0.91), ('Marker_2022.46697', 1.02), ('Marker_2022.70006', 1.13), ('Marker_2022.70001', 1.15), ('Marker_2022.96593', 1.2), ('Marker_2022.69439', 1.23), ('Marker_2022.116900', 1.23), ('Marker_2022.69559', 1.24), ('Marker_2022.94123', 1.31), ('Marker_2022.94131', 1.34), ('Marker_2022.73615', 1.46), ('Marker_2022.70832', 1.59), ('Marker_2022.116899', 2.06), ('Marker_2022.116897', 2.83)]",Marker_Tie_Break
41953063,216,22.43,22.36,-0.07000000000000028,-0.3120820329915305,23.369999999999997,,95.67821994009414,"[('Marker_2022.280892', 2.57), ('Marker_2022.281693', 19.79)]",Marker_Direct_Unique
41989378,101,6.45,6.45,0.0,0.0,9.85,,65.48223350253808,"[('Marker_2022.446046', 6.45)]",Marker_Direct_Unique
42102458,11,29.51,29.52,0.00999999999999801,0.03388681802778045,38.6,,76.47668393782384,"[('Marker_2022.292585', 4.87), ('Marker_2022.349764', 5.45), ('Marker_2022.323361', 19.2)]",Marker_Tie_Break
42057231,152,5.41,5.41,0.0,0.0,7.2700000000000005,,74.41540577716643,"[('Marker_2022.201333', 5.41)]",Marker_Direct_Unique
42057231,152,5.88,5.88,0.0,0.0,7.2700000000000005,,80.88033012379641,"[('Marker_2022.201334', 0.47), ('Marker_2022.201333', 5.41)]",Marker_Direct_Unique
42057231,152,8.89,8.89,0.0,0.0,,10.28,86.47859922178989,"[('14', 0.47), ('8', 1.22), ('7', 1.79), ('13', 5.41)]",GKEA_Tie_Break
42537659,150,40.4,40.44,0.03999999999999915,0.0990099009900969,49.52,,81.66397415185781,"[('Marker_2022.526876', 4.47), ('Marker_2022.439705', 11.08), ('Marker_2022.469564', 11.32), ('Marker_2022.469565', 13.57)]",Marker_Direct_Unique
42940364,583,17.86,17.8,-0.05999999999999872,-0.3359462486002168,,18.36,96.94989106753813,"[('1-2', 0.13), ('1-3', 0.17), ('4', 0.85), ('3', 6.62), ('2', 10.03)]",GKEA_Tie_Break
43073184,11,143.01,143.01,0.0,0.0,146.22,,97.8046778826426,"[('Marker_2022.33498', 2.42), ('Marker_2022.135170', 3.55), ('Marker_2022.135172', 3.59), ('Marker_2022.33495', 6.36), ('Marker_2022.54265', 12.18), ('Marker_2022.33833', 21.89), ('Marker_2022.134573', 21.99), ('Marker_2022.135171', 29.09), ('Marker_2022.34505', 41.94)]",Marker_Tie_Break
43193031,1,40.53,40.53,0.0,0.0,46.45,,87.2551130247578,"[('Marker_2022.416112', 2.03), ('Marker_2022.416105', 4.28), ('Marker_2022.416108', 4.39), ('Marker_2022.501068', 6.11), ('Marker_2022.397753', 6.24), ('Marker_2022.501070', 7.57), ('Marker_2022.397754', 9.91)]",Marker_Tie_Break
43073184,1,81.97,81.97,0.0,0.0,85.01,,96.42395012351489,"[('Marker_2022.57280', 3.28), ('Marker_2022.135173', 4.94), ('Marker_2022.57281', 6.21), ('Marker_2022.57278', 7.69), ('Marker_2022.135174', 11.11), ('Marker_2022.54268', 19.39), ('Marker_2022.57276', 29.35)]",Marker_Tie_Break
44238713,101,30.92,31.009999999999998,0.0899999999999963,0.2910737386804538,41.29,,75.10293049164446,"[('Marker_2022.478405', 8.03), ('Marker_2022.460044', 9.37), ('Marker_2022.479133', 13.61)]",Marker_Direct_Unique
44485958,1,5.25,5.25,0.0,0.0,8.57,,61.260210035005834,"[('Marker_2022.342567', 5.25)]",Marker_Direct_Unique
45026019,101,16.6,16.599999999999998,-3.552713678800501e-15,-2.1401889631328317e-14,20.5,,80.97560975609755,"[('Marker_2022.301737', 1.98), ('Marker_2022.301736', 14.62)]",Marker_Direct_Unique
45376559,1,47.87,47.93,0.060000000000002274,0.1253394610403223,48.910000000000004,,97.99631977100796,"[('Marker_2022.25360', 1.15), ('Marker_2022.48868', 1.18), ('Marker_2022.25364', 2.75), ('Marker_2022.48867', 4.03), ('Marker_2022.48969', 7.44), ('Marker_2022.95820', 7.58), ('Marker_2022.25032', 10.97), ('Marker_2022.48866', 12.83)]",Marker_Tie_Break
46203011,5,0.58,0.59,0.010000000000000009,1.7241379310344844,0.61,,96.72131147540983,"[('Marker_2022.328891', 0.12), ('Marker_2022.376259', 0.13), ('Marker_2022.328893', 0.15), ('Marker_2022.381625', 0.19)]",Marker_Direct_Unique
47523257,11,187.21,187.21,0.0,0.0,199.69,,93.75031298512695,"[('Marker_2022.501250', 5.42), ('Marker_2022.355999', 6.72), ('Marker_2022.536863', 7.42), ('Marker_2022.407775', 7.51), ('Marker_2022.443670', 7.52), ('Marker_2022.534290', 8.45), ('Marker_2022.452706', 8.69), ('Marker_2022.356000', 8.85), ('Marker_2022.498684', 9.89), ('Marker_2022.372730', 10.77), ('Marker_2022.372734', 11.1), ('Marker_2022.358749', 11.42), ('Marker_2022.372732', 12.41), ('Marker_2022.384194', 15.45), ('Marker_2022.501048', 16.12), ('Marker_2022.498683', 16.32), ('Marker_2022.330106', 23.15)]",Marker_Tie_Break
47728568,1,13.18,13.18,0.0,0.0,17.64,,74.71655328798185,"[('Marker_2022.446561', 3.22), ('Marker_2022.446560', 4.17), ('Marker_2022.446559', 5.79)]",Marker_Direct_Unique
47668514,11,10.55,10.55,0.0,0.0,13.64,,77.34604105571847,"[('Marker_2022.17035', 2.24), ('Marker_2022.17031', 8.31)]",Marker_Direct_Unique
48893058,583,6.79,6.79,0.0,0.0,16.9,,40.17751479289941,"[('Marker_2022.140159', 3.2), ('Marker_2022.140158', 3.59)]",Marker_Tie_Break
50895556,1,11.74,11.74,0.0,0.0,12.59,,93.24861000794282,"[('Marker_2022.562026', 11.74)]",Marker_Direct_Unique
50938751,11,7.92,7.92,0.0,0.0,22.16,,35.74007220216606,"[('Marker_2022.546994', 7.92)]",Marker_Direct_Unique
50999815,1,10.13,10.13,0.0,0.0,32.75,,30.931297709923665,"[('Marker_2022.213715', 10.13)]",Marker_Tie_Break
51337328,1,9.0,9.11,0.10999999999999943,1.2222222222222159,10.49,,86.84461391801716,"[('Marker_2022.188776', 1.66), ('Marker_2022.243047', 7.45)]",Marker_Tie_Break
51363450,1,18.0,17.78,-0.21999999999999886,-1.2222222222222159,20.24,,87.84584980237156,"[('Marker_2022.272831', 4.39), ('Marker_2022.272832', 4.72), ('Marker_2022.226245', 8.67)]",Marker_Direct_Unique
51363450,1,19.53,19.33,-0.20000000000000284,-1.024065540194587,20.24,,95.50395256916995,"[('Marker_2022.226244', 1.55), ('Marker_2022.272831', 4.39), ('Marker_2022.272832', 4.72), ('Marker_2022.226245', 8.67)]",Marker_Direct_Unique
52008719,3,13.6,13.62,0.019999999999999574,0.14705882352940863,18.09,,75.29021558872306,"[('Marker_2022.433894', 2.86), ('Marker_2022.433892', 10.76)]",Marker_Direct_Unique
52711150,1,8.21,8.209999999999999,-1.7763568394002505e-15,-2.1636502306945802e-14,12.52,,65.57507987220447,"[('Marker_2022.387299', 0.83), ('Marker_2022.387298', 1.44), ('Marker_2022.550616', 1.64), ('Marker_2022.550617', 1.64), ('Marker_2022.550128', 2.66)]",Marker_Tie_Break
52865751,11,6.05,6.05,0.0,0.0,11.98,,50.5008347245409,"[('Marker_2022.398754', 6.05)]",Marker_Tie_Break
53117511,1,28.75,28.75,0.0,0.0,31.11,,92.41401478624238,"[('Marker_2022.1140', 0.95), ('Marker_2022.2861', 1.36), ('Marker_2022.1138', 2.59), ('Marker_2022.1136', 3.75), ('Marker_2022.2862', 3.93), ('Marker_2022.1726', 4.6), ('Marker_2022.1724', 4.71), ('Marker_2022.2860', 6.86)]",Marker_Tie_Break
54918216,583,22.5,22.64,0.14000000000000057,0.6222222222222248,,27.99,80.88603072525903,"[('13-0', 0.83), ('16-0', 1.27), ('17-0', 5.04), ('6-0', 6.68), ('10-0', 8.82)]",GKEA_Tie_Break
55484813,1,63.96,63.85,-0.10999999999999943,-0.1719824890556589,83.31,,76.64145960869043,"[('Marker_2022.228011', 2.7), ('Marker_2022.246244', 16.5), ('Marker_2022.256108', 20.65), ('Marker_2022.276743', 24.0)]",Marker_Tie_Break
57175613,260,82.27,82.35,0.0799999999999983,0.0972407925124569,85.14999999999999,,96.71168526130359,"[('Marker_2022.254472', 1.19), ('Marker_2022.254498', 2.37), ('Marker_2022.254471', 2.39), ('Marker_2022.253952', 4.31), ('Marker_2022.218633', 6.06), ('Marker_2022.245499', 9.44), ('Marker_2022.245501', 9.57), ('Marker_2022.270825', 12.7), ('Marker_2022.254473', 15.08), ('Marker_2022.245500', 19.24)]",Marker_Tie_Break
57268719,2,15.32,15.43,0.10999999999999943,0.7180156657963409,26.16,,58.98318042813455,"[('Marker_2022.270999', 6.22), ('Marker_2022.254849', 9.21)]",Marker_Direct_Unique
57960612,11,2.01,2.01,0.0,0.0,3.32,,60.54216867469879,"[('Marker_2022.217672', 2.01)]",Marker_Direct_Unique
58098914,15,9.17,9.17,0.0,0.0,11.879999999999999,,77.1885521885522,"[('Marker_2022.385184', 2.38), ('Marker_2022.441863', 2.8), ('Marker_2022.384669', 3.99)]",Marker_Tie_Break
59108115,22,126.67,126.38,-0.29000000000000625,-0.2289413436488563,131.96,,95.77144589269476,"[('Marker_2022.485437', 13.68), ('Marker_2022.551865', 18.95), ('Marker_2022.485438', 26.75), ('Marker_2022.510302', 32.31), ('Marker_2022.534579', 34.69)]",Marker_Direct_Unique
60503214,11,81.82,81.8,-0.01999999999999602,-0.024443901246634106,104.43,,78.32998180599444,"[('Marker_2022.373772', 2.79), ('Marker_2022.388049', 9.37), ('Marker_2022.517424', 21.92), ('Marker_2022.373771', 47.72)]",Marker_Tie_Break
60503214,11,82.55,82.51,-0.03999999999999204,-0.04845548152633803,104.43,,79.00986306616873,"[('Marker_2022.373772', 2.79), ('Marker_2022.473213', 6.17), ('Marker_2022.388049', 9.37), ('Marker_2022.388048', 16.46), ('Marker_2022.373771', 47.72)]",Marker_Tie_Break
60503214,11,95.1,95.06,-0.03999999999999204,-0.042060988433219815,104.43,,91.02748252417886,"[('Marker_2022.373772', 2.79), ('Marker_2022.473213', 6.17), ('Marker_2022.388048', 16.46), ('Marker_2022.517424', 21.92), ('Marker_2022.373771', 47.72)]",Marker_Tie_Break
61065911,11,21.42,21.41,-0.010000000000001563,-0.046685340802995155,34.84,,61.45235361653272,"[('Marker_2022.291868', 3.9), ('Marker_2022.399163', 17.51)]",Marker_Direct_Unique
63504157,11,10.5,10.5,0.0,0.0,13.21,,79.48523845571536,"[('Marker_2022.325960', 10.5)]",Marker_Direct_Unique
64269712,216,20.76,20.76,0.0,0.0,30.26,,68.60541969596827,"[('Marker_2022.106318', 0.3), ('Marker_2022.106315', 0.79), ('Marker_2022.107535', 0.91), ('Marker_2022.106316', 1.1), ('Marker_2022.96561', 1.48), ('Marker_2022.96560', 3.88), ('Marker_2022.184188', 12.3)]",Marker_Tie_Break
64401254,1,6.0,5.96,-0.040000000000000036,-0.6666666666666672,7.88,,75.63451776649747,"[('Marker_2022.273342', 2.16), ('Marker_2022.273341', 3.8)]",Marker_Direct_Unique
64549154,1,10.1,10.1,0.0,0.0,15.89,,63.561988672120826,"[('Marker_2022.74890', 0.52), ('Marker_2022.9271', 2.46), ('Marker_2022.74891', 7.12)]",Marker_Direct_Unique
65373351,216,24.46,24.46,0.0,0.0,27.44,,89.1399416909621,"[('Marker_2022.195131', 2.14), ('Marker_2022.185468', 3.09), ('Marker_2022.195130', 3.27), ('Marker_2022.185467', 15.96)]",Marker_Tie_Break
65456168,11,22.36,22.36,0.0,0.0,73.33,,30.492295104322924,"[('Marker_2022.6347', 1.1), ('Marker_2022.6346', 4.22), ('Marker_2022.5808', 17.04)]",Marker_Tie_Break
65456168,11,60.54,60.54,0.0,0.0,73.33,,82.5582981044593,"[('Marker_2022.6347', 1.1), ('Marker_2022.5807', 9.28), ('Marker_2022.6350', 10.12), ('Marker_2022.6887', 10.75), ('Marker_2022.6349', 12.25), ('Marker_2022.5808', 17.04)]",Marker_Tie_Break
65456168,11,64.76,64.75999999999999,-1.4210854715202004e-14,-2.19438769536782e-14,73.33,,88.31310514114277,"[('Marker_2022.6347', 1.1), ('Marker_2022.6346', 4.22), ('Marker_2022.5807', 9.28), ('Marker_2022.6350', 10.12), ('Marker_2022.6887', 10.75), ('Marker_2022.6349', 12.25), ('Marker_2022.5808', 17.04)]",Marker_Tie_Break
65849410,3,13.59,13.58,-0.009999999999999787,-0.07358351729212499,14.55,,93.33333333333333,"[('Marker_2022.352558', 3.24), ('Marker_2022.353103', 4.5), ('Marker_2022.256921', 5.84)]",Marker_Direct_Unique
65849410,30,16.38,16.380000000000003,3.552713678800501e-15,2.1689338698415758e-14,18.880000000000003,,86.75847457627118,"[('Marker_2022.262568', 6.92), ('Marker_2022.262567', 9.46)]",Marker_Direct_Unique
67498828,1,4.35,4.35,0.0,0.0,13.84,,31.430635838150287,"[('Marker_2022.427216', 0.81), ('Marker_2022.427219', 3.54)]",Marker_Tie_Break
67498828,1,13.03,13.03,0.0,0.0,13.84,,94.14739884393063,"[('Marker_2022.351598', 1.26), ('Marker_2022.351600', 2.08), ('Marker_2022.351599', 2.62), ('Marker_2022.427215', 3.53), ('Marker_2022.427219', 3.54)]",Marker_Direct_Unique
67498828,11,8.27,8.27,0.0,0.0,15.549999999999999,,53.18327974276528,"[('Marker_2022.427218', 3.59), ('Marker_2022.500708', 4.68)]",Marker_Direct_Unique
68557968,1,5.5,5.58,0.08000000000000007,1.4545454545454557,5.97,,93.46733668341709,"[('Marker_2022.54994', 5.58)]",Marker_Direct_Unique
68431328,1,14.1,14.1,0.0,0.0,18.89,,74.64266807834832,"[('Marker_2022.88494', 14.1)]",Marker_Direct_Unique
68668018,1,26.19,26.150000000000002,-0.03999999999999915,-0.15273004963726286,27.2,,96.13970588235296,"[('Marker_2022.272524', 0.92), ('Marker_2022.275974', 2.64), ('Marker_2022.277516', 3.92), ('Marker_2022.275970', 4.08), ('Marker_2022.275972', 4.66), ('Marker_2022.275973', 4.94), ('Marker_2022.275971', 4.99)]",Marker_Tie_Break
68781515,3,15.54,15.58,0.040000000000000924,0.2574002574002634,17.67,,88.17204301075267,"[('Marker_2022.97097', 3.16), ('Marker_2022.116458', 5.7), ('Marker_2022.96551', 6.72)]",Marker_Direct_Unique
68737516,528,2.7,2.74,0.040000000000000036,1.4814814814814827,3.0,,91.33333333333334,"[('Marker_2022.228140', 0.78), ('Marker_2022.228141', 1.96)]",Marker_Direct_Unique
69033652,149,32.48,32.47,-0.00999999999999801,-0.03078817733989536,,40.44,80.2917903066271,"[('60-0', 1.59), ('101-0', 2.71), ('21-0', 4.34), ('77-0', 6.35), ('33-0', 6.77), ('4-0', 10.71)]",GKEA_Tie_Break
69212417,15,23.44,23.48,0.03999999999999915,0.17064846416381887,36.87,,63.68321128288582,"[('Marker_2022.32995', 23.48)]",Marker_Direct_Unique
69748058,1,9.1,8.98,-0.11999999999999922,-1.3186813186813102,9.3,,96.55913978494624,"[('Marker_2022.335236', 0.53), ('Marker_2022.298757', 2.54), ('Marker_2022.298754', 2.89), ('Marker_2022.298756', 3.02)]",Marker_Direct_Unique
70242117,11,11.93,12.02,0.08999999999999986,0.7544006705783727,17.57,,68.41206602162777,"[('Marker_2022.80375', 1.95), ('Marker_2022.79781', 3.44), ('Marker_2022.79782', 6.63)]",Marker_Direct_Unique
70242117,11,14.04,14.129999999999999,0.08999999999999986,0.6410256410256401,17.57,,80.42117245304496,"[('Marker_2022.80375', 1.95), ('Marker_2022.79783', 5.55), ('Marker_2022.79782', 6.63)]",Marker_Direct_Unique
70452359,11,14.87,14.86,-0.009999999999999787,-0.06724949562878135,,15.92,93.34170854271356,"[('6-3', 1.39), ('5-1', 1.92), ('2-3', 2.11), ('6-2', 4.71), ('2-2', 4.73)]",GKEA_Direct_Unique
70933217,250,10.66,10.66,0.0,0.0,11.17,,95.43419874664279,"[('Marker_2022.349080', 0.15), ('Marker_2022.558863', 0.83), ('Marker_2022.435464', 2.46), ('Marker_2022.412728', 3.32), ('Marker_2022.435465', 3.9)]",Marker_Tie_Break
71464415,11,6.88,6.88,0.0,0.0,13.25,,51.924528301886795,"[('Marker_2022.180327', 6.88)]",Marker_Direct_Unique
71474410,11,6.57,6.44,-0.1299999999999999,-1.9786910197869083,8.040000000000001,,80.09950248756218,"[('Marker_2022.436374', 6.44)]",Marker_Direct_Unique
71694119,11,30.53,30.47,-0.060000000000002274,-0.19652800524075426,41.16,,74.02818270165209,"[('Marker_2022.375386', 5.49), ('Marker_2022.268890', 9.86), ('Marker_2022.264366', 15.12)]",Marker_Direct_Unique
71865711,11,14.29,14.280000000000001,-0.00999999999999801,-0.06997900629809665,19.18,,74.45255474452556,"[('Marker_2022.296574', 5.89), ('Marker_2022.269244', 8.39)]",Marker_Direct_Unique
71945359,583,1.78,1.78,0.0,0.0,2.04,,87.25490196078431,"[('Marker_2022.146134', 0.71), ('Marker_2022.146133', 1.07)]",Marker_Direct_Unique
71988910,1,14.0,13.84,-0.16000000000000014,-1.142857142857144,18.9,,73.22751322751323,"[('Marker_2022.216494', 3.2), ('Marker_2022.267442', 5.24), ('Marker_2022.267441', 5.4)]",Marker_Direct_Unique
72342828,252,5.95,5.94,-0.009999999999999787,-0.1680672268907527,6.07,,97.85831960461286,"[('Marker_2022.259787', 0.46), ('Marker_2022.181991', 0.65), ('Marker_2022.204302', 0.86), ('Marker_2022.181994', 1.34), ('Marker_2022.181993', 2.63)]",Marker_Direct_Unique
72794117,1,36.13,36.15,0.01999999999999602,0.05535566011623587,37.22,,97.12520150456744,"[('Marker_2022.391513', 1.19), ('Marker_2022.549091', 1.28), ('Marker_2022.548617', 2.04), ('Marker_2022.549092', 2.27), ('Marker_2022.548618', 2.3), ('Marker_2022.391512', 3.74), ('Marker_2022.550906', 3.95), ('Marker_2022.416222', 4.66), ('Marker_2022.415694', 4.7), ('Marker_2022.415695', 10.02)]",Marker_Tie_Break
72868218,1,4.51,4.51,0.0,0.0,6.41,,70.3588143525741,"[('Marker_2022.148374', 4.51)]",Marker_Direct_Unique
72917251,106,13.0,13.16,0.16000000000000014,1.2307692307692317,14.65,,89.82935153583618,"[('Marker_2022.188610', 6.26), ('Marker_2022.188608', 6.9)]",Marker_Direct_Unique
73575168,1,34.07,33.839999999999996,-0.23000000000000398,-0.6750807161725976,,38.28,88.40125391849529,"[('13-0', 1.1), ('1-0', 4.52), ('2-0', 4.62), ('18-0', 4.99), ('4-0', 7.49), ('8-0', 11.12)]",GKEA_Tie_Break
73521157,1,5.14,5.22,0.08000000000000007,1.5564202334630364,14.5,,36.0,"[('Marker_2022.258934', 5.22)]",Marker_Tie_Break
73521157,11,11.34,11.34,0.0,0.0,16.25,,69.78461538461538,"[('Marker_2022.260376', 4.0), ('Marker_2022.260957', 7.34)]",Marker_Direct_Unique
73882168,583,11.0,10.950000000000001,-0.049999999999998934,-0.45454545454544487,14.49,,75.56935817805383,"[('Marker_2022.530741', 0.51), ('Marker_2022.533354', 1.73), ('Marker_2022.533353', 8.71)]",Marker_Tie_Break
73905915,1,13.52,13.54,0.019999999999999574,0.14792899408283708,16.35,,82.81345565749234,"[('Marker_2022.106888', 6.47), ('Marker_2022.108606', 7.07)]",Marker_Direct_Unique
73905915,1,15.93,15.95,0.019999999999999574,0.1255492780916483,16.35,,97.55351681957185,"[('Marker_2022.106889', 0.81), ('Marker_2022.109137', 1.6), ('Marker_2022.106888', 6.47), ('Marker_2022.108606', 7.07)]",Marker_Direct_Unique
74024416,1,11.3,11.33,0.02999999999999936,0.2654867256637111,22.27,,50.87561742254154,"[('Marker_2022.282848', 11.33)]",Marker_Direct_Unique
74024416,11,11.9,11.9,0.0,0.0,23.5,,50.63829787234043,"[('Marker_2022.282849', 11.9)]",Marker_Direct_Unique
74336817,11,11.55,11.58,0.02999999999999936,0.25974025974025416,21.330000000000002,,54.289732770745424,"[('Marker_2022.118578', 0.69), ('Marker_2022.52248', 1.27), ('Marker_2022.118577', 1.47), ('Marker_2022.98240', 8.15)]",Marker_Tie_Break
74336817,11,12.82,12.68,-0.14000000000000057,-1.0920436817472743,21.330000000000002,,59.446788560712605,"[('Marker_2022.118577', 1.47), ('Marker_2022.52246', 3.06), ('Marker_2022.98240', 8.15)]",Marker_Direct_Unique
74336817,11,19.59,19.37,-0.21999999999999886,-1.1230219499744711,21.330000000000002,,90.81106422878574,"[('Marker_2022.118577', 1.47), ('Marker_2022.52246', 3.06), ('Marker_2022.73640', 6.69), ('Marker_2022.98240', 8.15)]",Marker_Tie_Break
74336817,1,11.61,11.58,-0.02999999999999936,-0.25839793281653195,12.370000000000001,,93.61358124494744,"[('Marker_2022.98241', 3.47), ('Marker_2022.118575', 3.58), ('Marker_2022.73638', 4.53)]",Marker_Direct_Unique
74882455,1,14.41,14.409999999999998,-1.7763568394002505e-15,-1.2327250793894867e-14,15.04,,95.81117021276594,"[('Marker_2022.388536', 0.37), ('Marker_2022.388539', 5.27), ('Marker_2022.388538', 8.77)]",Marker_Tie_Break
74882455,160,9.83,9.83,0.0,0.0,10.16,,96.75196850393701,"[('Marker_2022.362823', 3.43), ('Marker_2022.388541', 6.4)]",Marker_Direct_Unique
75078013,260,22.61,22.55,-0.05999999999999872,-0.26536930561697797,,23.39,96.40872167592988,"[('20-2', 0.58), ('34-0', 1.7), ('5-4', 1.72), ('13-2', 1.83), ('17-0', 3.07), ('17-1', 3.49), ('32-0', 4.83), ('20-0', 5.33)]",GKEA_Tie_Break
75228414,583,3.75,3.69,-0.06000000000000005,-1.6000000000000014,3.87,,95.34883720930232,"[('Marker_2022.4045', 1.04), ('Marker_2022.4041', 2.65)]",Marker_Direct_Unique
75149751,108,131.17,131.12,-0.04999999999998295,-0.03811847221162076,147.77,,88.73248967990797,"[('Marker_2022.70329', 0.85), ('Marker_2022.70330', 1.32), ('Marker_2022.70327', 25.65), ('Marker_2022.70328', 31.91), ('Marker_2022.45531', 71.39)]",Marker_Tie_Break
75280955,1,75.13,74.14,-0.9899999999999949,-1.3177159590043857,77.06,,96.21074487412406,"[('Marker_2022.257648', 4.44), ('Marker_2022.317775', 5.07), ('Marker_2022.316916', 6.79), ('Marker_2022.475572', 10.28), ('Marker_2022.475574', 12.96), ('Marker_2022.475573', 13.39), ('Marker_2022.257646', 21.21)]",Marker_Direct_Unique
75304110,583,16.2,16.21,0.010000000000001563,0.061728395061738044,17.04,,95.12910798122066,"[('Marker_2022.31181', 0.14), ('Marker_2022.55323', 0.46), ('Marker_2022.55321', 1.04), ('Marker_2022.55032', 1.62), ('Marker_2022.55324', 1.76), ('Marker_2022.55320', 2.82), ('Marker_2022.55322', 3.61), ('Marker_2022.55326', 4.76)]",Marker_Tie_Break
75371551,160,7.28,7.279999999999999,-8.881784197001252e-16,-1.2200253017858862e-14,9.53,,76.3903462749213,"[('Marker_2022.180728', 3.55), ('Marker_2022.210257', 3.73)]",Marker_Direct_Unique
75995318,513,5.0,4.98,-0.019999999999999574,-0.39999999999999153,8.93,,55.76707726763719,"[('Marker_2022.196833', 2.25), ('Marker_2022.196830', 2.73)]",Marker_Direct_Unique
75995318,529,4.0,4.01,0.009999999999999787,0.24999999999999467,4.51,,88.91352549889136,"[('Marker_2022.196828', 0.15), ('Marker_2022.197787', 0.34), ('Marker_2022.197795', 0.55), ('Marker_2022.197794', 0.96), ('Marker_2022.197786', 2.01)]",Marker_Tie_Break
76198268,1,17.46,17.39,-0.07000000000000028,-0.4009163802978252,39.63,,43.88089830936159,"[('Marker_2022.243230', 17.39)]",Marker_Tie_Break
76271615,1,9.0,8.9,-0.09999999999999964,-1.1111111111111072,9.69,,91.84726522187823,"[('Marker_2022.371188', 1.52), ('Marker_2022.371186', 1.66), ('Marker_2022.371189', 1.75), ('Marker_2022.371187', 3.97)]",Marker_Direct_Unique
76416850,11,16.81,16.83,0.019999999999999574,0.11897679952409027,17.19,,97.90575916230365,"[('Marker_2022.185069', 0.5), ('Marker_2022.179776', 0.99), ('Marker_2022.211704', 1.16), ('Marker_2022.211705', 1.16), ('Marker_2022.211703', 1.2), ('Marker_2022.211698', 1.25), ('Marker_2022.211699', 1.74), ('Marker_2022.211701', 2.18), ('Marker_2022.211702', 3.04), ('Marker_2022.185068', 3.61)]",Marker_Tie_Break
76474451,11,3.92,3.92,0.0,0.0,4.27,,91.80327868852459,"[('Marker_2022.73237', 3.92)]",Marker_Direct_Unique
76842213,1,79.82,80.05,0.23000000000000398,0.2881483337509446,81.86,,97.7889078915221,"[('Marker_2022.39293', 1.2), ('Marker_2022.39533', 6.32), ('Marker_2022.39534', 8.57), ('Marker_2022.39292', 11.84), ('Marker_2022.39294', 52.12)]",Marker_Tie_Break
76860912,1,8.99,8.99,0.0,0.0,21.56,,41.69758812615956,"[('Marker_2022.147422', 3.81), ('Marker_2022.149502', 5.18)]",Marker_Tie_Break
77503811,11,71.26,70.95,-0.3100000000000023,-0.4350266629245049,,74.71,94.96720653192345,"[('34-0', 5.54), ('31-11', 6.68), ('30-0', 9.54), ('7-1', 11.48), ('7-0', 14.49), ('32-4', 23.22)]",GKEA_Direct_Unique
77891013,11,48.43,48.47,0.03999999999999915,0.0825934338220094,52.42,,92.46470812666921,"[('Marker_2022.15397', 5.32), ('Marker_2022.40414', 12.65), ('Marker_2022.87972', 12.7), ('Marker_2022.15396', 17.8)]",Marker_Direct_Unique
78073217,2,4.28,4.28,0.0,0.0,4.84,,88.42975206611571,"[('Marker_2022.169686', 4.28)]",Marker_Direct_Unique
78051418,11,14.79,14.79,0.0,0.0,45.71,,32.35615838984904,"[('Marker_2022.443912', 14.79)]",Marker_Tie_Break
78051418,11,31.82,31.82,0.0,0.0,45.71,,69.61277619776854,"[('Marker_2022.454482', 0.56), ('Marker_2022.454481', 4.62), ('Marker_2022.454483', 11.85), ('Marker_2022.443912', 14.79)]",Marker_Tie_Break
78109610,1,27.71,27.69,-0.019999999999999574,-0.0721761097076852,31.38,,88.24091778202677,"[('Marker_2022.271740', 0.65), ('Marker_2022.262440', 2.25), ('Marker_2022.377576', 2.84), ('Marker_2022.270289', 4.2), ('Marker_2022.377577', 5.73), ('Marker_2022.270288', 12.02)]",Marker_Tie_Break
78173718,1,4.73,4.73,0.0,0.0,23.87,,19.81566820276498,"[('Marker_2022.485640', 4.73)]",Marker_Tie_Break
78173718,1,21.52,21.73,0.21000000000000085,0.9758364312267698,23.87,,91.03477167993297,"[('Marker_2022.532545', 0.97), ('Marker_2022.532544', 1.96), ('Marker_2022.532541', 3.15), ('Marker_2022.485637', 3.35), ('Marker_2022.502426', 3.7), ('Marker_2022.554174', 3.87), ('Marker_2022.485640', 4.73)]",Marker_Tie_Break
78173718,15,4.79,4.79,0.0,0.0,6.32,,75.79113924050633,"[('Marker_2022.554175', 4.79)]",Marker_Direct_Unique
78173718,583,2.74,2.71,-0.03000000000000025,-1.0948905109489142,4.28,,63.31775700934579,"[('Marker_2022.532547', 0.6), ('Marker_2022.532546', 2.11)]",Marker_Direct_Unique
78183853,1,71.52,71.51,-0.009999999999990905,-0.013982102908264689,,83.06,86.09438959788105,"[('6-2', 0.8), ('30-0', 8.55), ('6-0', 9.68), ('14-0', 19.19), ('81-0', 33.29)]",GKEA_Tie_Break
78240016,515,11.4,11.370000000000001,-0.02999999999999936,-0.2631578947368365,14.77,,76.98036560595803,"[('Marker_2022.188294', 1.43), ('Marker_2022.229763', 1.68), ('Marker_2022.188291', 2.12), ('Marker_2022.188292', 2.92), ('Marker_2022.188293', 3.22)]",Marker_Tie_Break
78460415,583,12.0,12.0,0.0,0.0,17.669999999999998,,67.91171477079797,"[('Marker_2022.342180', 2.97), ('Marker_2022.342179', 4.14), ('Marker_2022.342175', 4.89)]",Marker_Direct_Unique
78908157,1,3.6,3.53,-0.07000000000000028,-1.9444444444444524,4.46,,79.14798206278026,"[('Marker_2022.269155', 3.53)]",Marker_Direct_Unique
78510358,11,10.8,10.8,0.0,0.0,11.780000000000001,,91.68081494057725,"[('Marker_2022.45061', 5.36), ('Marker_2022.45062', 5.44)]",Marker_Direct_Unique
78741619,1,122.24,122.5,0.2600000000000051,0.21269633507853825,125.31,,97.7575612481047,"[('Marker_2022.315635', 1.41), ('Marker_2022.433541', 1.94), ('Marker_2022.433538', 2.43), ('Marker_2022.370649', 3.5), ('Marker_2022.370648', 3.8), ('Marker_2022.315634', 4.32), ('Marker_2022.388218', 4.32), ('Marker_2022.433540', 5.27), ('Marker_2022.430336', 6.84), ('Marker_2022.381233', 8.0), ('Marker_2022.430339', 8.58), ('Marker_2022.431887', 8.62), ('Marker_2022.413560', 11.29), ('Marker_2022.431888', 11.29), ('Marker_2022.388215', 40.89)]",Marker_Tie_Break
79192716,1,11.84,11.84,0.0,0.0,26.009999999999998,,45.52095347943099,"[('Marker_2022.227780', 11.84)]",Marker_Direct_Unique
79192716,1,12.09,12.31,0.22000000000000064,1.819685690653438,26.009999999999998,,47.327950788158404,"[('Marker_2022.220209', 0.47), ('Marker_2022.227780', 11.84)]",Marker_Direct_Unique
79192716,15,5.53,5.53,0.0,0.0,14.780000000000001,,37.41542625169147,"[('Marker_2022.227777', 5.53)]",Marker_Direct_Unique
79410616,707,22.71,22.71,0.0,0.0,25.36,,89.55047318611989,"[('Marker_2022.383691', 2.53), ('Marker_2022.383693', 4.02), ('Marker_2022.405657', 16.16)]",Marker_Tie_Break
79545112,22,10.38,10.38,0.0,0.0,14.55,,71.34020618556701,"[('Marker_2022.389682', 10.38)]",Marker_Direct_Unique
79545112,11,17.47,17.62,0.15000000000000213,0.8586147681740248,30.44,,57.88436268068331,"[('Marker_2022.342899', 3.14), ('Marker_2022.360468', 5.45), ('Marker_2022.342900', 9.03)]",Marker_Direct_Unique
79971359,11,10.8,10.8,0.0,0.0,17.92,,60.26785714285714,"[('Marker_2022.304985', 10.8)]",Marker_Direct_Unique
80036957,22,12.53,12.53,0.0,0.0,16.4,,76.40243902439025,"[('Marker_2022.489542', 1.52), ('Marker_2022.420802', 2.34), ('Marker_2022.490236', 4.13), ('Marker_2022.420803', 4.54)]",Marker_Tie_Break
80350554,1,31.3,31.3,0.0,0.0,40.410000000000004,,77.45607522890373,"[('Marker_2022.515769', 0.99), ('Marker_2022.373955', 2.35), ('Marker_2022.373954', 3.63), ('Marker_2022.373956', 3.98), ('Marker_2022.515766', 4.77), ('Marker_2022.515770', 5.78), ('Marker_2022.515765', 9.8)]",Marker_Tie_Break
80350554,1,39.34,39.34,0.0,0.0,40.410000000000004,,97.35214055926751,"[('Marker_2022.515769', 0.99), ('Marker_2022.373955', 2.35), ('Marker_2022.441900', 3.38), ('Marker_2022.373954', 3.63), ('Marker_2022.373956', 3.98), ('Marker_2022.373953', 4.66), ('Marker_2022.515766', 4.77), ('Marker_2022.515770', 5.78), ('Marker_2022.515765', 9.8)]",Marker_Tie_Break
80482558,1,5.42,5.52,0.09999999999999964,1.8450184501844953,9.23,,59.80498374864571,"[('Marker_2022.229607', 5.52)]",Marker_Direct_Unique
80473613,1,8.83,8.790000000000001,-0.03999999999999915,-0.4530011325028216,12.68,,69.32176656151421,"[('Marker_2022.232491', 0.78), ('Marker_2022.232489', 1.27), ('Marker_2022.258489', 6.74)]",Marker_Tie_Break
80739354,11,17.01,17.01,0.0,0.0,20.71,,82.1342346692419,"[('Marker_2022.249015', 17.01)]",Marker_Tie_Break
81040818,1,22.65,22.65,0.0,0.0,26.29,,86.15443134271585,"[('Marker_2022.250541', 3.25), ('Marker_2022.250543', 3.36), ('Marker_2022.250542', 3.43), ('Marker_2022.250540', 3.5), ('Marker_2022.227697', 4.14), ('Marker_2022.250546', 4.97)]",Marker_Tie_Break
82472568,3,2.55,2.55,0.0,0.0,3.0100000000000002,,84.71760797342192,"[('Marker_2022.107073', 1.18), ('Marker_2022.107072', 1.37)]",Marker_Direct_Unique
82976515,583,11.0,11.0,0.0,0.0,19.5,,56.41025641025641,"[('Marker_2022.276227', 0.72), ('Marker_2022.259851', 0.73), ('Marker_2022.259849', 0.75), ('Marker_2022.259847', 8.8)]",Marker_Tie_Break
83257318,11,1.37,1.35,-0.020000000000000018,-1.4598540145985412,4.21,,32.066508313539195,"[('Marker_2022.226565', 1.35)]",Marker_Direct_Unique
83575859,1,3.94,3.94,0.0,0.0,4.75,,82.94736842105263,"[('Marker_2022.108394', 3.94)]",Marker_Direct_Unique
83658517,1,16.27,16.27,0.0,0.0,43.1,,37.74941995359629,"[('Marker_2022.248763', 16.27)]",Marker_Direct_Unique
84074519,1,6.27,6.27,0.0,0.0,13.149999999999999,,47.68060836501901,"[('Marker_2022.66751', 6.27)]",Marker_Direct_Unique
84012114,11,5.8,5.8,0.0,0.0,10.149999999999999,,57.14285714285715,"[('Marker_2022.160720', 5.8)]",Marker_Direct_Unique
84074519,2,6.38,6.38,0.0,0.0,7.93,,80.45397225725095,"[('Marker_2022.104615', 6.38)]",Marker_Direct_Unique
84204919,513,0.507,0.51,0.0030000000000000027,0.5917159763313614,1.07,,47.66355140186916,"[('Marker_2022.365625', 0.51)]",Marker_Direct_Unique
84505811,1,3.36,3.36,0.0,0.0,5.31,,63.2768361581921,"[('Marker_2022.208758', 0.86), ('Marker_2022.208759', 2.5)]",Marker_Direct_Unique
84505811,11,5.0,5.0,0.0,0.0,9.86,,50.709939148073026,"[('Marker_2022.208763', 5.0)]",Marker_Direct_Unique
84505811,16,5.08,5.08,0.0,0.0,10.15,,50.04926108374384,"[('Marker_2022.208765', 5.08)]",Marker_Tie_Break
84781916,325,2.88,2.88,0.0,0.0,3.25,,88.61538461538461,"[('Marker_2022.459427', 1.15), ('Marker_2022.459425', 1.73)]",Marker_Direct_Unique
85526510,1,48.22,48.03,-0.18999999999999773,-0.39402737453338393,49.7,,96.63983903420524,"[('Marker_2022.338332', 0.99), ('Marker_2022.321971', 1.77), ('Marker_2022.281807', 1.78), ('Marker_2022.337775', 1.87), ('Marker_2022.298684', 2.21), ('Marker_2022.298686', 2.94), ('Marker_2022.321969', 3.66), ('Marker_2022.321972', 3.92), ('Marker_2022.298683', 4.09), ('Marker_2022.299496', 4.21), ('Marker_2022.338329', 4.6), ('Marker_2022.281226', 4.7), ('Marker_2022.321973', 4.98), ('Marker_2022.321970', 6.31)]",Marker_Tie_Break
85826611,1,10.37,10.37,0.0,0.0,31.35,,33.07814992025518,"[('Marker_2022.123268', 10.37)]",Marker_Tie_Break
85826611,1,30.33,30.29,-0.03999999999999915,-0.13188262446422405,31.35,,96.6188197767145,"[('Marker_2022.123272', 0.74), ('Marker_2022.123271', 0.84), ('Marker_2022.123274', 1.59), ('Marker_2022.123273', 2.48), ('Marker_2022.131376', 2.7), ('Marker_2022.161522', 4.78), ('Marker_2022.161421', 6.79), ('Marker_2022.123268', 10.37)]",Marker_Tie_Break
85826611,15,14.09,14.09,0.0,0.0,33.55,,41.99701937406856,"[('Marker_2022.161524', 2.73), ('Marker_2022.161523', 4.45), ('Marker_2022.161520', 6.91)]",Marker_Tie_Break
85994816,11,5.69,5.69,0.0,0.0,13.43,,42.36783320923306,"[('Marker_2022.319408', 5.69)]",Marker_Direct_Unique
85994816,11,7.89,7.890000000000001,8.881784197001252e-16,1.1257014191383083e-14,13.43,,58.74906924795235,"[('Marker_2022.303172', 2.2), ('Marker_2022.319408', 5.69)]",Marker_Tie_Break
85994816,1,7.88,7.88,0.0,0.0,12.49,,63.090472377902316,"[('Marker_2022.319407', 7.88)]",Marker_Direct_Unique
85994816,1,10.98,10.98,0.0,0.0,12.49,,87.9103282626101,"[('Marker_2022.303173', 3.1), ('Marker_2022.319407', 7.88)]",Marker_Direct_Unique
86015951,11,33.1,33.1,0.0,0.0,37.22,,88.93068242880172,"[('Marker_2022.276538', 1.57), ('Marker_2022.282673', 2.11), ('Marker_2022.276539', 2.14), ('Marker_2022.282672', 2.67), ('Marker_2022.276537', 3.99), ('Marker_2022.282671', 6.79), ('Marker_2022.299118', 13.83)]",Marker_Tie_Break
86353717,22,12.62,12.62,0.0,0.0,14.479999999999999,,87.15469613259668,"[('Marker_2022.331883', 12.62)]",Marker_Direct_Unique
86572028,11,8.0,7.8500000000000005,-0.14999999999999947,-1.8749999999999933,10.82,,72.55083179297598,"[('Marker_2022.363733', 1.82), ('Marker_2022.363734', 1.83), ('Marker_2022.373140', 4.2)]",Marker_Direct_Unique
86616815,1,26.07,26.07,0.0,0.0,44.68,,58.34825425246195,"[('Marker_2022.399669', 2.28), ('Marker_2022.550591', 4.1), ('Marker_2022.399666', 7.21), ('Marker_2022.399668', 12.48)]",Marker_Tie_Break
86616815,1,33.72,33.72,0.0,0.0,44.68,,75.47000895255147,"[('Marker_2022.550591', 4.1), ('Marker_2022.550590', 7.88), ('Marker_2022.481903', 9.26), ('Marker_2022.399668', 12.48)]",Marker_Tie_Break
88151313,11,70.07,70.05,-0.01999999999999602,-0.02854288568573715,81.72999999999999,,85.70904196745381,"[('Marker_2022.281286', 2.09), ('Marker_2022.281285', 7.42), ('Marker_2022.274613', 8.08), ('Marker_2022.229485', 14.59), ('Marker_2022.281280', 37.87)]",Marker_Direct_Unique
88613953,1,7.8,7.8,0.0,0.0,9.89,,78.8675429726997,"[('Marker_2022.366447', 3.42), ('Marker_2022.371795', 4.38)]",Marker_Direct_Unique
89440858,1,6.1,6.1,0.0,0.0,14.86,,41.049798115746974,"[('Marker_2022.204153', 6.1)]",Marker_Direct_Unique
89440858,1,9.02,9.02,0.0,0.0,14.86,,60.69986541049798,"[('Marker_2022.201381', 2.92), ('Marker_2022.204153', 6.1)]",Marker_Direct_Unique
89071828,1,16.38,16.39,0.010000000000001563,0.0610500610500706,22.46,,72.97417631344612,"[('Marker_2022.373832', 0.35), ('Marker_2022.373830', 5.11), ('Marker_2022.373831', 5.43), ('Marker_2022.334580', 5.5)]",Marker_Tie_Break
89769310,1,3.0,3.0300000000000002,0.03000000000000025,1.0000000000000084,6.28,,48.2484076433121,"[('Marker_2022.137974', 1.36), ('Marker_2022.205817', 1.67)]",Marker_Tie_Break
91188058,151,11.92,11.92,0.0,0.0,13.47,,88.49294729027469,"[('Marker_2022.120750', 0.78), ('Marker_2022.120746', 3.34), ('Marker_2022.176113', 3.6), ('Marker_2022.172076', 4.2)]",Marker_Direct_Unique
92706559,1,145.34,145.07,-0.27000000000001023,-0.18577129489473662,148.99,,97.36895093630444,"[('Marker_2022.444446', 9.72), ('Marker_2022.444448', 10.21), ('Marker_2022.404103', 10.74), ('Marker_2022.404106', 14.29), ('Marker_2022.420440', 15.21), ('Marker_2022.420439', 15.59), ('Marker_2022.404104', 17.76), ('Marker_2022.492609', 21.48), ('Marker_2022.404105', 30.07)]",Marker_Direct_Unique
93035453,15,60.98,60.98,0.0,0.0,,74.94,81.37176407792902,"[('32-0', 2.58), ('79-0', 3.1), ('17-1', 5.63), ('27-0', 6.25), ('29-0', 8.78), ('1-0', 9.3), ('33-0', 11.3), ('10-0', 14.04)]",GKEA_Tie_Break
93660250,1,2.39,2.39,0.0,0.0,6.13,,38.988580750407834,"[('Marker_2022.501822', 2.39)]",Marker_Direct_Unique
93660250,11,3.53,3.51,-0.020000000000000018,-0.5665722379603405,4.92,,71.34146341463415,"[('Marker_2022.329974', 1.56), ('Marker_2022.501821', 1.95)]",Marker_Direct_Unique
95259359,1,62.12,62.120000000000005,7.105427357601002e-15,1.1438228199615265e-14,,68.94,90.1073397156948,"[('65', 0.98), ('64-2', 1.17), ('29-a', 2.7), ('38', 2.93), ('64-1', 3.45), ('6', 3.83), ('72', 4.9), ('27', 5.64), ('62', 6.04), ('22', 11.71), ('67', 18.77)]",GKEA_Tie_Break
96528159,583,23.0,22.78,-0.21999999999999886,-0.9565217391304299,25.37,,89.79109184075679,"[('Marker_2022.141582', 4.75), ('Marker_2022.141581', 6.59), ('Marker_2022.218712', 11.44)]",Marker_Direct_Unique
98622268,1,2.25,2.26,0.009999999999999787,0.444444444444435,2.9699999999999998,,76.0942760942761,"[('Marker_2022.8546', 2.26)]",Marker_Direct_Unique
99478357,15,7.0,7.0,0.0,0.0,11.32,,61.83745583038869,"[('Marker_2022.532586', 1.57), ('Marker_2022.549819', 5.43)]",Marker_Tie_Break
99933259,1,8.75,8.620000000000001,-0.129999999999999,-1.4857142857142744,10.18,,84.67583497053046,"[('Marker_2022.445947', 3.42), ('Marker_2022.484714', 5.2)]",Marker_Direct_Unique
